"","corona_lin"
"1",340.629553264605
"2",357.587301587302
"3",417.888701517707
"4",417.888701517707
"5",417.888701517707
"6",466.681732580038
"7",417.888701517707
"8",340.629553264605
"9",340.629553264605
"10",340.629553264605
"11",417.888701517707
"12",417.888701517707
"13",340.629553264605
"14",340.629553264605
"15",386.595943837754
"16",340.629553264605
"17",340.629553264605
"18",421.621437686091
"19",422.520034100597
"20",275.189339255969
"21",418.948436179205
"22",421.621437686091
"23",324.249918220478
"24",324.249918220478
"25",347.800701754386
"26",347.800701754386
"27",347.800701754386
"28",347.800701754386
"29",347.800701754386
"30",347.800701754386
"31",275.189339255969
"32",422.520034100597
"33",275.189339255969
"34",275.189339255969
"35",275.189339255969
"36",275.189339255969
"37",275.189339255969
"38",275.189339255969
"39",275.189339255969
"40",275.189339255969
"41",275.189339255969
"42",275.189339255969
"43",275.189339255969
"44",275.189339255969
"45",275.189339255969
"46",459.968445475638
"47",410.108398841539
"48",376.036418816388
"49",376.036418816388
"50",392.722662440571
"51",376.036418816388
"52",452.204379562044
"53",376.036418816388
"54",376.036418816388
"55",376.036418816388
"56",376.036418816388
"57",383.307037896365
"58",376.036418816388
"59",376.036418816388
"60",376.036418816388
"61",376.036418816388
"62",376.036418816388
"63",376.036418816388
"64",376.036418816388
"65",376.036418816388
"66",489.497283950617
"67",376.036418816388
"68",443.305903398927
"69",376.036418816388
"70",376.036418816388
"71",376.036418816388
"72",376.036418816388
"73",376.036418816388
"74",376.036418816388
"75",376.036418816388
"76",376.036418816388
"77",376.036418816388
"78",417.888701517707
"79",417.888701517707
"80",417.888701517707
"81",417.888701517707
"82",417.888701517707
"83",417.888701517707
"84",417.888701517707
"85",417.888701517707
"86",417.888701517707
"87",417.888701517707
"88",417.888701517707
"89",417.888701517707
"90",417.888701517707
"91",417.888701517707
"92",417.888701517707
"93",417.888701517707
"94",417.888701517707
"95",417.888701517707
"96",417.888701517707
"97",417.888701517707
"98",417.888701517707
"99",417.888701517707
"100",417.888701517707
"101",417.888701517707
"102",417.888701517707
"103",417.888701517707
"104",417.888701517707
"105",419.835662854723
"106",417.888701517707
"107",417.888701517707
"108",417.888701517707
"109",417.888701517707
"110",417.888701517707
"111",417.888701517707
"112",417.888701517707
"113",417.888701517707
"114",417.888701517707
"115",417.888701517707
"116",417.888701517707
"117",417.888701517707
"118",417.888701517707
"119",417.888701517707
"120",417.888701517707
"121",417.888701517707
"122",417.888701517707
"123",417.888701517707
"124",417.888701517707
"125",417.888701517707
"126",417.888701517707
"127",417.888701517707
"128",417.888701517707
"129",417.888701517707
"130",417.888701517707
"131",417.888701517707
"132",417.888701517707
"133",417.888701517707
"134",548.551189817377
"135",417.888701517707
"136",417.888701517707
"137",417.888701517707
"138",417.888701517707
"139",417.888701517707
"140",417.888701517707
"141",417.888701517707
"142",417.888701517707
"143",417.888701517707
"144",417.888701517707
"145",417.888701517707
"146",417.888701517707
"147",417.888701517707
"148",417.888701517707
"149",420.548154433602
"150",417.888701517707
"151",417.888701517707
"152",417.888701517707
"153",452.204379562044
"154",417.888701517707
"155",548.551189817377
"156",417.888701517707
"157",417.888701517707
"158",417.888701517707
"159",417.888701517707
"160",495.616
"161",417.888701517707
"162",417.888701517707
"163",417.888701517707
"164",548.551189817377
"165",495.616
"166",417.888701517707
"167",417.888701517707
"168",495.616
"169",421.621437686091
"170",417.888701517707
"171",417.888701517707
"172",548.551189817377
"173",417.888701517707
"174",417.888701517707
"175",548.551189817377
"176",417.888701517707
"177",483.056530214425
"178",417.888701517707
"179",483.056530214425
"180",483.056530214425
"181",548.551189817377
"182",417.888701517707
"183",495.616
"184",417.888701517707
"185",417.888701517707
"186",417.888701517707
"187",417.888701517707
"188",417.888701517707
"189",417.888701517707
"190",417.888701517707
"191",417.888701517707
"192",417.888701517707
"193",417.888701517707
"194",417.888701517707
"195",417.888701517707
"196",417.888701517707
"197",417.888701517707
"198",417.888701517707
"199",417.888701517707
"200",417.888701517707
"201",417.888701517707
"202",417.888701517707
"203",417.888701517707
"204",417.888701517707
"205",417.888701517707
"206",417.888701517707
"207",410.958540630182
"208",348.534458509142
"209",348.534458509142
"210",449.13094698686
"211",401.47104090725
"212",401.47104090725
"213",401.47104090725
"214",401.47104090725
"215",401.47104090725
"216",449.13094698686
"217",401.47104090725
"218",349.640917107584
"219",349.640917107584
"220",349.640917107584
"221",349.640917107584
"222",349.640917107584
"223",349.640917107584
"224",349.640917107584
"225",349.640917107584
"226",349.640917107584
"227",417.888701517707
"228",417.888701517707
"229",419.835662854723
"230",417.888701517707
"231",417.888701517707
"232",417.888701517707
"233",417.888701517707
"234",417.888701517707
"235",417.888701517707
"236",417.888701517707
"237",417.888701517707
"238",452.204379562044
"239",417.888701517707
"240",417.888701517707
"241",417.888701517707
"242",417.888701517707
"243",417.888701517707
"244",417.888701517707
"245",417.888701517707
"246",417.888701517707
"247",417.888701517707
"248",417.888701517707
"249",417.888701517707
"250",417.888701517707
"251",417.888701517707
"252",417.888701517707
"253",417.888701517707
"254",417.888701517707
"255",417.888701517707
"256",417.888701517707
"257",417.888701517707
"258",417.888701517707
"259",417.888701517707
"260",417.888701517707
"261",417.888701517707
"262",417.888701517707
"263",417.888701517707
"264",417.888701517707
"265",417.888701517707
"266",417.888701517707
"267",358.622286541245
"268",358.622286541245
"269",360.710334788937
"270",360.710334788937
"271",360.710334788937
"272",416.834314550042
"273",360.710334788937
"274",360.710334788937
"275",360.710334788937
"276",360.710334788937
"277",360.710334788937
"278",360.710334788937
"279",360.710334788937
"280",360.710334788937
"281",360.710334788937
"282",360.710334788937
"283",360.710334788937
"284",360.710334788937
"285",360.710334788937
"286",360.710334788937
"287",360.710334788937
"288",360.710334788937
"289",373.064358298833
"290",360.710334788937
"291",360.710334788937
"292",468.446124763705
"293",360.710334788937
"294",360.710334788937
"295",360.710334788937
"296",425.238953238953
"297",360.710334788937
"298",360.710334788937
"299",360.710334788937
"300",360.710334788937
"301",360.710334788937
"302",360.710334788937
"303",360.710334788937
"304",360.710334788937
"305",360.710334788937
"306",360.710334788937
"307",360.710334788937
"308",466.681732580038
"309",360.710334788937
"310",360.710334788937
"311",360.710334788937
"312",360.710334788937
"313",360.710334788937
"314",416.834314550042
"315",360.710334788937
"316",411.128992119453
"317",324.249918220478
"318",324.249918220478
"319",324.249918220478
"320",324.249918220478
"321",324.249918220478
"322",324.249918220478
"323",324.249918220478
"324",411.128992119453
"325",324.249918220478
"326",324.249918220478
"327",364.022034520749
"328",364.022034520749
"329",427.623813632442
"330",364.022034520749
"331",364.022034520749
"332",364.022034520749
"333",466.681732580038
"334",364.022034520749
"335",364.022034520749
"336",364.022034520749
"337",424.328767123288
"338",364.022034520749
"339",364.022034520749
"340",424.328767123288
"341",424.328767123288
"342",399.046698872786
"343",424.328767123288
"344",364.022034520749
"345",364.022034520749
"346",364.022034520749
"347",424.328767123288
"348",364.022034520749
"349",364.022034520749
"350",427.623813632442
"351",427.623813632442
"352",364.022034520749
"353",417.888701517707
"354",420.548154433602
"355",417.888701517707
"356",417.888701517707
"357",427.623813632442
"358",417.888701517707
"359",417.888701517707
"360",417.888701517707
"361",417.888701517707
"362",527.251063829787
"363",417.888701517707
"364",510.155429747813
"365",527.251063829787
"366",668.847503373819
"367",680.791208791209
"368",461.897483690587
"369",417.888701517707
"370",417.888701517707
"371",417.888701517707
"372",626.568900126422
"373",430.596003475239
"374",420.548154433602
"375",580.007021650088
"376",627.362025316456
"377",630.956078930617
"378",427.623813632442
"379",430.596003475239
"380",430.03557483731
"381",483.056530214425
"382",661.703604806409
"383",436.666079295154
"384",417.888701517707
"385",445.697841726619
"386",417.888701517707
"387",478.624818928054
"388",430.596003475239
"389",430.596003475239
"390",421.621437686091
"391",424.510492505353
"392",478.624818928054
"393",460.609665427509
"394",494.873689465801
"395",657.315649867374
"396",661.703604806409
"397",664.810194500335
"398",417.888701517707
"399",417.888701517707
"400",417.888701517707
"401",417.888701517707
"402",417.888701517707
"403",417.888701517707
"404",417.888701517707
"405",417.888701517707
"406",417.888701517707
"407",417.888701517707
"408",417.888701517707
"409",417.888701517707
"410",417.888701517707
"411",417.888701517707
"412",417.888701517707
"413",417.888701517707
"414",417.888701517707
"415",417.888701517707
"416",417.888701517707
"417",417.888701517707
"418",417.888701517707
"419",417.888701517707
"420",417.888701517707
"421",417.888701517707
"422",417.888701517707
"423",417.888701517707
"424",417.888701517707
"425",417.888701517707
"426",417.888701517707
"427",651.697567389875
"428",570.001150086256
"429",576.968568102445
"430",661.703604806409
"431",665.70315648086
"432",417.888701517707
"433",478.624818928054
"434",419.835662854723
"435",417.888701517707
"436",417.888701517707
"437",417.888701517707
"438",427.623813632442
"439",661.703604806409
"440",420.726655348048
"441",478.624818928054
"442",424.510492505353
"443",424.510492505353
"444",421.621437686091
"445",424.510492505353
"446",426.153052450559
"447",417.888701517707
"448",494.873689465801
"449",417.888701517707
"450",417.888701517707
"451",421.621437686091
"452",427.623813632442
"453",417.888701517707
"454",417.888701517707
"455",417.888701517707
"456",417.888701517707
"457",461.897483690587
"458",427.623813632442
"459",417.888701517707
"460",417.888701517707
"461",357.587301587302
"462",417.888701517707
"463",425.421459227468
"464",417.888701517707
"465",417.888701517707
"466",434.941641070645
"467",427.623813632442
"468",417.888701517707
"469",417.888701517707
"470",427.623813632442
"471",427.623813632442
"472",417.888701517707
"473",417.888701517707
"474",424.510492505353
"475",417.888701517707
"476",424.510492505353
"477",417.888701517707
"478",417.888701517707
"479",417.888701517707
"480",417.888701517707
"481",417.888701517707
"482",417.888701517707
"483",417.888701517707
"484",417.888701517707
"485",417.888701517707
"486",417.888701517707
"487",434.941641070645
"488",417.888701517707
"489",417.888701517707
"490",417.888701517707
"491",417.888701517707
"492",417.888701517707
"493",417.888701517707
"494",417.888701517707
"495",417.888701517707
"496",417.888701517707
"497",419.835662854723
"498",417.888701517707
"499",417.888701517707
"500",417.888701517707
"501",340.629553264605
"502",413.185493955815
"503",461.038139534884
"504",400.174404521599
"505",411.983374896093
"506",376.036418816388
"507",376.036418816388
"508",443.305903398927
"509",477.012512030799
"510",391.636507309364
"511",411.983374896093
"512",391.636507309364
"513",383.307037896365
"514",395.385719984045
"515",387.805946791862
"516",477.012512030799
"517",397.606097071801
"518",397.606097071801
"519",376.036418816388
"520",383.307037896365
"521",383.307037896365
"522",511.471620227038
"523",395.228070175439
"524",395.385719984045
"525",477.012512030799
"526",378.044241037376
"527",489.255676209279
"528",459.541956420955
"529",518.426778242678
"530",376.036418816388
"531",590.722288438617
"532",469.333333333333
"533",275.189339255969
"534",275.189339255969
"535",415.08877721943
"536",348.534458509142
"537",348.534458509142
"538",348.534458509142
"539",443.504250559284
"540",348.534458509142
"541",348.534458509142
"542",348.534458509142
"543",374.756899810964
"544",370.000746547219
"545",438.0167918692
"546",408.755463917526
"547",425.238953238953
"548",425.238953238953
"549",424.328767123288
"550",434.941641070645
"551",324.249918220478
"552",364.022034520749
"553",364.022034520749
"554",364.022034520749
"555",364.022034520749
"556",364.022034520749
"557",364.022034520749
"558",364.022034520749
"559",364.022034520749
"560",364.022034520749
"561",364.022034520749
"562",364.022034520749
"563",364.022034520749
"564",364.022034520749
"565",340.629553264605
"566",340.629553264605
"567",376.036418816388
"568",376.036418816388
"569",376.036418816388
"570",376.036418816388
"571",376.036418816388
"572",387.805946791862
"573",452.204379562044
"574",383.307037896365
"575",376.036418816388
"576",376.036418816388
"577",443.305903398927
"578",376.036418816388
"579",376.036418816388
"580",376.036418816388
"581",376.036418816388
"582",443.305903398927
"583",383.307037896365
"584",376.036418816388
"585",383.307037896365
"586",376.036418816388
"587",376.036418816388
"588",376.036418816388
"589",376.036418816388
"590",376.036418816388
"591",376.036418816388
"592",376.036418816388
"593",376.036418816388
"594",376.036418816388
"595",452.204379562044
"596",376.036418816388
"597",376.036418816388
"598",376.036418816388
"599",376.036418816388
"600",376.036418816388
"601",376.036418816388
"602",383.307037896365
"603",452.204379562044
"604",376.036418816388
"605",376.036418816388
"606",376.036418816388
"607",376.036418816388
"608",376.036418816388
"609",376.036418816388
"610",376.036418816388
"611",376.036418816388
"612",376.036418816388
"613",376.036418816388
"614",376.036418816388
"615",376.036418816388
"616",376.036418816388
"617",376.036418816388
"618",376.036418816388
"619",376.036418816388
"620",376.036418816388
"621",452.204379562044
"622",443.305903398927
"623",376.036418816388
"624",376.036418816388
"625",452.204379562044
"626",383.307037896365
"627",376.036418816388
"628",376.036418816388
"629",376.036418816388
"630",376.036418816388
"631",376.036418816388
"632",376.036418816388
"633",452.204379562044
"634",376.036418816388
"635",376.036418816388
"636",376.036418816388
"637",443.305903398927
"638",376.036418816388
"639",383.307037896365
"640",376.036418816388
"641",376.036418816388
"642",387.805946791862
"643",376.036418816388
"644",376.036418816388
"645",452.204379562044
"646",376.036418816388
"647",376.036418816388
"648",387.502736512901
"649",376.036418816388
"650",376.036418816388
"651",452.204379562044
"652",376.036418816388
"653",443.305903398927
"654",376.036418816388
"655",376.036418816388
"656",376.036418816388
"657",383.307037896365
"658",376.036418816388
"659",376.036418816388
"660",376.036418816388
"661",376.036418816388
"662",376.036418816388
"663",376.036418816388
"664",383.307037896365
"665",376.036418816388
"666",376.036418816388
"667",376.036418816388
"668",376.036418816388
"669",376.036418816388
"670",376.036418816388
"671",376.036418816388
"672",376.036418816388
"673",383.307037896365
"674",376.036418816388
"675",376.036418816388
"676",376.036418816388
"677",376.036418816388
"678",376.036418816388
"679",376.036418816388
"680",376.036418816388
"681",376.036418816388
"682",376.036418816388
"683",376.036418816388
"684",376.036418816388
"685",376.036418816388
"686",376.036418816388
"687",376.036418816388
"688",376.036418816388
"689",376.036418816388
"690",376.036418816388
"691",376.036418816388
"692",376.036418816388
"693",275.189339255969
"694",275.189339255969
"695",275.189339255969
"696",275.189339255969
"697",275.189339255969
"698",327.247276328821
"699",275.189339255969
"700",417.888701517707
"701",417.888701517707
"702",417.888701517707
"703",417.888701517707
"704",483.056530214425
"705",483.056530214425
"706",434.941641070645
"707",483.056530214425
"708",483.056530214425
"709",417.888701517707
"710",483.056530214425
"711",423.603418803419
"712",417.888701517707
"713",417.888701517707
"714",417.888701517707
"715",417.888701517707
"716",483.056530214425
"717",417.888701517707
"718",417.888701517707
"719",417.888701517707
"720",417.888701517707
"721",495.616
"722",417.888701517707
"723",548.551189817377
"724",417.888701517707
"725",417.888701517707
"726",417.888701517707
"727",417.888701517707
"728",417.888701517707
"729",417.888701517707
"730",417.888701517707
"731",417.888701517707
"732",483.056530214425
"733",417.888701517707
"734",495.616
"735",417.888701517707
"736",417.888701517707
"737",417.888701517707
"738",417.888701517707
"739",495.616
"740",483.056530214425
"741",495.616
"742",417.888701517707
"743",417.888701517707
"744",495.616
"745",417.888701517707
"746",431.909368191721
"747",417.888701517707
"748",495.616
"749",417.888701517707
"750",417.888701517707
"751",417.888701517707
"752",417.888701517707
"753",495.616
"754",417.888701517707
"755",417.888701517707
"756",417.888701517707
"757",417.888701517707
"758",417.888701517707
"759",431.909368191721
"760",483.056530214425
"761",483.056530214425
"762",483.056530214425
"763",431.909368191721
"764",417.888701517707
"765",417.888701517707
"766",417.888701517707
"767",495.616
"768",417.888701517707
"769",483.056530214425
"770",417.888701517707
"771",417.888701517707
"772",417.888701517707
"773",417.888701517707
"774",483.056530214425
"775",483.056530214425
"776",417.888701517707
"777",417.888701517707
"778",417.888701517707
"779",423.603418803419
"780",495.616
"781",483.056530214425
"782",495.616
"783",401.47104090725
"784",449.13094698686
"785",401.47104090725
"786",449.13094698686
"787",449.13094698686
"788",401.47104090725
"789",401.47104090725
"790",401.47104090725
"791",449.13094698686
"792",401.47104090725
"793",401.47104090725
"794",401.47104090725
"795",449.13094698686
"796",401.47104090725
"797",401.47104090725
"798",449.13094698686
"799",449.13094698686
"800",401.47104090725
"801",449.13094698686
"802",449.13094698686
"803",449.13094698686
"804",415.08877721943
"805",449.13094698686
"806",401.47104090725
"807",449.13094698686
"808",449.13094698686
"809",401.47104090725
"810",449.13094698686
"811",401.47104090725
"812",449.13094698686
"813",449.13094698686
"814",401.47104090725
"815",401.47104090725
"816",401.47104090725
"817",401.47104090725
"818",449.13094698686
"819",401.47104090725
"820",401.47104090725
"821",401.47104090725
"822",449.13094698686
"823",449.13094698686
"824",401.47104090725
"825",401.47104090725
"826",449.13094698686
"827",449.13094698686
"828",449.13094698686
"829",401.47104090725
"830",401.47104090725
"831",401.47104090725
"832",449.13094698686
"833",449.13094698686
"834",401.47104090725
"835",449.13094698686
"836",401.47104090725
"837",401.47104090725
"838",449.13094698686
"839",401.47104090725
"840",401.47104090725
"841",401.47104090725
"842",449.13094698686
"843",449.13094698686
"844",401.47104090725
"845",449.13094698686
"846",449.13094698686
"847",401.47104090725
"848",401.47104090725
"849",483.056530214425
"850",401.47104090725
"851",401.47104090725
"852",449.13094698686
"853",449.13094698686
"854",449.13094698686
"855",401.47104090725
"856",401.47104090725
"857",401.47104090725
"858",401.47104090725
"859",449.13094698686
"860",401.47104090725
"861",401.47104090725
"862",401.47104090725
"863",401.47104090725
"864",449.13094698686
"865",401.47104090725
"866",449.13094698686
"867",449.13094698686
"868",449.13094698686
"869",401.47104090725
"870",401.47104090725
"871",401.47104090725
"872",401.47104090725
"873",401.47104090725
"874",401.47104090725
"875",449.13094698686
"876",416.834314550042
"877",461.252675663099
"878",449.13094698686
"879",449.13094698686
"880",401.47104090725
"881",449.13094698686
"882",449.13094698686
"883",401.47104090725
"884",401.47104090725
"885",449.13094698686
"886",401.47104090725
"887",449.13094698686
"888",401.47104090725
"889",449.13094698686
"890",449.13094698686
"891",401.47104090725
"892",401.47104090725
"893",449.13094698686
"894",449.13094698686
"895",401.47104090725
"896",401.47104090725
"897",401.47104090725
"898",449.13094698686
"899",449.13094698686
"900",449.13094698686
"901",449.13094698686
"902",401.47104090725
"903",449.13094698686
"904",401.47104090725
"905",401.47104090725
"906",401.47104090725
"907",401.47104090725
"908",449.13094698686
"909",401.47104090725
"910",449.13094698686
"911",401.47104090725
"912",401.47104090725
"913",449.13094698686
"914",401.47104090725
"915",401.47104090725
"916",401.47104090725
"917",401.47104090725
"918",401.47104090725
"919",401.47104090725
"920",449.13094698686
"921",401.47104090725
"922",401.47104090725
"923",449.13094698686
"924",401.47104090725
"925",401.47104090725
"926",401.47104090725
"927",449.13094698686
"928",401.47104090725
"929",401.47104090725
"930",401.47104090725
"931",401.47104090725
"932",401.47104090725
"933",449.13094698686
"934",401.47104090725
"935",449.13094698686
"936",449.13094698686
"937",449.13094698686
"938",449.13094698686
"939",401.47104090725
"940",449.13094698686
"941",449.13094698686
"942",401.47104090725
"943",449.13094698686
"944",449.13094698686
"945",401.47104090725
"946",401.47104090725
"947",401.47104090725
"948",401.47104090725
"949",401.47104090725
"950",401.47104090725
"951",401.47104090725
"952",449.13094698686
"953",401.47104090725
"954",449.13094698686
"955",401.47104090725
"956",401.47104090725
"957",449.13094698686
"958",449.13094698686
"959",401.47104090725
"960",449.13094698686
"961",401.47104090725
"962",449.13094698686
"963",401.47104090725
"964",449.13094698686
"965",449.13094698686
"966",401.47104090725
"967",449.13094698686
"968",401.47104090725
"969",449.13094698686
"970",401.47104090725
"971",401.47104090725
"972",401.47104090725
"973",401.47104090725
"974",449.13094698686
"975",401.47104090725
"976",401.47104090725
"977",401.47104090725
"978",401.47104090725
"979",401.47104090725
"980",449.13094698686
"981",449.13094698686
"982",401.47104090725
"983",401.47104090725
"984",401.47104090725
"985",449.13094698686
"986",401.47104090725
"987",416.834314550042
"988",401.47104090725
"989",449.13094698686
"990",449.13094698686
"991",401.47104090725
"992",401.47104090725
"993",401.47104090725
"994",401.47104090725
"995",449.13094698686
"996",401.47104090725
"997",401.47104090725
"998",401.47104090725
"999",449.13094698686
"1000",449.13094698686
"1001",449.13094698686
"1002",401.47104090725
"1003",401.47104090725
"1004",401.47104090725
"1005",449.13094698686
"1006",401.47104090725
"1007",449.13094698686
"1008",401.47104090725
"1009",449.13094698686
"1010",449.13094698686
"1011",449.13094698686
"1012",401.47104090725
"1013",401.47104090725
"1014",401.47104090725
"1015",449.13094698686
"1016",401.47104090725
"1017",401.47104090725
"1018",401.47104090725
"1019",449.13094698686
"1020",401.47104090725
"1021",401.47104090725
"1022",449.13094698686
"1023",401.47104090725
"1024",449.13094698686
"1025",401.47104090725
"1026",449.13094698686
"1027",401.47104090725
"1028",416.834314550042
"1029",401.47104090725
"1030",449.13094698686
"1031",410.108398841539
"1032",401.47104090725
"1033",401.47104090725
"1034",449.13094698686
"1035",401.47104090725
"1036",401.47104090725
"1037",449.13094698686
"1038",449.13094698686
"1039",401.47104090725
"1040",401.47104090725
"1041",401.47104090725
"1042",401.47104090725
"1043",401.47104090725
"1044",401.47104090725
"1045",401.47104090725
"1046",449.13094698686
"1047",401.47104090725
"1048",449.13094698686
"1049",401.47104090725
"1050",401.47104090725
"1051",401.47104090725
"1052",401.47104090725
"1053",449.13094698686
"1054",449.13094698686
"1055",401.47104090725
"1056",401.47104090725
"1057",401.47104090725
"1058",401.47104090725
"1059",449.13094698686
"1060",449.13094698686
"1061",449.13094698686
"1062",401.47104090725
"1063",449.13094698686
"1064",401.47104090725
"1065",401.47104090725
"1066",449.13094698686
"1067",449.13094698686
"1068",401.47104090725
"1069",449.13094698686
"1070",416.834314550042
"1071",449.13094698686
"1072",449.13094698686
"1073",401.47104090725
"1074",401.47104090725
"1075",401.47104090725
"1076",449.13094698686
"1077",358.622286541245
"1078",358.622286541245
"1079",358.622286541245
"1080",358.622286541245
"1081",358.622286541245
"1082",358.622286541245
"1083",358.622286541245
"1084",358.622286541245
"1085",358.622286541245
"1086",358.622286541245
"1087",358.622286541245
"1088",358.622286541245
"1089",358.622286541245
"1090",358.622286541245
"1091",358.622286541245
"1092",358.622286541245
"1093",358.622286541245
"1094",358.622286541245
"1095",358.622286541245
"1096",358.622286541245
"1097",358.622286541245
"1098",358.622286541245
"1099",358.622286541245
"1100",358.622286541245
"1101",358.622286541245
"1102",358.622286541245
"1103",358.622286541245
"1104",358.622286541245
"1105",358.622286541245
"1106",358.622286541245
"1107",358.622286541245
"1108",358.622286541245
"1109",358.622286541245
"1110",358.622286541245
"1111",358.622286541245
"1112",358.622286541245
"1113",358.622286541245
"1114",358.622286541245
"1115",408.755463917526
"1116",408.755463917526
"1117",408.755463917526
"1118",408.755463917526
"1119",408.755463917526
"1120",408.755463917526
"1121",408.755463917526
"1122",408.755463917526
"1123",408.755463917526
"1124",408.755463917526
"1125",408.755463917526
"1126",408.755463917526
"1127",408.755463917526
"1128",408.755463917526
"1129",408.755463917526
"1130",408.755463917526
"1131",408.755463917526
"1132",408.755463917526
"1133",408.755463917526
"1134",408.755463917526
"1135",408.755463917526
"1136",408.755463917526
"1137",408.755463917526
"1138",408.755463917526
"1139",408.755463917526
"1140",408.755463917526
"1141",408.755463917526
"1142",408.755463917526
"1143",408.755463917526
"1144",408.755463917526
"1145",408.755463917526
"1146",408.755463917526
"1147",408.755463917526
"1148",408.755463917526
"1149",408.755463917526
"1150",408.755463917526
"1151",408.755463917526
"1152",408.755463917526
"1153",408.755463917526
"1154",408.755463917526
"1155",408.755463917526
"1156",408.755463917526
"1157",408.755463917526
"1158",408.755463917526
"1159",408.755463917526
"1160",408.755463917526
"1161",408.755463917526
"1162",408.755463917526
"1163",408.755463917526
"1164",408.755463917526
"1165",408.755463917526
"1166",408.755463917526
"1167",408.755463917526
"1168",408.755463917526
"1169",408.755463917526
"1170",408.755463917526
"1171",408.755463917526
"1172",408.755463917526
"1173",408.755463917526
"1174",408.755463917526
"1175",408.755463917526
"1176",408.755463917526
"1177",408.755463917526
"1178",408.755463917526
"1179",408.755463917526
"1180",408.755463917526
"1181",408.755463917526
"1182",408.755463917526
"1183",408.755463917526
"1184",408.755463917526
"1185",408.755463917526
"1186",418.771440642163
"1187",408.755463917526
"1188",408.755463917526
"1189",408.755463917526
"1190",408.755463917526
"1191",408.755463917526
"1192",408.755463917526
"1193",408.755463917526
"1194",408.755463917526
"1195",408.755463917526
"1196",408.755463917526
"1197",408.755463917526
"1198",408.755463917526
"1199",408.755463917526
"1200",408.755463917526
"1201",408.755463917526
"1202",408.755463917526
"1203",408.755463917526
"1204",418.771440642163
"1205",408.755463917526
"1206",408.755463917526
"1207",408.755463917526
"1208",408.755463917526
"1209",408.755463917526
"1210",408.755463917526
"1211",408.755463917526
"1212",408.755463917526
"1213",408.755463917526
"1214",408.755463917526
"1215",408.755463917526
"1216",408.755463917526
"1217",408.755463917526
"1218",408.755463917526
"1219",408.755463917526
"1220",408.755463917526
"1221",408.755463917526
"1222",408.755463917526
"1223",408.755463917526
"1224",408.755463917526
"1225",408.755463917526
"1226",408.755463917526
"1227",408.755463917526
"1228",408.755463917526
"1229",408.755463917526
"1230",408.755463917526
"1231",408.755463917526
"1232",408.755463917526
"1233",408.755463917526
"1234",408.755463917526
"1235",408.755463917526
"1236",408.755463917526
"1237",408.755463917526
"1238",408.755463917526
"1239",408.755463917526
"1240",408.755463917526
"1241",408.755463917526
"1242",408.755463917526
"1243",408.755463917526
"1244",408.755463917526
"1245",408.755463917526
"1246",408.755463917526
"1247",408.755463917526
"1248",408.755463917526
"1249",408.755463917526
"1250",408.755463917526
"1251",408.755463917526
"1252",408.755463917526
"1253",408.755463917526
"1254",408.755463917526
"1255",408.755463917526
"1256",408.755463917526
"1257",408.755463917526
"1258",408.755463917526
"1259",408.755463917526
"1260",408.755463917526
"1261",408.755463917526
"1262",408.755463917526
"1263",408.755463917526
"1264",408.755463917526
"1265",408.755463917526
"1266",408.755463917526
"1267",408.755463917526
"1268",408.755463917526
"1269",408.755463917526
"1270",408.755463917526
"1271",408.755463917526
"1272",408.755463917526
"1273",408.755463917526
"1274",408.755463917526
"1275",408.755463917526
"1276",408.755463917526
"1277",408.755463917526
"1278",408.755463917526
"1279",408.755463917526
"1280",408.755463917526
"1281",408.755463917526
"1282",408.755463917526
"1283",408.755463917526
"1284",408.755463917526
"1285",408.755463917526
"1286",408.755463917526
"1287",408.755463917526
"1288",408.755463917526
"1289",408.755463917526
"1290",408.755463917526
"1291",408.755463917526
"1292",408.755463917526
"1293",408.755463917526
"1294",408.755463917526
"1295",408.755463917526
"1296",408.755463917526
"1297",408.755463917526
"1298",408.755463917526
"1299",408.755463917526
"1300",408.755463917526
"1301",408.755463917526
"1302",408.755463917526
"1303",408.755463917526
"1304",408.755463917526
"1305",408.755463917526
"1306",408.755463917526
"1307",408.755463917526
"1308",408.755463917526
"1309",408.755463917526
"1310",408.755463917526
"1311",408.755463917526
"1312",408.755463917526
"1313",408.755463917526
"1314",408.755463917526
"1315",408.755463917526
"1316",408.755463917526
"1317",408.755463917526
"1318",408.755463917526
"1319",408.755463917526
"1320",408.755463917526
"1321",408.755463917526
"1322",408.755463917526
"1323",408.755463917526
"1324",408.755463917526
"1325",408.755463917526
"1326",408.755463917526
"1327",408.755463917526
"1328",408.755463917526
"1329",408.755463917526
"1330",408.755463917526
"1331",408.755463917526
"1332",408.755463917526
"1333",408.755463917526
"1334",408.755463917526
"1335",408.755463917526
"1336",360.710334788937
"1337",360.710334788937
"1338",360.710334788937
"1339",360.710334788937
"1340",360.710334788937
"1341",360.710334788937
"1342",360.710334788937
"1343",360.710334788937
"1344",360.710334788937
"1345",360.710334788937
"1346",360.710334788937
"1347",360.710334788937
"1348",360.710334788937
"1349",360.710334788937
"1350",360.710334788937
"1351",360.710334788937
"1352",360.710334788937
"1353",360.710334788937
"1354",360.710334788937
"1355",360.710334788937
"1356",357.587301587302
"1357",357.587301587302
"1358",357.587301587302
"1359",357.587301587302
"1360",357.587301587302
"1361",357.587301587302
"1362",357.587301587302
"1363",357.587301587302
"1364",357.587301587302
"1365",357.587301587302
"1366",357.587301587302
"1367",357.587301587302
"1368",357.587301587302
"1369",357.587301587302
"1370",357.587301587302
"1371",357.587301587302
"1372",357.587301587302
"1373",357.587301587302
"1374",357.587301587302
"1375",357.587301587302
"1376",357.587301587302
"1377",357.587301587302
"1378",357.587301587302
"1379",417.888701517707
"1380",417.888701517707
"1381",417.888701517707
"1382",417.888701517707
"1383",417.888701517707
"1384",417.888701517707
"1385",417.888701517707
"1386",417.888701517707
"1387",417.888701517707
"1388",417.888701517707
"1389",417.888701517707
"1390",417.888701517707
"1391",275.189339255969
"1392",324.249918220478
"1393",324.249918220478
"1394",324.249918220478
"1395",324.249918220478
"1396",449.232721504645
"1397",479.203287406333
"1398",594.085705723704
"1399",484.828564441184
"1400",341.981024667932
"1401",421.173571276822
"1402",461.78989051945
"1403",512.927296248383
"1404",463.084326092035
"1405",561.445482866044
"1406",465.039643443584
"1407",481.063819461296
"1408",490.830403565239
"1409",575.795527156549
