"","corona_eig"
"1",0.681229211535306
"2",0.345753691561108
"3",0.231997690022049
"4",0.231997690022049
"5",0.231997690022049
"6",-0.5991183348948
"7",0.231997690022049
"8",0.681229211535306
"9",0.681229211535306
"10",0.681229211535306
"11",0.231997690022049
"12",0.231997690022049
"13",0.681229211535306
"14",0.681229211535306
"15",0.0396297955002916
"16",0.681229211535306
"17",0.681229211535306
"18",-0.281507087643879
"19",-0.60253876324462
"20",0.165463546733331
"21",-0.170468589907941
"22",-0.281507087643879
"23",0.486495222334072
"24",0.486495222334072
"25",1.10601954545506
"26",1.10601954545506
"27",1.10601954545506
"28",1.10601954545506
"29",1.10601954545506
"30",1.10601954545506
"31",0.165463546733331
"32",-0.60253876324462
"33",0.165463546733331
"34",0.165463546733331
"35",0.165463546733331
"36",0.165463546733331
"37",0.165463546733331
"38",0.165463546733331
"39",0.165463546733331
"40",0.165463546733331
"41",0.165463546733331
"42",0.165463546733331
"43",0.165463546733331
"44",0.165463546733331
"45",0.165463546733331
"46",-0.540717556001139
"47",0.116246256241046
"48",0.358400583964987
"49",0.358400583964987
"50",0.338291042409275
"51",0.358400583964987
"52",-0.409601726012964
"53",0.358400583964987
"54",0.358400583964987
"55",0.358400583964987
"56",0.358400583964987
"57",0.164238458890502
"58",0.358400583964986
"59",0.358400583964984
"60",0.358400583964986
"61",0.358400583964988
"62",0.358400583964986
"63",0.358400583964986
"64",0.358400583964986
"65",0.358400583964988
"66",-0.863546183571287
"67",0.358400583964986
"68",-0.298563228277027
"69",0.358400583964986
"70",0.358400583964988
"71",0.358400583964986
"72",0.358400583964988
"73",0.358400583964984
"74",0.358400583964987
"75",0.358400583964988
"76",0.358400583964987
"77",0.358400583964988
"78",0.231997690022049
"79",0.231997690022049
"80",0.231997690022049
"81",0.231997690022049
"82",0.231997690022049
"83",0.231997690022049
"84",0.231997690022049
"85",0.231997690022049
"86",0.231997690022049
"87",0.231997690022049
"88",0.231997690022049
"89",0.231997690022049
"90",0.231997690022049
"91",0.231997690022049
"92",0.231997690022049
"93",0.231997690022049
"94",0.231997690022049
"95",0.231997690022049
"96",0.231997690022049
"97",0.231997690022049
"98",0.231997690022049
"99",0.231997690022049
"100",0.231997690022049
"101",0.231997690022049
"102",0.231997690022049
"103",0.231997690022049
"104",0.231997690022049
"105",0.260133151939747
"106",0.231997690022049
"107",0.231997690022049
"108",0.231997690022049
"109",0.231997690022049
"110",0.231997690022049
"111",0.231997690022049
"112",0.231997690022049
"113",0.231997690022049
"114",0.231997690022049
"115",0.231997690022049
"116",0.231997690022049
"117",0.231997690022049
"118",0.231997690022049
"119",0.231997690022049
"120",0.231997690022049
"121",0.231997690022049
"122",0.231997690022049
"123",0.231997690022049
"124",0.231997690022049
"125",0.231997690022049
"126",0.231997690022049
"127",0.231997690022049
"128",0.231997690022049
"129",0.231997690022049
"130",0.231997690022049
"131",0.231997690022049
"132",0.231997690022049
"133",0.231997690022049
"134",-0.989949077514225
"135",0.231997690022049
"136",0.231997690022049
"137",0.231997690022049
"138",0.231997690022049
"139",0.231997690022049
"140",0.231997690022049
"141",0.231997690022049
"142",0.231997690022049
"143",0.231997690022049
"144",0.231997690022049
"145",0.231997690022049
"146",0.231997690022049
"147",0.231997690022049
"148",0.231997690022049
"149",0.796056362286095
"150",0.231997690022049
"151",0.231997690022049
"152",0.231997690022049
"153",-0.409601726012965
"154",0.231997690022049
"155",-0.989949077514225
"156",0.231997690022049
"157",0.231997690022049
"158",0.231997690022049
"159",0.231997690022049
"160",-0.424966122219964
"161",0.231997690022049
"162",0.231997690022049
"163",0.231997690022049
"164",-0.989949077514225
"165",-0.424966122219964
"166",0.231997690022049
"167",0.231997690022049
"168",-0.424966122219964
"169",-0.281507087643879
"170",0.231997690022049
"171",0.231997690022049
"172",-0.989949077514225
"173",0.231997690022049
"174",0.231997690022049
"175",-0.989949077514225
"176",0.231997690022049
"177",-0.332985265272212
"178",0.231997690022049
"179",-0.332985265272212
"180",-0.332985265272212
"181",-0.989949077514225
"182",0.231997690022049
"183",-0.424966122219964
"184",0.231997690022049
"185",0.231997690022049
"186",0.231997690022049
"187",0.231997690022049
"188",0.231997690022049
"189",0.231997690022049
"190",0.231997690022049
"191",0.231997690022049
"192",0.231997690022049
"193",0.231997690022049
"194",0.231997690022049
"195",0.231997690022049
"196",0.231997690022049
"197",0.231997690022049
"198",0.231997690022049
"199",0.231997690022049
"200",0.231997690022049
"201",0.231997690022049
"202",0.231997690022049
"203",0.231997690022049
"204",0.231997690022049
"205",0.231997690022049
"206",0.231997690022049
"207",0.371171649675685
"208",1.0281354619177
"209",1.0281354619177
"210",-0.221946767536274
"211",0.435017044705739
"212",0.435017044705739
"213",0.435017044705739
"214",0.435017044705739
"215",0.435017044705739
"216",-0.221946767536274
"217",0.435017044705739
"218",1.56405867226405
"219",1.56405867226405
"220",1.56405867226405
"221",1.56405867226405
"222",1.56405867226405
"223",1.56405867226405
"224",1.56405867226405
"225",1.56405867226405
"226",1.56405867226405
"227",0.231997690022049
"228",0.231997690022049
"229",0.260133151939747
"230",0.231997690022049
"231",0.231997690022049
"232",0.231997690022049
"233",0.231997690022049
"234",0.231997690022049
"235",0.231997690022049
"236",0.231997690022049
"237",0.231997690022049
"238",-0.409601726012964
"239",0.231997690022049
"240",0.231997690022049
"241",0.231997690022049
"242",0.231997690022049
"243",0.231997690022049
"244",0.231997690022049
"245",0.231997690022049
"246",0.231997690022049
"247",0.231997690022049
"248",0.231997690022049
"249",0.231997690022049
"250",0.231997690022049
"251",0.231997690022049
"252",0.231997690022049
"253",0.231997690022049
"254",0.231997690022049
"255",0.231997690022049
"256",0.231997690022049
"257",0.231997690022049
"258",0.231997690022049
"259",0.231997690022049
"260",0.231997690022049
"261",0.231997690022049
"262",0.231997690022049
"263",0.231997690022049
"264",0.231997690022049
"265",0.231997690022049
"266",0.231997690022049
"267",0.805837874925514
"268",0.805837874925514
"269",0.622828432641475
"270",0.622828432641475
"271",0.622828432641475
"272",0.057845477347171
"273",0.622828432641475
"274",0.622828432641475
"275",0.622828432641475
"276",0.622828432641475
"277",0.622828432641475
"278",0.622828432641475
"279",0.622828432641475
"280",0.622828432641475
"281",0.622828432641475
"282",0.622828432641475
"283",0.622828432641475
"284",0.622828432641475
"285",0.622828432641475
"286",0.622828432641475
"287",0.622828432641475
"288",0.622828432641475
"289",-0.0314178757974171
"290",0.622828432641475
"291",0.622828432641475
"292",-0.786773293371487
"293",0.622828432641475
"294",0.622828432641475
"295",0.622828432641475
"296",-0.0341353796005383
"297",0.622828432641475
"298",0.622828432641475
"299",0.622828432641475
"300",0.622828432641475
"301",0.622828432641475
"302",0.622828432641475
"303",0.622828432641475
"304",0.622828432641475
"305",0.622828432641475
"306",0.622828432641475
"307",0.622828432641475
"308",-0.5991183348948
"309",0.622828432641475
"310",0.622828432641475
"311",0.622828432641475
"312",0.622828432641475
"313",0.622828432641475
"314",0.0578454773472142
"315",0.622828432641475
"316",-0.0784877329601893
"317",0.486495222334072
"318",0.486495222334072
"319",0.486495222334072
"320",0.486495222334072
"321",0.486495222334072
"322",0.486495222334072
"323",0.486495222334072
"324",-0.0784877329601895
"325",0.486495222334072
"326",0.486495222334072
"327",0.873870912989224
"328",0.873870912989224
"329",0.105868603011273
"330",0.873870912989224
"331",0.873870912989224
"332",0.873870912989224
"333",-0.348075854547051
"334",0.873870912989224
"335",0.873870912989224
"336",0.873870912989224
"337",0.216907100747211
"338",0.873870912989224
"339",0.873870912989224
"340",0.216907100747211
"341",0.216907100747211
"342",0.0381093718797241
"343",0.216907100747211
"344",0.873870912989224
"345",0.873870912989224
"346",0.873870912989224
"347",0.216907100747211
"348",0.873870912989224
"349",0.873870912989224
"350",0.105868603011273
"351",0.105868603011273
"352",0.873870912989224
"353",0.231997690022049
"354",0.796056362286095
"355",0.231997690022049
"356",0.231997690022049
"357",0.105868603011273
"358",0.231997690022049
"359",0.231997690022049
"360",0.231997690022049
"361",0.231997690022049
"362",-0.974584681307212
"363",0.231997690022049
"364",-0.653276477357475
"365",-0.974584681307225
"366",-1.63079759335622
"367",-2.28504390179512
"368",-0.60376385108745
"369",0.231997690022049
"370",0.231997690022049
"371",0.231997690022049
"372",-1.23351648444198
"373",-0.212902185453421
"374",0.796056362286095
"375",-1.60976376877029
"376",-2.00872006090775
"377",-1.98058459899007
"378",0.105868603011273
"379",-0.212902185453421
"380",0.669927275275319
"381",-0.332985265272212
"382",-1.76495260072898
"383",-0.867148493892313
"384",0.231997690022049
"385",-2.21518972482491
"386",0.231997690022049
"387",-0.980935418445974
"388",-0.212902185453421
"389",-0.212902185453421
"390",-0.281507087643879
"391",-0.600277876108573
"392",-0.980935418445973
"393",-0.535730813023737
"394",-0.45911435228299
"395",-2.32901127299303
"396",-1.76495260072898
"397",-1.65893305527391
"398",0.231997690022049
"399",0.231997690022049
"400",0.231997690022049
"401",0.231997690022049
"402",0.231997690022049
"403",0.231997690022049
"404",0.231997690022049
"405",0.231997690022049
"406",0.231997690022049
"407",0.231997690022049
"408",0.231997690022049
"409",0.231997690022049
"410",0.231997690022049
"411",0.231997690022049
"412",0.231997690022049
"413",0.231997690022049
"414",0.231997690022049
"415",0.231997690022049
"416",0.231997690022049
"417",0.231997690022049
"418",0.231997690022049
"419",0.231997690022049
"420",0.231997690022049
"421",0.231997690022049
"422",0.231997690022049
"423",0.231997690022049
"424",0.231997690022049
"425",0.231997690022049
"426",0.231997690022049
"427",-1.53280396826314
"428",-1.77032447296389
"429",-1.63789923068798
"430",-1.76495260072898
"431",-1.73681713881128
"432",0.231997690022049
"433",-0.980935418445976
"434",0.260133151939747
"435",0.231997690022049
"436",0.231997690022049
"437",0.231997690022049
"438",0.105868603011273
"439",-1.76495260072898
"440",-0.0867730984426447
"441",-0.980935418445973
"442",-0.600277876108573
"443",-0.600277876108573
"444",-0.281507087643879
"445",-0.600277876108573
"446",-1.11604354091055
"447",0.231997690022049
"448",-0.459114352282989
"449",0.231997690022049
"450",0.231997690022049
"451",-0.281507087643879
"452",0.105868603011273
"453",0.231997690022049
"454",0.231997690022049
"455",0.231997690022049
"456",0.231997690022049
"457",-0.60376385108745
"458",0.105868603011273
"459",0.231997690022049
"460",0.231997690022049
"461",0.345753691561108
"462",0.231997690022049
"463",-0.921309551709314
"464",0.231997690022049
"465",0.231997690022049
"466",-0.145173877336476
"467",0.105868603011273
"468",0.231997690022049
"469",0.231997690022049
"470",0.105868603011273
"471",0.105868603011273
"472",0.231997690022049
"473",0.231997690022049
"474",-0.600277876108573
"475",0.231997690022049
"476",-0.600277876108573
"477",0.231997690022049
"478",0.231997690022049
"479",0.231997690022049
"480",0.231997690022049
"481",0.231997690022049
"482",0.231997690022049
"483",0.231997690022049
"484",0.231997690022049
"485",0.231997690022049
"486",0.231997690022049
"487",-0.145173877336476
"488",0.231997690022049
"489",0.231997690022049
"490",0.231997690022049
"491",0.231997690022049
"492",0.231997690022049
"493",0.231997690022049
"494",0.231997690022049
"495",0.231997690022049
"496",0.231997690022049
"497",0.260133151939747
"498",0.231997690022049
"499",0.231997690022049
"500",0.231997690022049
"501",0.681229211535306
"502",-0.233042650023743
"503",-0.671896518307227
"504",0.144128917334784
"505",-0.339062195478803
"506",0.358400583964986
"507",0.358400583964988
"508",-0.298563228277026
"509",-0.904045150773117
"510",0.232271496954215
"511",-0.339062195478803
"512",0.232271496954207
"513",0.164238458890502
"514",-0.212933108468024
"515",-0.0187709833935372
"516",-0.904045150773065
"517",0.351125563796023
"518",0.351125563796023
"519",0.358400583964989
"520",0.1642384588905
"521",0.1642384588905
"522",-0.425616598318018
"523",-0.49000784954839
"524",-0.212933108468024
"525",-0.904045150773065
"526",0.922459256229035
"527",-0.431967335456765
"528",-0.777916063762287
"529",-1.4348798760043
"530",0.358400583964989
"531",-1.19996964543472
"532",-0.618854440362288
"533",0.165463546733331
"534",0.165463546733331
"535",0.240854919631253
"536",1.0281354619177
"537",1.0281354619177
"538",1.0281354619177
"539",-0.132129004693616
"540",1.0281354619177
"541",1.0281354619177
"542",1.0281354619177
"543",0.679708787914738
"544",0.428666307566988
"545",0.0227449756727243
"546",0.343036187757987
"547",-0.0341353796005383
"548",-0.0341353796005383
"549",0.216907100747211
"550",-0.145173877336476
"551",0.486495222334072
"552",0.873870912989224
"553",0.873870912989224
"554",0.873870912989224
"555",0.873870912989224
"556",0.873870912989224
"557",0.873870912989224
"558",0.873870912989224
"559",0.873870912989224
"560",0.873870912989224
"561",0.873870912989224
"562",0.873870912989224
"563",0.873870912989224
"564",0.873870912989224
"565",0.681229211535306
"566",0.681229211535306
"567",0.358400583964988
"568",0.358400583964988
"569",0.358400583964987
"570",0.358400583964987
"571",0.358400583964987
"572",-0.0187709833935377
"573",-0.409601726012964
"574",0.164238458890501
"575",0.358400583964989
"576",0.358400583964988
"577",-0.298563228277026
"578",0.358400583964984
"579",0.358400583964988
"580",0.358400583964985
"581",0.358400583964985
"582",-0.298563228277026
"583",0.164238458890499
"584",0.358400583964988
"585",0.164238458890502
"586",0.358400583964985
"587",0.358400583964987
"588",0.358400583964988
"589",0.358400583964988
"590",0.358400583964985
"591",0.358400583964987
"592",0.358400583964988
"593",0.358400583964987
"594",0.358400583964985
"595",-0.409601726012964
"596",0.358400583964985
"597",0.358400583964986
"598",0.358400583964987
"599",0.358400583964987
"600",0.358400583964988
"601",0.358400583964988
"602",0.164238458890502
"603",-0.409601726012965
"604",0.358400583964986
"605",0.358400583964986
"606",0.358400583964987
"607",0.358400583964986
"608",0.358400583964986
"609",0.358400583964987
"610",0.358400583964986
"611",0.358400583964986
"612",0.358400583964987
"613",0.358400583964987
"614",0.358400583964987
"615",0.358400583964987
"616",0.358400583964987
"617",0.358400583964987
"618",0.358400583964987
"619",0.358400583964986
"620",0.358400583964986
"621",-0.409601726012964
"622",-0.298563228277026
"623",0.358400583964986
"624",0.358400583964987
"625",-0.409601726012964
"626",0.1642384588905
"627",0.358400583964986
"628",0.358400583964986
"629",0.358400583964988
"630",0.358400583964987
"631",0.358400583964987
"632",0.358400583964986
"633",-0.409601726012965
"634",0.358400583964987
"635",0.358400583964988
"636",0.358400583964987
"637",-0.298563228277026
"638",0.358400583964986
"639",0.164238458890501
"640",0.358400583964986
"641",0.358400583964988
"642",-0.0187709833935376
"643",0.358400583964986
"644",0.358400583964987
"645",-0.409601726012964
"646",0.358400583964987
"647",0.358400583964987
"648",-0.295845724473904
"649",0.358400583964986
"650",0.358400583964987
"651",-0.409601726012964
"652",0.358400583964987
"653",-0.298563228277026
"654",0.358400583964986
"655",0.358400583964987
"656",0.358400583964986
"657",0.164238458890501
"658",0.358400583964987
"659",0.358400583964987
"660",0.358400583964987
"661",0.358400583964987
"662",0.358400583964986
"663",0.358400583964986
"664",0.164238458890501
"665",0.358400583964986
"666",0.358400583964987
"667",0.358400583964986
"668",0.358400583964986
"669",0.358400583964986
"670",0.358400583964987
"671",0.358400583964987
"672",0.358400583964986
"673",0.164238458890499
"674",0.358400583964986
"675",0.358400583964986
"676",0.358400583964986
"677",0.358400583964986
"678",0.358400583964986
"679",0.358400583964987
"680",0.358400583964987
"681",0.358400583964986
"682",0.358400583964986
"683",0.358400583964986
"684",0.358400583964986
"685",0.358400583964987
"686",0.358400583964986
"687",0.358400583964986
"688",0.358400583964986
"689",0.358400583964986
"690",0.358400583964986
"691",0.358400583964987
"692",0.358400583964986
"693",0.165463546733331
"694",0.165463546733331
"695",0.165463546733331
"696",0.165463546733331
"697",0.165463546733331
"698",-0.348041230932597
"699",0.165463546733331
"700",0.231997690022049
"701",0.231997690022049
"702",0.231997690022049
"703",0.231997690022049
"704",-0.332985265272212
"705",-0.332985265272212
"706",-0.145173877336476
"707",-0.332985265272212
"708",-0.332985265272212
"709",0.231997690022049
"710",-0.332985265272212
"711",-0.422248618416843
"712",0.231997690022049
"713",0.231997690022049
"714",0.231997690022049
"715",0.231997690022049
"716",-0.332985265272212
"717",0.231997690022049
"718",0.231997690022049
"719",0.231997690022049
"720",0.231997690022049
"721",-0.424966122219964
"722",0.231997690022049
"723",-0.989949077514225
"724",0.231997690022049
"725",0.231997690022049
"726",0.231997690022049
"727",0.231997690022049
"728",0.231997690022049
"729",0.231997690022049
"730",0.231997690022049
"731",0.231997690022049
"732",-0.332985265272212
"733",0.231997690022049
"734",-0.424966122219964
"735",0.231997690022049
"736",0.231997690022049
"737",0.231997690022049
"738",0.231997690022049
"739",-0.424966122219964
"740",-0.332985265272212
"741",-0.424966122219964
"742",0.231997690022049
"743",0.231997690022049
"744",-0.424966122219964
"745",0.231997690022049
"746",0.0378355649475629
"747",0.231997690022049
"748",-0.424966122219964
"749",0.231997690022049
"750",0.231997690022049
"751",0.231997690022049
"752",0.231997690022049
"753",-0.424966122219964
"754",0.231997690022049
"755",0.231997690022049
"756",0.231997690022049
"757",0.231997690022049
"758",0.231997690022049
"759",0.0378355649475629
"760",-0.332985265272212
"761",-0.332985265272212
"762",-0.332985265272212
"763",0.0378355649475629
"764",0.231997690022049
"765",0.231997690022049
"766",0.231997690022049
"767",-0.424966122219964
"768",0.231997690022049
"769",-0.332985265272212
"770",0.231997690022049
"771",0.231997690022049
"772",0.231997690022049
"773",0.231997690022049
"774",-0.332985265272212
"775",-0.332985265272212
"776",0.231997690022049
"777",0.231997690022049
"778",0.231997690022049
"779",-0.422248618416843
"780",-0.424966122219964
"781",-0.332985265272212
"782",-0.424966122219964
"783",0.435017044705739
"784",-0.221946767536274
"785",0.435017044705739
"786",-0.221946767536274
"787",-0.221946767536274
"788",0.435017044705739
"789",0.435017044705739
"790",0.435017044705739
"791",-0.221946767536274
"792",0.435017044705739
"793",0.435017044705739
"794",0.435017044705739
"795",-0.221946767536274
"796",0.435017044705739
"797",0.435017044705739
"798",-0.221946767536274
"799",-0.221946767536274
"800",0.435017044705739
"801",-0.221946767536274
"802",-0.221946767536274
"803",-0.221946767536274
"804",0.240854919631253
"805",-0.221946767536274
"806",0.435017044705739
"807",-0.221946767536274
"808",-0.221946767536274
"809",0.435017044705739
"810",-0.221946767536274
"811",0.435017044705739
"812",-0.221946767536274
"813",-0.221946767536274
"814",0.435017044705739
"815",0.435017044705739
"816",0.435017044705739
"817",0.435017044705739
"818",-0.221946767536274
"819",0.435017044705739
"820",0.435017044705739
"821",0.435017044705739
"822",-0.221946767536274
"823",-0.221946767536274
"824",0.435017044705739
"825",0.435017044705739
"826",-0.221946767536274
"827",-0.221946767536274
"828",-0.221946767536274
"829",0.435017044705739
"830",0.435017044705739
"831",0.435017044705739
"832",-0.221946767536274
"833",-0.221946767536274
"834",0.435017044705739
"835",-0.221946767536274
"836",0.435017044705739
"837",0.435017044705739
"838",-0.221946767536274
"839",0.435017044705739
"840",0.435017044705739
"841",0.435017044705739
"842",-0.221946767536274
"843",-0.221946767536274
"844",0.435017044705739
"845",-0.221946767536274
"846",-0.221946767536274
"847",0.435017044705739
"848",0.435017044705739
"849",-0.332985265272212
"850",0.435017044705739
"851",0.435017044705739
"852",-0.221946767536274
"853",-0.221946767536274
"854",-0.221946767536274
"855",0.435017044705739
"856",0.435017044705739
"857",0.435017044705739
"858",0.435017044705739
"859",-0.221946767536274
"860",0.435017044705739
"861",0.435017044705739
"862",0.435017044705739
"863",0.435017044705739
"864",-0.221946767536274
"865",0.435017044705739
"866",-0.221946767536274
"867",-0.221946767536274
"868",-0.221946767536274
"869",0.435017044705739
"870",0.435017044705739
"871",0.435017044705739
"872",0.435017044705739
"873",0.435017044705739
"874",0.435017044705739
"875",-0.221946767536274
"876",0.0578454773472166
"877",-0.876193075975166
"878",-0.221946767536274
"879",-0.221946767536274
"880",0.435017044705739
"881",-0.221946767536274
"882",-0.221946767536274
"883",0.435017044705739
"884",0.435017044705739
"885",-0.221946767536274
"886",0.435017044705739
"887",-0.221946767536274
"888",0.435017044705739
"889",-0.221946767536274
"890",-0.221946767536274
"891",0.435017044705739
"892",0.435017044705739
"893",-0.221946767536274
"894",-0.221946767536274
"895",0.435017044705739
"896",0.435017044705739
"897",0.435017044705739
"898",-0.221946767536274
"899",-0.221946767536274
"900",-0.221946767536274
"901",-0.221946767536274
"902",0.435017044705739
"903",-0.221946767536274
"904",0.435017044705739
"905",0.435017044705739
"906",0.435017044705739
"907",0.435017044705739
"908",-0.221946767536274
"909",0.435017044705739
"910",-0.221946767536274
"911",0.435017044705739
"912",0.435017044705739
"913",-0.221946767536274
"914",0.435017044705739
"915",0.435017044705739
"916",0.435017044705739
"917",0.435017044705739
"918",0.435017044705739
"919",0.435017044705739
"920",-0.221946767536274
"921",0.435017044705739
"922",0.435017044705739
"923",-0.221946767536274
"924",0.435017044705739
"925",0.435017044705739
"926",0.435017044705739
"927",-0.221946767536274
"928",0.435017044705739
"929",0.435017044705739
"930",0.435017044705739
"931",0.435017044705739
"932",0.435017044705739
"933",-0.221946767536274
"934",0.435017044705739
"935",-0.221946767536274
"936",-0.221946767536274
"937",-0.221946767536274
"938",-0.221946767536274
"939",0.435017044705739
"940",-0.221946767536274
"941",-0.221946767536274
"942",0.435017044705739
"943",-0.221946767536274
"944",-0.221946767536274
"945",0.435017044705739
"946",0.435017044705739
"947",0.435017044705739
"948",0.435017044705739
"949",0.435017044705739
"950",0.435017044705739
"951",0.435017044705739
"952",-0.221946767536274
"953",0.435017044705739
"954",-0.221946767536274
"955",0.435017044705739
"956",0.435017044705739
"957",-0.221946767536274
"958",-0.221946767536274
"959",0.435017044705739
"960",-0.221946767536274
"961",0.435017044705739
"962",-0.221946767536274
"963",0.435017044705739
"964",-0.221946767536274
"965",-0.221946767536274
"966",0.435017044705739
"967",-0.221946767536274
"968",0.435017044705739
"969",-0.221946767536274
"970",0.435017044705739
"971",0.435017044705739
"972",0.435017044705739
"973",0.435017044705739
"974",-0.221946767536274
"975",0.435017044705739
"976",0.435017044705739
"977",0.435017044705739
"978",0.435017044705739
"979",0.435017044705739
"980",-0.221946767536274
"981",-0.221946767536274
"982",0.435017044705739
"983",0.435017044705739
"984",0.435017044705739
"985",-0.221946767536274
"986",0.435017044705739
"987",0.0578454773472161
"988",0.435017044705739
"989",-0.221946767536274
"990",-0.221946767536274
"991",0.435017044705739
"992",0.435017044705739
"993",0.435017044705739
"994",0.435017044705739
"995",-0.221946767536274
"996",0.435017044705739
"997",0.435017044705739
"998",0.435017044705739
"999",-0.221946767536274
"1000",-0.221946767536274
"1001",-0.221946767536274
"1002",0.435017044705739
"1003",0.435017044705739
"1004",0.435017044705739
"1005",-0.221946767536274
"1006",0.435017044705739
"1007",-0.221946767536274
"1008",0.435017044705739
"1009",-0.221946767536274
"1010",-0.221946767536274
"1011",-0.221946767536274
"1012",0.435017044705739
"1013",0.435017044705739
"1014",0.435017044705739
"1015",-0.221946767536274
"1016",0.435017044705739
"1017",0.435017044705739
"1018",0.435017044705739
"1019",-0.221946767536274
"1020",0.435017044705739
"1021",0.435017044705739
"1022",-0.221946767536274
"1023",0.435017044705739
"1024",-0.221946767536274
"1025",0.435017044705739
"1026",-0.221946767536274
"1027",0.435017044705739
"1028",0.0578454773472157
"1029",0.435017044705739
"1030",-0.221946767536274
"1031",0.116246256241045
"1032",0.435017044705739
"1033",0.435017044705739
"1034",-0.221946767536274
"1035",0.435017044705739
"1036",0.435017044705739
"1037",-0.221946767536274
"1038",-0.221946767536274
"1039",0.435017044705739
"1040",0.435017044705739
"1041",0.435017044705739
"1042",0.435017044705739
"1043",0.435017044705739
"1044",0.435017044705739
"1045",0.435017044705739
"1046",-0.221946767536274
"1047",0.435017044705739
"1048",-0.221946767536274
"1049",0.435017044705739
"1050",0.435017044705739
"1051",0.435017044705739
"1052",0.435017044705739
"1053",-0.221946767536274
"1054",-0.221946767536274
"1055",0.435017044705739
"1056",0.435017044705739
"1057",0.435017044705739
"1058",0.435017044705739
"1059",-0.221946767536274
"1060",-0.221946767536274
"1061",-0.221946767536274
"1062",0.435017044705739
"1063",-0.221946767536274
"1064",0.435017044705739
"1065",0.435017044705739
"1066",-0.221946767536274
"1067",-0.221946767536274
"1068",0.435017044705739
"1069",-0.221946767536274
"1070",0.0578454773472162
"1071",-0.221946767536274
"1072",-0.221946767536274
"1073",0.435017044705739
"1074",0.435017044705739
"1075",0.435017044705739
"1076",-0.221946767536274
"1077",0.805837874925514
"1078",0.805837874925514
"1079",0.805837874925514
"1080",0.805837874925514
"1081",0.805837874925514
"1082",0.805837874925514
"1083",0.805837874925514
"1084",0.805837874925514
"1085",0.805837874925514
"1086",0.805837874925514
"1087",0.805837874925514
"1088",0.805837874925514
"1089",0.805837874925514
"1090",0.805837874925514
"1091",0.805837874925514
"1092",0.805837874925514
"1093",0.805837874925514
"1094",0.805837874925514
"1095",0.805837874925514
"1096",0.805837874925514
"1097",0.805837874925514
"1098",0.805837874925514
"1099",0.805837874925514
"1100",0.805837874925514
"1101",0.805837874925514
"1102",0.805837874925514
"1103",0.805837874925514
"1104",0.805837874925514
"1105",0.805837874925514
"1106",0.805837874925514
"1107",0.805837874925514
"1108",0.805837874925514
"1109",0.805837874925514
"1110",0.805837874925514
"1111",0.805837874925514
"1112",0.805837874925514
"1113",0.805837874925514
"1114",0.805837874925514
"1115",0.343036187757987
"1116",0.343036187757987
"1117",0.343036187757987
"1118",0.343036187757987
"1119",0.343036187757987
"1120",0.343036187757987
"1121",0.343036187757987
"1122",0.343036187757987
"1123",0.343036187757987
"1124",0.343036187757987
"1125",0.343036187757987
"1126",0.343036187757987
"1127",0.343036187757987
"1128",0.343036187757987
"1129",0.343036187757987
"1130",0.343036187757987
"1131",0.343036187757987
"1132",0.343036187757987
"1133",0.343036187757987
"1134",0.343036187757987
"1135",0.343036187757987
"1136",0.343036187757987
"1137",0.343036187757987
"1138",0.343036187757987
"1139",0.343036187757987
"1140",0.343036187757987
"1141",0.343036187757987
"1142",0.343036187757987
"1143",0.343036187757987
"1144",0.343036187757987
"1145",0.343036187757987
"1146",0.343036187757987
"1147",0.343036187757987
"1148",0.343036187757987
"1149",0.343036187757987
"1150",0.343036187757987
"1151",0.343036187757987
"1152",0.343036187757987
"1153",0.343036187757987
"1154",0.343036187757987
"1155",0.343036187757987
"1156",0.343036187757987
"1157",0.343036187757987
"1158",0.343036187757987
"1159",0.343036187757987
"1160",0.343036187757987
"1161",0.343036187757987
"1162",0.343036187757987
"1163",0.343036187757987
"1164",0.343036187757987
"1165",0.343036187757987
"1166",0.343036187757987
"1167",0.343036187757987
"1168",0.343036187757987
"1169",0.343036187757987
"1170",0.343036187757987
"1171",0.343036187757987
"1172",0.343036187757987
"1173",0.343036187757987
"1174",0.343036187757987
"1175",0.343036187757987
"1176",0.343036187757987
"1177",0.343036187757987
"1178",0.343036187757987
"1179",0.343036187757987
"1180",0.343036187757987
"1181",0.343036187757987
"1182",0.343036187757987
"1183",0.343036187757987
"1184",0.343036187757987
"1185",0.343036187757987
"1186",-0.311210120680905
"1187",0.343036187757987
"1188",0.343036187757987
"1189",0.343036187757987
"1190",0.343036187757987
"1191",0.343036187757987
"1192",0.343036187757987
"1193",0.343036187757987
"1194",0.343036187757987
"1195",0.343036187757987
"1196",0.343036187757987
"1197",0.343036187757987
"1198",0.343036187757987
"1199",0.343036187757987
"1200",0.343036187757987
"1201",0.343036187757987
"1202",0.343036187757987
"1203",0.343036187757987
"1204",-0.311210120680905
"1205",0.343036187757987
"1206",0.343036187757987
"1207",0.343036187757987
"1208",0.343036187757987
"1209",0.343036187757987
"1210",0.343036187757987
"1211",0.343036187757987
"1212",0.343036187757987
"1213",0.343036187757987
"1214",0.343036187757987
"1215",0.343036187757987
"1216",0.343036187757987
"1217",0.343036187757987
"1218",0.343036187757987
"1219",0.343036187757987
"1220",0.343036187757987
"1221",0.343036187757987
"1222",0.343036187757987
"1223",0.343036187757987
"1224",0.343036187757987
"1225",0.343036187757987
"1226",0.343036187757987
"1227",0.343036187757987
"1228",0.343036187757987
"1229",0.343036187757987
"1230",0.343036187757987
"1231",0.343036187757987
"1232",0.343036187757987
"1233",0.343036187757987
"1234",0.343036187757987
"1235",0.343036187757987
"1236",0.343036187757987
"1237",0.343036187757987
"1238",0.343036187757987
"1239",0.343036187757987
"1240",0.343036187757987
"1241",0.343036187757987
"1242",0.343036187757987
"1243",0.343036187757987
"1244",0.343036187757987
"1245",0.343036187757987
"1246",0.343036187757987
"1247",0.343036187757987
"1248",0.343036187757987
"1249",0.343036187757987
"1250",0.343036187757987
"1251",0.343036187757987
"1252",0.343036187757987
"1253",0.343036187757987
"1254",0.343036187757987
"1255",0.343036187757987
"1256",0.343036187757987
"1257",0.343036187757987
"1258",0.343036187757987
"1259",0.343036187757987
"1260",0.343036187757987
"1261",0.343036187757987
"1262",0.343036187757987
"1263",0.343036187757987
"1264",0.343036187757987
"1265",0.343036187757987
"1266",0.343036187757987
"1267",0.343036187757987
"1268",0.343036187757987
"1269",0.343036187757987
"1270",0.343036187757987
"1271",0.343036187757987
"1272",0.343036187757987
"1273",0.343036187757987
"1274",0.343036187757987
"1275",0.343036187757987
"1276",0.343036187757987
"1277",0.343036187757987
"1278",0.343036187757987
"1279",0.343036187757987
"1280",0.343036187757987
"1281",0.343036187757987
"1282",0.343036187757987
"1283",0.343036187757987
"1284",0.343036187757987
"1285",0.343036187757987
"1286",0.343036187757987
"1287",0.343036187757987
"1288",0.343036187757987
"1289",0.343036187757987
"1290",0.343036187757987
"1291",0.343036187757987
"1292",0.343036187757987
"1293",0.343036187757987
"1294",0.343036187757987
"1295",0.343036187757987
"1296",0.343036187757987
"1297",0.343036187757987
"1298",0.343036187757987
"1299",0.343036187757987
"1300",0.343036187757987
"1301",0.343036187757987
"1302",0.343036187757987
"1303",0.343036187757987
"1304",0.343036187757987
"1305",0.343036187757987
"1306",0.343036187757987
"1307",0.343036187757987
"1308",0.343036187757987
"1309",0.343036187757987
"1310",0.343036187757987
"1311",0.343036187757987
"1312",0.343036187757987
"1313",0.343036187757987
"1314",0.343036187757987
"1315",0.343036187757987
"1316",0.343036187757987
"1317",0.343036187757987
"1318",0.343036187757987
"1319",0.343036187757987
"1320",0.343036187757987
"1321",0.343036187757987
"1322",0.343036187757987
"1323",0.343036187757987
"1324",0.343036187757987
"1325",0.343036187757987
"1326",0.343036187757987
"1327",0.343036187757987
"1328",0.343036187757987
"1329",0.343036187757987
"1330",0.343036187757987
"1331",0.343036187757987
"1332",0.343036187757987
"1333",0.343036187757987
"1334",0.343036187757987
"1335",0.343036187757987
"1336",0.622828432641475
"1337",0.622828432641475
"1338",0.622828432641475
"1339",0.622828432641475
"1340",0.622828432641475
"1341",0.622828432641475
"1342",0.622828432641475
"1343",0.622828432641475
"1344",0.622828432641475
"1345",0.622828432641475
"1346",0.622828432641475
"1347",0.622828432641475
"1348",0.622828432641475
"1349",0.622828432641475
"1350",0.622828432641475
"1351",0.622828432641475
"1352",0.622828432641475
"1353",0.622828432641475
"1354",0.622828432641475
"1355",0.622828432641475
"1356",0.345753691561108
"1357",0.345753691561108
"1358",0.345753691561108
"1359",0.345753691561108
"1360",0.345753691561108
"1361",0.345753691561108
"1362",0.345753691561108
"1363",0.345753691561108
"1364",0.345753691561108
"1365",0.345753691561108
"1366",0.345753691561108
"1367",0.345753691561108
"1368",0.345753691561108
"1369",0.345753691561108
"1370",0.345753691561108
"1371",0.345753691561108
"1372",0.345753691561108
"1373",0.345753691561108
"1374",0.345753691561108
"1375",0.345753691561108
"1376",0.345753691561108
"1377",0.345753691561108
"1378",0.345753691561108
"1379",0.231997690022049
"1380",0.231997690022049
"1381",0.231997690022049
"1382",0.231997690022049
"1383",0.231997690022049
"1384",0.231997690022049
"1385",0.231997690022049
"1386",0.231997690022049
"1387",0.231997690022049
"1388",0.231997690022049
"1389",0.231997690022049
"1390",0.231997690022049
"1391",0.165463546733331
"1392",0.486495222334072
"1393",0.486495222334072
"1394",0.486495222334072
"1395",0.486495222334072
"1396",-0.318770788464694
"1397",-0.654246308438892
"1398",-0.768002309977951
"1399",-0.377171567358525
"1400",-0.834536453266669
"1401",-0.513504777665928
"1402",0.10601954545506
"1403",-0.641599416035013
"1404",0.0281354619176984
"1405",-0.564982955294261
"1406",0.564058672264046
"1407",-0.194162125074486
"1408",-0.126129087010776
"1409",-0.656963812242013
