"","influenza_av"
"1",3.25589706933524
"2",3.58899213724089
"3",3.71979985704074
"4",2.92280200142959
"5",3.05075053609721
"6",3.05075053609721
"7",3.75625446747677
"8",2.8927805575411
"9",3.85346676197284
"10",3.1879914224446
"11",3.12080057183703
"12",3.25232308791994
"13",3.61829878484632
"14",3.75625446747677
"15",3.45961401000715
"16",3.85346676197284
"17",3.75625446747677
"18",2.86204431736955
"19",3.56111508220157
"20",3.36954967834167
"21",3.23659756969264
"22",3.53681200857756
"23",3.85346676197284
"24",2.94996426018585
"25",3.56111508220157
"26",3.27662616154396
"27",2.74910650464618
"28",3.84203002144389
"29",3.69406719085061
"30",3.41386704789135
"31",3.69406719085061
"32",3.06218727662616
"33",3.75625446747677
"34",3.168691922802
"35",3.64188706218728
"36",3.75625446747677
"37",2.87991422444603
"38",3.39242315939957
"39",3.85346676197284
"40",3.69406719085061
"41",3.69406719085061
"42",3.90278770550393
"43",3.85346676197284
"44",3.85346676197284
"45",3.52108649035025
"46",3.49749821300929
"47",3.85346676197284
"48",3.22373123659757
"49",3.64188706218728
"50",3.90278770550393
"51",3.64188706218728
"52",3.85346676197284
"53",3.12866333095068
"54",3.85346676197284
"55",3.64188706218728
"56",3.15368120085776
"57",2.67905646890636
"58",3.00929235167977
"59",2.70621872766262
"60",3.62759113652609
"61",3.30879199428163
"62",2.8470335954253
"63",3.70693352394568
"64",3.70693352394568
"65",3.70693352394568
"66",3.70693352394568
"67",2.36954967834167
"68",3.13152251608292
"69",2.75196568977841
"70",3.85346676197284
"71",3.73338098641887
"72",3.831308077198
"73",3.831308077198
"74",3.831308077198
"75",2.56182987848463
"76",3.75625446747677
"77",2.78984989278056
"78",3.76125804145818
"79",2.62902072909221
"80",3.57255182273052
"81",2.62759113652609
"82",3.78341672623302
"83",3.78341672623302
"84",3.78341672623302
"85",3.61401000714796
"86",3.61401000714796
"87",3.61401000714796
"88",3.59542530378842
"89",3.61401000714796
"90",3.61829878484632
"91",3.78341672623302
"92",3.65618298784846
"93",3.22730521801287
"94",2.96283059328091
"95",3.69406719085061
"96",3.65618298784846
"97",3.65618298784846
"98",3.53967119370979
"99",3.69406719085061
"100",2.79413867047891
"101",3.65618298784846
"102",2.7662616154396
"103",3.01215153681201
"104",3.53967119370979
"105",3.5746962115797
"106",3.5746962115797
"107",3.5746962115797
"108",3.65618298784846
"109",3.5746962115797
"110",3.08363116511794
"111",3.53967119370979
"112",3.53967119370979
"113",2.80343102215868
"114",3.5746962115797
"115",3.58041458184417
"116",3.81343817012152
"117",3.17583988563259
"118",3.83845604002859
"119",2.72837741243746
"120",3.58041458184417
"121",3.62830593280915
"122",3.81343817012152
"123",3.81343817012152
"124",3.81343817012152
"125",3.81343817012152
"126",3.81343817012152
"127",3.81343817012152
"128",3.81343817012152
"129",3.81343817012152
"130",3.81343817012152
"131",3.81343817012152
"132",3.81343817012152
"133",3.60400285918513
"134",3.29378127233738
"135",3.5518227305218
"136",3.85346676197284
"137",2.95925661186562
"138",2.42101501072194
"139",2.90207290922087
"140",2.9313795568263
"141",2.49678341672623
"142",3.1651179413867
"143",3.22516082916369
"144",3.69406719085061
"145",3.33666904932094
"146",3.85346676197284
"147",3.69406719085061
"148",3.69406719085061
"149",3.24303073624017
"150",3.65618298784846
"151",3.64188706218728
"152",3.75625446747677
"153",3.71979985704074
"154",3.64188706218728
"155",3.29235167977127
"156",2.84417441029307
"157",3.85346676197284
"158",3.97212294496069
"159",3.50393137955683
"160",3.85346676197284
"161",3.19585418155826
"162",3.85346676197284
"163",3.71979985704074
"164",3.97212294496069
"165",3.85346676197284
"166",3.75625446747677
"167",3.85346676197284
"168",3.29235167977127
"169",3.64188706218728
"170",3.29235167977127
"171",3.69406719085061
"172",3.83845604002859
"173",3.5746962115797
"174",3.85346676197284
"175",3.64188706218728
"176",3.33809864188706
"177",3.74624731951394
"178",4.33452466047177
"179",3.40457469621158
"180",2.91136526090064
"181",2.89778413152252
"182",3.3445318084346
"183",3.19799857040743
"184",2.79842744817727
"185",3.09578270192995
"186",3.51751250893495
"187",2.92637598284489
"188",2.92280200142959
"189",2.92065761258041
"190",3.33452466047177
"191",3.69406719085061
"192",2.6976411722659
"193",3.32308791994282
"194",3.65618298784846
"195",2.89921372408863
"196",2.89063616869192
"197",2.79699785561115
"198",2.57255182273052
"199",2.79127948534668
"200",2.92637598284489
"201",3.40886347390994
"202",2.93209435310936
"203",2.79127948534668
"204",2.7047891350965
"205",2.65189421015011
"206",2.80128663330951
"207",2.915654038599
"208",2.92137240886347
"209",2.92280200142959
"210",2.7626876340243
"211",3.65618298784846
"212",2.7891350964975
"213",2.88277340957827
"214",3.33095067905647
"215",2.91136526090064
"216",2.84989278055754
"217",3.18012866333095
"218",3.47390993566833
"219",2.94924946390279
"220",2.80986418870622
"221",2.70192994996426
"222",2.97998570407434
"223",3.34381701215154
"224",3.59185132237312
"225",2.56040028591851
"226",2.78984989278056
"227",2.7891350964975
"228",2.90564689063617
"229",2.87562544674768
"230",2.97355253752681
"231",2.7891350964975
"232",3.15439599714081
"233",2.92351679771265
"234",3.63902787705504
"235",2.9614010007148
"236",2.8120085775554
"237",3.04360257326662
"238",2.96711937097927
"239",3.38384560400286
"240",3.69406719085061
"241",2.92137240886347
"242",2.78055754110079
"243",2.60471765546819
"244",3.60400285918513
"245",2.69406719085061
"246",2.9192280200143
"247",3.63759828448892
"248",2.79127948534668
"249",2.83202287348106
"250",2.65475339528234
"251",2.7855611150822
"252",3.13938527519657
"253",2.94710507505361
"254",2.90421729807005
"255",2.72265904217298
"256",2.99857040743388
"257",3.10007147962831
"258",2.90278770550393
"259",2.90993566833452
"260",3.17726947819871
"261",2.9120800571837
"262",3.92280200142959
"263",3.07505360972123
"264",3.07505360972123
"265",4.04145818441744
"266",2.90993566833452
"267",3.28091493924232
"268",2.78413152251608
"269",2.92065761258041
"270",2.90421729807005
"271",3.92280200142959
"272",3.04717655468192
"273",2.92065761258041
"274",2.87276626161544
"275",2.90564689063617
"276",3.85346676197284
"277",3.06218727662616
"278",2.87634024303074
"279",3.92280200142959
"280",2.90421729807005
"281",3.29449606862044
"282",2.9120800571837
"283",3.92280200142959
"284",2.91350964974982
"285",2.7855611150822
"286",2.79556826304503
"287",2.43745532523231
"288",3.07505360972123
"289",3.92280200142959
"290",3.07862759113653
"291",3.40671908506076
"292",2.9120800571837
"293",2.9349535382416
"294",2.79127948534668
"295",2.96711937097927
"296",3.92280200142959
"297",2.80986418870622
"298",4.04145818441744
"299",3.92280200142959
"300",2.9120800571837
"301",3.92280200142959
"302",2.90421729807005
"303",2.9120800571837
"304",2.63688348820586
"305",2.94496068620443
"306",2.80057183702645
"307",3.67405289492495
"308",3.69406719085061
"309",2.67548248749106
"310",3.29378127233738
"311",3.48320228734811
"312",3.51751250893495
"313",2.77126518942101
"314",2.7891350964975
"315",3.65689778413152
"316",3.35453895639743
"317",3.29235167977127
"318",4.06647605432452
"319",4.06647605432452
"320",3.8277340957827
"321",2.87205146533238
"322",4.06647605432452
"323",2.48892065761258
"324",3.05861329521086
"325",3.48320228734811
"326",3.26090064331665
"327",3.27305218012866
"328",2.69192280200143
"329",2.75125089349535
"330",3.15439599714081
"331",2.79771265189421
"332",3.69406719085061
"333",3.69406719085061
"334",3.31951393852752
"335",2.65046461758399
"336",3.69406719085061
"337",3.12365975696926
"338",3.58613295210865
"339",3.06361686919228
"340",3.12794853466762
"341",2.46890636168692
"342",3.69406719085061
"343",3.337383845604
"344",3.69406719085061
"345",3.39385275196569
"346",2.88563259471051
"347",3.51536812008578
"348",3.15439599714081
"349",3.68120085775554
"350",3.0807719799857
"351",2.81272337383846
"352",2.38956397426733
"353",3.21300929235168
"354",2.92709077912795
"355",3.25518227305218
"356",3.65618298784846
"357",3.12794853466762
"358",3.15439599714081
"359",2.87062187276626
"360",3.51536812008578
"361",3.32523230879199
"362",3.69406719085061
"363",2.89063616869192
"364",3.69406719085061
"365",3.29020729092209
"366",3.18584703359543
"367",2.92423159399571
"368",2.94138670478914
"369",3.69406719085061
"370",3.16225875625447
"371",3.07934238741959
"372",3.90064331665475
"373",3.90064331665475
"374",4.09864188706219
"375",4.09864188706219
"376",4.09864188706219
"377",4.09864188706219
"378",4.09864188706219
"379",2.74481772694782
"380",3.70693352394568
"381",3.70693352394568
"382",3.85346676197284
"383",3.75625446747677
"384",3.75625446747677
"385",4.09864188706219
"386",4.09864188706219
"387",3.42744817726948
"388",3.78341672623302
"389",2.79842744817727
"390",2.92780557541101
"391",3.61401000714796
"392",2.98570407433881
"393",3.78341672623302
"394",3.65618298784846
"395",3.65618298784846
"396",3.58470335954253
"397",3.25232308791994
"398",3.27448177269478
"399",3.69406719085061
"400",3.17726947819871
"401",3.69406719085061
"402",3.53967119370979
"403",3.2759113652609
"404",3.59685489635454
"405",3.65689778413152
"406",3.5746962115797
"407",3.93423874195854
"408",3.81343817012152
"409",3.81343817012152
"410",3.81343817012152
"411",2.82916368834882
"412",3.57898498927806
"413",3.06790564689064
"414",3.13366690493209
"415",3.55754110078628
"416",3.55754110078628
"417",3.55754110078628
"418",3.55754110078628
"419",3.55754110078628
"420",3.55754110078628
"421",2.98213009292352
"422",3.55754110078628
"423",3.55754110078628
"424",3.55754110078628
"425",3.55754110078628
"426",3.55754110078628
"427",3.55754110078628
"428",3.55754110078628
"429",3.55754110078628
"430",2.62401715511079
"431",3.55754110078628
"432",3.55754110078628
"433",3.55754110078628
"434",3.55754110078628
"435",3.55754110078628
"436",3.55754110078628
"437",3.55754110078628
"438",3.55754110078628
"439",3.55754110078628
"440",3.55754110078628
"441",3.55754110078628
"442",3.55754110078628
"443",3.55754110078628
"444",3.55754110078628
"445",3.55754110078628
"446",3.55754110078628
"447",3.55754110078628
"448",3.55754110078628
"449",3.55754110078628
"450",3.55754110078628
"451",3.55754110078628
"452",3.55754110078628
"453",3.55754110078628
"454",3.55754110078628
"455",3.55754110078628
"456",3.55754110078628
"457",3.55754110078628
"458",3.55754110078628
"459",3.55754110078628
"460",3.55754110078628
"461",2.46890636168692
"462",3.55754110078628
"463",2.97927090779128
"464",2.69335239456755
"465",2.94281629735525
"466",3.23230879199428
"467",2.78984989278056
"468",3.10221586847748
"469",3.55754110078628
"470",3.55754110078628
"471",2.91422444603288
"472",3.55754110078628
"473",3.55754110078628
"474",3.51036454610436
"475",2.87491065046462
"476",2.92423159399571
"477",2.92780557541101
"478",3.55754110078628
"479",3.55754110078628
"480",3.55754110078628
"481",3.55754110078628
"482",3.55754110078628
"483",3.47176554681916
"484",2.6976411722659
"485",2.79270907791279
"486",3.55754110078628
"487",3.55754110078628
"488",3.55754110078628
"489",3.55754110078628
"490",3.55754110078628
"491",3.55754110078628
"492",3.55754110078628
"493",3.55754110078628
"494",3.55754110078628
"495",3.55754110078628
"496",3.55754110078628
"497",3.55754110078628
"498",3.55754110078628
"499",3.55754110078628
"500",3.55754110078628
"501",3.55754110078628
"502",3.55754110078628
"503",3.55754110078628
"504",3.55754110078628
"505",3.55754110078628
"506",3.55754110078628
"507",3.55754110078628
"508",3.55754110078628
"509",3.55754110078628
"510",3.29163688348821
"511",3.55754110078628
"512",3.55754110078628
"513",3.55754110078628
"514",3.55754110078628
"515",3.55754110078628
"516",3.55754110078628
"517",3.55754110078628
"518",3.55754110078628
"519",3.55754110078628
"520",3.55754110078628
"521",3.55754110078628
"522",3.45675482487491
"523",3.55754110078628
"524",3.55754110078628
"525",3.55754110078628
"526",3.55754110078628
"527",3.55754110078628
"528",3.55754110078628
"529",3.55754110078628
"530",3.55754110078628
"531",3.55754110078628
"532",3.55754110078628
"533",3.55754110078628
"534",3.55754110078628
"535",3.55754110078628
"536",3.55754110078628
"537",3.55754110078628
"538",3.55754110078628
"539",3.55754110078628
"540",3.55754110078628
"541",3.4674767691208
"542",3.33595425303788
"543",3.55754110078628
"544",3.55754110078628
"545",3.55754110078628
"546",2.45246604717655
"547",2.66476054324518
"548",3.55754110078628
"549",2.71979985704074
"550",3.55754110078628
"551",2.99785561115082
"552",3.55754110078628
"553",3.55754110078628
"554",2.91422444603288
"555",3.55754110078628
"556",3.55754110078628
"557",3.55754110078628
"558",3.55754110078628
"559",3.55754110078628
"560",3.55754110078628
"561",3.55754110078628
"562",3.55754110078628
"563",3.55754110078628
"564",3.55754110078628
"565",3.55754110078628
"566",3.55754110078628
"567",3.20085775553967
"568",3.53180843459614
"569",2.98713366690493
"570",3.82201572551823
"571",3.84203002144389
"572",2.68977841315225
"573",2.89778413152252
"574",3.47176554681916
"575",2.71122230164403
"576",2.66404574696212
"577",2.88420300214439
"578",2.98999285203717
"579",3.02215868477484
"580",2.94067190850608
"581",2.81486776268763
"582",2.72980700500357
"583",3.07290922087205
"584",3.44245889921372
"585",3.09721229449607
"586",3.14510364546104
"587",3.13652609006433
"588",3.10150107219442
"589",3.84203002144389
"590",2.67905646890636
"591",3.42244460328806
"592",2.76054324517513
"593",3.33380986418871
"594",3.58899213724089
"595",3.07791279485347
"596",3.96068620443174
"597",3.48320228734811
"598",3.17083631165118
"599",2.87419585418156
"600",2.93209435310936
"601",3.27448177269478
"602",3.25732666190136
"603",3.97212294496069
"604",3.6854896354539
"605",3.15939957112223
"606",2.88062902072909
"607",3.97212294496069
"608",2.90493209435311
"609",2.88992137240886
"610",3.49177984274482
"611",2.84417441029307
"612",3.97212294496069
"613",3.97212294496069
"614",3.22659042172981
"615",3.19585418155826
"616",3.07576840600429
"617",3.5746962115797
"618",3.04002859185132
"619",3.32094353109364
"620",3.5518227305218
"621",3.42601858470336
"622",3.14510364546104
"623",3.08649035025018
"624",2.79270907791279
"625",2.58041458184417
"626",3.32094353109364
"627",3.54896354538956
"628",3.02144388849178
"629",3.16011436740529
"630",3.51751250893495
"631",3.17155110793424
"632",3.53466761972838
"633",2.86704789135096
"634",3.06218727662616
"635",3.1529664045747
"636",3.6976411722659
"637",3.21015010721944
"638",3.33523945675482
"639",3.07576840600429
"640",2.44245889921372
"641",3.6976411722659
"642",3.32094353109364
"643",3.42816297355254
"644",3.1529664045747
"645",3.56969263759828
"646",3.33523945675482
"647",3.5518227305218
"648",3.21229449606862
"649",3.32094353109364
"650",3.32094353109364
"651",3.32094353109364
"652",3.32094353109364
"653",3.1915654038599
"654",3.6976411722659
"655",3.58827734095783
"656",3.55468191565404
"657",3.32094353109364
"658",3.56969263759828
"659",2.91279485346676
"660",3.71979985704074
"661",3.07505360972123
"662",3.33523945675482
"663",3.32094353109364
"664",3.33523945675482
"665",3.08577555396712
"666",3.5518227305218
"667",3.67190850607577
"668",3.32094353109364
"669",2.75625446747677
"670",3.15082201572552
"671",3.12937812723374
"672",3.76697641172266
"673",3.30879199428163
"674",3.50178699070765
"675",2.44531808434596
"676",3.04503216583274
"677",3.76697641172266
"678",3.76697641172266
"679",3.56969263759828
"680",3.06218727662616
"681",3.33523945675482
"682",3.56969263759828
"683",3.56969263759828
"684",3.71979985704074
"685",2.64045746962116
"686",2.88706218727663
"687",2.79985704074339
"688",3.71979985704074
"689",3.4517512508935
"690",3.04717655468192
"691",3.67333809864189
"692",3.4060042887777
"693",3.54324517512509
"694",3.56969263759828
"695",2.65975696926376
"696",3.88062902072909
"697",3.90278770550393
"698",3.57541100786276
"699",3.60185847033595
"700",3.84131522516083
"701",3.84131522516083
"702",2.98713366690493
"703",2.87276626161544
"704",3.04717655468192
"705",2.95639742673338
"706",3.38527519656898
"707",3.90278770550393
"708",3.84131522516083
"709",3.56754824874911
"710",2.94853466761973
"711",2.9964260185847
"712",2.76125804145818
"713",3.4639027877055
"714",3.4446032880629
"715",3.4639027877055
"716",3.06719085060758
"717",3.82201572551823
"718",2.83845604002859
"719",3.31236597569693
"720",3.03502501786991
"721",3.29735525375268
"722",2.74195854181558
"723",2.86418870621873
"724",2.91350964974982
"725",3.84131522516083
"726",2.99499642601858
"727",2.95067905646891
"728",3.84131522516083
"729",3.0192994996426
"730",3.00285918513224
"731",3.84131522516083
"732",3.03716940671909
"733",3.06361686919228
"734",3.84131522516083
"735",3.84131522516083
"736",2.89349535382416
"737",3.47605432451751
"738",3.48892065761258
"739",3.38456040028592
"740",3.18298784846319
"741",3.90278770550393
"742",3.07576840600429
"743",3.84131522516083
"744",3.84131522516083
"745",3.48892065761258
"746",3.90278770550393
"747",3.29020729092209
"748",3.84131522516083
"749",3.84131522516083
"750",3.39885632594711
"751",3.82201572551823
"752",3.90278770550393
"753",3.84131522516083
"754",3.90278770550393
"755",3.84131522516083
"756",3.50178699070765
"757",3.84131522516083
"758",3.90278770550393
"759",3.84131522516083
"760",3.26733380986419
"761",3.90278770550393
"762",3.36168691922802
"763",3.84131522516083
"764",3.59971408148678
"765",3.04717655468192
"766",3.60400285918513
"767",3.61401000714796
"768",3.03359542530379
"769",3.4639027877055
"770",3.82201572551823
"771",2.84989278055754
"772",2.60328806290207
"773",3.90278770550393
"774",3.50464617583989
"775",3.57398141529664
"776",3.84131522516083
"777",3.57612580414582
"778",3.41815582558971
"779",2.74124374553252
"780",2.99571122230164
"781",3.84131522516083
"782",2.91493924231594
"783",3.73909935668335
"784",3.84131522516083
"785",3.3180843459614
"786",3.4639027877055
"787",2.82987848463188
"788",2.84131522516083
"789",2.78198713366691
"790",3.84131522516083
"791",3.19585418155826
"792",3.08863473909936
"793",3.47819871336669
"794",3.37812723373838
"795",3.30593280914939
"796",3.45532523230879
"797",3.51107934238742
"798",3.83845604002859
"799",3.83845604002859
"800",3.35811293781272
"801",3.90278770550393
"802",3.19299499642602
"803",3.00571837026447
"804",3.4639027877055
"805",3.04932094353109
"806",3.82201572551823
"807",3.61401000714796
"808",3.71551107934239
"809",3.90278770550393
"810",2.68477483917084
"811",3.6783416726233
"812",3.90278770550393
"813",3.33666904932094
"814",3.90278770550393
"815",3.90278770550393
"816",3.69406719085061
"817",2.99785561115082
"818",3.69406719085061
"819",3.63759828448892
"820",3.69406719085061
"821",3.83845604002859
"822",3.56040028591851
"823",3.83845604002859
"824",3.83845604002859
"825",3.83845604002859
"826",3.85346676197284
"827",3.85346676197284
"828",3.3867047891351
"829",3.65761258041458
"830",2.98784846318799
"831",3.09077912794853
"832",2.99928520371694
"833",3.0614724803431
"834",3.07147962830593
"835",3.11436740528949
"836",3.36168691922802
"837",3.16440314510365
"838",2.66904932094353
"839",3.29092208720515
"840",3.55897069335239
"841",2.92137240886347
"842",3.15225160829164
"843",3.20872051465332
"844",3.36168691922802
"845",2.82201572551823
"846",2.87419585418156
"847",3.36168691922802
"848",2.65618298784846
"849",3.75625446747677
"850",3.36168691922802
"851",2.84488920657613
"852",2.47390993566833
"853",3.15368120085776
"854",2.68120085775554
"855",3.44317369549678
"856",2.48177269478199
"857",2.95210864903503
"858",3.59185132237312
"859",3.75625446747677
"860",2.65046461758399
"861",3.14010007147963
"862",3.30307362401716
"863",3.19013581129378
"864",3.59899928520372
"865",3.36168691922802
"866",3.61972837741244
"867",3.09721229449607
"868",3.47319513938528
"869",3.0614724803431
"870",2.69406719085061
"871",2.60829163688349
"872",3.32952108649035
"873",3.75625446747677
"874",3.55682630450322
"875",3.18298784846319
"876",2.93566833452466
"877",3.36168691922802
"878",3.36168691922802
"879",3.41529664045747
"880",2.68406004288778
"881",3.2566118656183
"882",3.35453895639743
"883",3.47319513938528
"884",3.32809149392423
"885",3.14224446032881
"886",2.83845604002859
"887",3.47319513938528
"888",3.28305932809149
"889",3.66047176554682
"890",3.5482487491065
"891",3.36168691922802
"892",3.36168691922802
"893",2.76840600428878
"894",3.55682630450322
"895",3.57040743388134
"896",3.38527519656898
"897",3.36883488205861
"898",3.52466047176555
"899",2.48391708363117
"900",3.75625446747677
"901",3.43674052894925
"902",3.73052180128663
"903",3.43674052894925
"904",3.43674052894925
"905",3.73052180128663
"906",3.60972122944961
"907",3.60972122944961
"908",3.43674052894925
"909",3.73052180128663
"910",3.45032165832738
"911",3.59471050750536
"912",3.73052180128663
"913",3.18656182987848
"914",3.59471050750536
"915",3.46175839885633
"916",3.5325232308792
"917",3.69120800571837
"918",3.73052180128663
"919",3.45032165832738
"920",3.46175839885633
"921",3.60972122944961
"922",3.12080057183703
"923",3.57398141529664
"924",3.45032165832738
"925",3.59471050750536
"926",2.61401000714796
"927",3.26947819871337
"928",2.90421729807005
"929",3.73052180128663
"930",3.60972122944961
"931",3.60972122944961
"932",3.37669764117227
"933",2.87776983559686
"934",3.73052180128663
"935",3.60972122944961
"936",3.73052180128663
"937",3.27662616154396
"938",3.43674052894925
"939",3.46175839885633
"940",3.42601858470336
"941",3.57398141529664
"942",3.60972122944961
"943",3.45032165832738
"944",3.73052180128663
"945",3.73052180128663
"946",3.45032165832738
"947",3.73052180128663
"948",2.8048606147248
"949",3.39742673338099
"950",3.46819156540386
"951",3.70907791279485
"952",3.86418870621873
"953",3.73123659756969
"954",3.30879199428163
"955",3.66904932094353
"956",3.34238741958542
"957",3.93924231593996
"958",3.36954967834167
"959",3.93924231593996
"960",3.11007862759114
"961",3.93924231593996
"962",3.93924231593996
"963",3.66190135811294
"964",3.88062902072909
"965",3.54253037884203
"966",3.25232308791994
"967",4.00214438884918
"968",4.00214438884918
"969",4.00214438884918
"970",3.25232308791994
"971",4.00214438884918
"972",4.00214438884918
"973",3.47319513938528
"974",3.33523945675482
"975",3.33523945675482
"976",4.00214438884918
"977",3.11937097927091
"978",3.87991422444603
"979",4.00214438884918
"980",4.00214438884918
"981",3.79127948534668
"982",3.55039313795568
"983",3.42601858470336
"984",3.93924231593996
"985",3.93924231593996
"986",3.93924231593996
"987",3.34739099356683
"988",3.93924231593996
"989",3.93924231593996
"990",4.00214438884918
"991",4.00214438884918
"992",4.00214438884918
"993",4.00214438884918
"994",3.97641172265904
"995",3.86061472480343
"996",3.97641172265904
"997",3.94424588992137
"998",3.97641172265904
"999",3.94424588992137
"1000",3.97641172265904
"1001",3.97641172265904
"1002",3.94424588992137
"1003",3.66404574696212
"1004",3.97641172265904
"1005",3.61258041458184
"1006",3.97641172265904
"1007",3.97641172265904
"1008",3.97641172265904
"1009",3.97641172265904
"1010",3.52323087919943
"1011",3.97641172265904
"1012",3.97641172265904
"1013",3.59185132237312
"1014",3.97641172265904
"1015",3.97641172265904
"1016",3.40886347390994
"1017",3.79914224446033
"1018",3.97641172265904
"1019",3.74124374553252
"1020",3.45032165832738
"1021",3.45961401000715
"1022",3.25518227305218
"1023",3.97641172265904
"1024",3.65975696926376
"1025",3.97641172265904
"1026",3.46318799142244
"1027",3.97641172265904
"1028",3.65117941386705
"1029",3.76554681915654
"1030",3.97641172265904
"1031",3.97641172265904
"1032",3.53395282344532
"1033",3.6819156540386
"1034",3.97641172265904
"1035",3.97641172265904
"1036",3.92852037169407
"1037",3.1529664045747
"1038",3.92852037169407
"1039",3.58041458184417
"1040",3.65332380271623
"1041",2.77126518942101
"1042",3.14724803431022
"1043",3.92852037169407
"1044",3.58041458184417
"1045",3.84917798427448
"1046",3.59471050750536
"1047",3.67977126518942
"1048",3.73338098641887
"1049",3.92852037169407
"1050",3.84917798427448
"1051",3.92852037169407
"1052",3.18012866333095
"1053",3.74982130092924
"1054",3.74982130092924
"1055",3.15153681200858
"1056",3.92852037169407
"1057",3.6819156540386
"1058",3.56182987848463
"1059",3.92852037169407
"1060",3.42101501072194
"1061",3.65689778413152
"1062",2.66476054324518
"1063",3.58041458184417
"1064",3.16726233023588
"1065",3.23087919942816
"1066",3.18870621872766
"1067",3.92852037169407
"1068",3.19085060757684
"1069",3.67977126518942
"1070",3.58398856325947
"1071",3.92852037169407
"1072",3.76125804145818
"1073",3.76125804145818
"1074",3.67190850607577
"1075",3.76125804145818
"1076",3.68620443173696
"1077",3.76125804145818
"1078",3.69120800571837
"1079",3.32523230879199
"1080",3.8963545389564
"1081",3.42315939957112
"1082",3.67190850607577
"1083",3.8963545389564
"1084",3.8963545389564
"1085",3.76125804145818
"1086",3.68120085775554
"1087",3.76125804145818
"1088",3.8963545389564
"1089",3.01429592566119
"1090",3.76125804145818
"1091",3.33238027162259
"1092",3.26090064331665
"1093",3.59542530378842
"1094",3.8963545389564
"1095",3.76125804145818
"1096",3.58684774839171
"1097",3.77483917083631
"1098",3.77483917083631
"1099",2.98999285203717
"1100",3.47319513938528
"1101",2.92923516797713
"1102",3.3867047891351
"1103",3.31022158684775
"1104",3.38813438170122
"1105",3.40528949249464
"1106",3.06218727662616
"1107",3.77483917083631
"1108",3.26804860614725
"1109",3.77483917083631
"1110",3.64546104360257
"1111",3.3445318084346
"1112",3.77483917083631
"1113",3.77483917083631
"1114",3.58684774839171
"1115",3.77483917083631
"1116",3.77483917083631
"1117",3.77483917083631
"1118",3.77483917083631
"1119",3.77483917083631
"1120",3.77483917083631
"1121",3.77483917083631
"1122",3.77483917083631
"1123",3.0192994996426
"1124",3.90350250178699
"1125",3.77483917083631
"1126",3.77483917083631
"1127",3.77483917083631
"1128",3.47319513938528
"1129",3.77483917083631
"1130",3.77483917083631
"1131",3.77483917083631
"1132",3.77483917083631
"1133",3.77483917083631
"1134",3.77483917083631
"1135",3.77483917083631
"1136",3.3445318084346
"1137",3.77483917083631
"1138",3.56969263759828
"1139",3.98641887062187
"1140",3.98641887062187
"1141",3.75911365260901
"1142",3.48606147248034
"1143",3.37526804860615
"1144",3.98641887062187
"1145",3.98641887062187
"1146",3.98641887062187
"1147",3.22087205146533
"1148",3.90350250178699
"1149",3.90350250178699
"1150",3.90350250178699
"1151",3.90350250178699
"1152",3.90350250178699
"1153",3.90350250178699
"1154",3.90350250178699
"1155",3.35167977126519
"1156",3.98641887062187
"1157",3.98641887062187
"1158",3.98641887062187
"1159",3.67977126518942
"1160",3.70693352394568
"1161",3.70693352394568
"1162",3.70693352394568
"1163",3.41100786275911
"1164",3.70693352394568
"1165",3.52108649035025
"1166",3.61472480343102
"1167",3.70693352394568
"1168",3.70693352394568
"1169",3.52108649035025
"1170",3.70693352394568
"1171",3.78484631879914
"1172",3.78484631879914
"1173",3.78484631879914
"1174",3.78484631879914
"1175",3.78484631879914
"1176",3.78484631879914
"1177",3.78484631879914
"1178",3.78484631879914
"1179",3.78484631879914
"1180",3.78484631879914
"1181",3.78484631879914
"1182",3.56111508220157
"1183",3.70693352394568
"1184",3.70693352394568
"1185",3.70693352394568
"1186",3.70693352394568
"1187",3.70693352394568
"1188",3.70693352394568
"1189",3.61472480343102
"1190",3.43245175125089
"1191",3.70693352394568
"1192",3.70693352394568
"1193",3.70693352394568
"1194",3.70693352394568
"1195",3.58327376697641
"1196",3.78484631879914
"1197",3.78484631879914
"1198",3.78484631879914
"1199",3.78484631879914
"1200",3.78484631879914
"1201",3.56540385989993
"1202",3.78484631879914
"1203",3.14867762687634
"1204",3.78484631879914
"1205",3.14224446032881
"1206",3.78484631879914
"1207",3.94353109363831
"1208",3.63187991422445
"1209",3.25446747676912
"1210",3.94353109363831
"1211",2.99142244460329
"1212",3.15511079342387
"1213",3.46104360257327
"1214",3.26090064331665
"1215",3.46104360257327
"1216",3.26590421729807
"1217",2.59185132237312
"1218",2.92208720514653
"1219",2.60328806290207
"1220",3.46104360257327
"1221",3.46104360257327
"1222",3.55754110078628
"1223",3.55754110078628
"1224",3.30664760543245
"1225",3.30664760543245
"1226",3.55754110078628
"1227",2.87919942816297
"1228",3.55754110078628
"1229",3.55754110078628
"1230",2.96283059328091
"1231",3.35453895639743
"1232",3.55754110078628
"1233",3.55754110078628
"1234",3.00071479628306
"1235",3.55754110078628
"1236",2.66904932094353
"1237",3.13152251608292
"1238",3.29664045746962
"1239",2.57541100786276
"1240",3.55754110078628
"1241",2.56754824874911
"1242",2.76554681915654
"1243",2.96211579699786
"1244",2.82201572551823
"1245",3.55754110078628
"1246",3.17298070050036
"1247",3.55754110078628
"1248",2.79556826304503
"1249",2.93066476054324
"1250",3.29664045746962
"1251",3.39099356683345
"1252",3.55754110078628
"1253",3.55754110078628
"1254",3.03716940671909
"1255",2.28663330950679
"1256",3.55754110078628
"1257",2.92351679771265
"1258",2.98570407433881
"1259",2.84274481772695
"1260",3.253037884203
"1261",3.55754110078628
"1262",3.55754110078628
"1263",3.55754110078628
"1264",3.55754110078628
"1265",3.55754110078628
"1266",3.55754110078628
"1267",3.55754110078628
"1268",3.55754110078628
"1269",3.45675482487491
"1270",3.55754110078628
"1271",3.55754110078628
"1272",2.89778413152252
"1273",3.09506790564689
"1274",3.50178699070765
"1275",2.71694067190851
"1276",3.93423874195854
"1277",2.6554681915654
"1278",3.04717655468192
"1279",2.72694781987134
"1280",3.61472480343102
"1281",3.22873481057899
"1282",3.61472480343102
"1283",3.77483917083631
"1284",3.49821300929235
"1285",3.41243745532523
"1286",2.98355968548964
"1287",4.05218012866333
"1288",3.35025017869907
"1289",2.77912794853467
"1290",4.00643316654753
"1291",3.70693352394568
"1292",4.00643316654753
"1293",3.16440314510365
"1294",3.28591851322373
"1295",3.48749106504646
"1296",3.00929235167977
"1297",3.70693352394568
"1298",3.70693352394568
"1299",3.29664045746962
"1300",2.97641172265904
"1301",3.31022158684775
"1302",3.93423874195854
"1303",4.09935668334525
"1304",2.90135811293781
"1305",3.58899213724089
"1306",3.33238027162259
"1307",3.26090064331665
"1308",3.0614724803431
"1309",3.2144388849178
"1310",3.15010721944246
"1311",3.93423874195854
"1312",3.11222301644031
"1313",3.02930664760543
"1314",3.578270192995
"1315",3.66404574696212
"1316",3.77483917083631
"1317",3.77483917083631
"1318",3.47319513938528
"1319",2.77626876340243
"1320",3.70836311651179
"1321",4.05218012866333
"1322",3.93423874195854
"1323",3.44960686204432
"1324",2.90135811293781
"1325",2.94138670478914
"1326",3.41243745532523
"1327",3.77483917083631
"1328",3.70693352394568
"1329",3.70693352394568
"1330",3.11937097927091
"1331",2.73338098641887
"1332",2.87419585418156
"1333",3.61472480343102
"1334",3.05003573981415
"1335",3.14367405289492
"1336",3.24588992137241
"1337",2.77483917083631
"1338",2.70764832022873
"1339",3.47319513938528
"1340",2.82844889206576
"1341",3.60257326661901
"1342",2.92494639027877
"1343",2.93638313080772
"1344",3.78484631879914
"1345",4.00643316654753
"1346",3.23945675482487
"1347",3.13867047891351
"1348",3.49821300929235
"1349",3.70693352394568
"1350",3.45246604717655
"1351",3.70693352394568
"1352",3.70693352394568
"1353",3.44174410293066
"1354",2.93709792709078
"1355",3.78484631879914
"1356",3.09792709077913
"1357",3.01858470335954
"1358",2.76769120800572
"1359",3.61472480343102
"1360",3.47319513938528
"1361",3.3445318084346
"1362",4.05218012866333
"1363",3.17798427448177
"1364",3.47319513938528
"1365",3.70693352394568
"1366",3.49821300929235
"1367",4.0879199428163
"1368",2.75125089349535
"1369",3.51965689778413
"1370",2.84774839170836
"1371",2.71050750536097
"1372",3.61472480343102
"1373",2.75125089349535
"1374",3.07648320228735
"1375",2.92137240886347
"1376",3.70693352394568
"1377",3.64546104360257
"1378",3.60257326661901
"1379",2.65761258041458
"1380",3.50464617583989
"1381",4.00643316654753
"1382",2.48177269478199
"1383",3.04288777698356
"1384",2.85989992852037
"1385",3.04717655468192
"1386",3.05575411007863
"1387",2.50035739814153
"1388",4.05218012866333
"1389",3.61472480343102
"1390",2.88205861329521
"1391",2.89063616869192
"1392",3.4060042887777
"1393",2.96997855611151
"1394",2.82416011436741
"1395",3.29092208720515
"1396",3.16225875625447
"1397",3.07076483202287
"1398",3.17655468191565
"1399",2.9192280200143
"1400",2.58899213724089
"1401",3.45532523230879
"1402",3.77483917083631
"1403",4.00643316654753
"1404",2.8963545389564
"1405",3.13295210864904
"1406",3.70693352394568
"1407",2.76411722659042
"1408",2.65832737669764
"1409",3.02358827734096
"1410",3.73195139385275
"1411",3.45246604717655
"1412",2.85704074338813
"1413",4.09935668334525
"1414",3.24517512508935
"1415",3.30164403145104
"1416",3.02001429592566
"1417",3.43602573266619
"1418",3.78484631879914
"1419",3.5096497498213
"1420",2.79270907791279
"1421",3.1072194424589
"1422",2.81844174410293
"1423",3.70693352394568
"1424",3.50464617583989
"1425",3.10150107219442
"1426",2.55897069335239
"1427",4.0879199428163
"1428",3.70693352394568
"1429",4.0879199428163
"1430",3.60257326661901
"1431",3.84131522516083
"1432",3.45246604717655
"1433",2.9349535382416
"1434",2.5360972122945
"1435",3.50464617583989
"1436",3.04789135096497
"1437",2.9771265189421
"1438",3.06933523945676
"1439",3.47319513938528
"1440",3.47319513938528
"1441",3.77483917083631
"1442",3.90350250178699
"1443",3.70693352394568
"1444",3.39027877055039
"1445",3.77483917083631
"1446",4.09935668334525
"1447",3.77483917083631
"1448",4.0879199428163
"1449",3.53109363831308
"1450",3.70693352394568
"1451",4.00643316654753
"1452",2.88706218727663
"1453",3.07433881343817
"1454",2.95997140814868
"1455",4.00643316654753
"1456",3.61472480343102
"1457",4.00643316654753
"1458",3.37884203002144
"1459",3.60257326661901
"1460",3.77483917083631
"1461",4.00643316654753
"1462",3.2144388849178
"1463",2.64546104360257
"1464",3.78484631879914
"1465",2.8506075768406
"1466",3.60257326661901
"1467",3.77483917083631
"1468",3.73195139385275
"1469",3.77483917083631
"1470",3.72480343102216
"1471",3.28591851322373
"1472",3.50464617583989
"1473",3.77483917083631
"1474",4.0879199428163
"1475",3.10436025732666
"1476",3.64117226590422
"1477",3.11508220157255
"1478",3.70693352394568
"1479",3.55110793423874
"1480",3.77483917083631
"1481",3.13223731236598
"1482",3.77483917083631
"1483",3.78484631879914
"1484",3.13438170121515
"1485",3.3445318084346
"1486",4.19370979270908
"1487",3.77483917083631
"1488",4.05218012866333
"1489",3.77483917083631
"1490",4.05218012866333
"1491",3.50464617583989
"1492",3.09578270192995
"1493",3.20514653323803
"1494",3.77483917083631
"1495",4.0879199428163
"1496",3.77483917083631
"1497",3.57040743388134
"1498",3.02573266619014
"1499",4.05218012866333
"1500",3.77483917083631
"1501",3.77483917083631
"1502",4.19370979270908
"1503",3.78484631879914
"1504",3.55968548963545
"1505",3.77483917083631
"1506",3.47319513938528
"1507",4.00643316654753
"1508",3.77483917083631
"1509",4.09935668334525
"1510",4.05218012866333
"1511",3.77483917083631
"1512",2.91279485346676
"1513",3.56969263759828
"1514",2.84846318799142
"1515",3.70693352394568
"1516",3.93423874195854
"1517",3.3445318084346
"1518",3.70693352394568
"1519",3.78484631879914
"1520",3.77483917083631
"1521",3.14438884917798
"1522",4.00643316654753
"1523",3.77483917083631
"1524",4.00643316654753
"1525",3.67977126518942
"1526",3.33523945675482
"1527",4.00643316654753
"1528",2.93209435310936
"1529",3.02930664760543
"1530",3.3445318084346
"1531",3.78484631879914
"1532",3.51036454610436
"1533",3.75053609721229
"1534",3.22516082916369
"1535",3.64188706218728
"1536",4.00643316654753
"1537",3.03216583273767
"1538",3.70693352394568
"1539",3.77483917083631
"1540",2.89706933523946
"1541",3.51036454610436
"1542",3.70693352394568
"1543",3.5096497498213
"1544",4.05218012866333
"1545",2.98284488920658
"1546",2.90850607576841
"1547",3.70693352394568
"1548",3.70693352394568
"1549",3.70693352394568
"1550",3.47319513938528
"1551",2.58970693352395
"1552",4.05218012866333
"1553",2.93924231593996
"1554",2.83559685489635
"1555",3.69406719085061
"1556",3.76697641172266
"1557",3.70693352394568
"1558",3.70693352394568
"1559",2.9771265189421
"1560",2.90350250178699
"1561",3.70693352394568
"1562",2.6976411722659
"1563",3.15010721944246
"1564",2.77197998570407
"1565",2.70764832022873
"1566",3.70693352394568
"1567",2.88706218727663
"1568",3.08863473909936
"1569",3.77483917083631
"1570",4.05218012866333
"1571",3.70693352394568
"1572",3.27448177269478
"1573",3.50178699070765
"1574",4.00643316654753
"1575",3.18513223731237
"1576",3.48248749106505
"1577",3.5096497498213
"1578",3.28448892065761
"1579",3.03931379556826
"1580",3.71479628305933
"1581",3.18084345961401
"1582",2.59113652609006
"1583",2.62973552537527
"1584",2.72337383845604
"1585",4.00643316654753
"1586",3.04288777698356
"1587",3.55468191565404
"1588",4.05218012866333
"1589",3.07076483202287
"1590",4.0879199428163
"1591",2.5553967119371
"1592",2.84345961401001
"1593",3.49821300929235
"1594",2.94067190850608
"1595",2.89063616869192
"1596",2.73552537526805
"1597",4.0879199428163
"1598",3.41243745532523
"1599",3.70693352394568
"1600",3.30021443888492
"1601",3.47319513938528
"1602",3.42816297355254
"1603",3.70693352394568
"1604",3.70693352394568
"1605",4.00643316654753
"1606",3.93423874195854
"1607",3.70693352394568
"1608",2.45032165832738
"1609",2.50107219442459
"1610",3.70693352394568
"1611",3.31951393852752
"1612",4.00643316654753
"1613",3.22516082916369
"1614",3.0228734810579
"1615",4.05218012866333
"1616",3.90350250178699
"1617",3.47319513938528
"1618",3.77483917083631
"1619",3.47319513938528
"1620",3.36954967834167
"1621",4.0879199428163
"1622",3.73195139385275
"1623",3.21015010721944
"1624",3.70693352394568
"1625",3.37526804860615
"1626",3.5096497498213
"1627",4.00643316654753
"1628",3.77483917083631
"1629",3.20228734810579
"1630",3.70693352394568
"1631",2.41815582558971
"1632",2.9807005003574
"1633",3.90350250178699
"1634",4.00643316654753
"1635",3.47319513938528
"1636",3.33238027162259
"1637",3.93423874195854
"1638",3.39027877055039
"1639",3.39027877055039
"1640",3.77483917083631
"1641",3.09435310936383
"1642",3.78484631879914
"1643",4.00643316654753
"1644",3.53681200857756
"1645",3.93423874195854
"1646",3.25589706933524
"1647",3.70693352394568
"1648",3.77483917083631
"1649",3.58684774839171
"1650",4.0879199428163
"1651",3.70693352394568
"1652",3.90350250178699
"1653",3.23159399571122
"1654",2.87776983559686
"1655",2.94781987133667
"1656",3.53109363831308
"1657",4.00643316654753
"1658",3.24588992137241
"1659",3.10436025732666
"1660",4.05218012866333
"1661",3.47319513938528
"1662",3.12794853466762
"1663",4.00643316654753
"1664",3.70693352394568
"1665",3.4867762687634
"1666",2.90636168691923
"1667",3.78484631879914
"1668",4.19370979270908
"1669",3.33023588277341
"1670",2.82630450321658
"1671",3.3216583273767
"1672",3.47533952823445
"1673",3.09864188706219
"1674",3.07433881343817
"1675",3.39027877055039
"1676",3.77483917083631
"1677",4.05218012866333
"1678",3.49821300929235
"1679",3.67333809864189
"1680",4.19370979270908
"1681",3.74410293066476
"1682",3.70693352394568
"1683",3.17512508934954
"1684",3.4517512508935
"1685",3.70693352394568
"1686",2.92852037169407
"1687",3.49821300929235
"1688",3.50035739814153
"1689",3.77483917083631
"1690",4.09935668334525
"1691",4.09935668334525
"1692",3.70693352394568
"1693",3.60257326661901
"1694",4.00643316654753
"1695",4.00643316654753
"1696",3.27877055039314
"1697",2.91493924231594
"1698",3.76697641172266
"1699",3.07362401715511
"1700",3.47319513938528
"1701",4.0879199428163
"1702",3.93423874195854
"1703",3.47319513938528
"1704",3.51751250893495
"1705",3.0192994996426
"1706",4.00643316654753
"1707",3.93423874195854
"1708",3.79914224446033
"1709",4.00643316654753
"1710",3.70693352394568
"1711",3.78484631879914
"1712",4.0879199428163
"1713",3.77483917083631
"1714",3.56969263759828
"1715",3.39027877055039
"1716",3.4639027877055
"1717",3.10436025732666
"1718",4.19370979270908
"1719",3.54253037884203
"1720",3.70693352394568
"1721",3.02358827734096
"1722",3.77483917083631
"1723",3.05861329521086
"1724",3.77483917083631
"1725",3.18298784846319
"1726",4.00643316654753
"1727",3.33523945675482
"1728",4.00643316654753
"1729",3.1265189421015
"1730",3.77483917083631
"1731",3.90350250178699
"1732",3.90350250178699
"1733",4.0879199428163
"1734",3.77483917083631
"1735",3.54395997140815
"1736",3.90350250178699
"1737",3.70693352394568
"1738",3.70693352394568
"1739",4.05218012866333
"1740",4.0879199428163
"1741",3.93423874195854
"1742",3.70693352394568
"1743",2.87848463187991
"1744",3.93423874195854
"1745",3.77483917083631
"1746",3.77483917083631
"1747",3.78484631879914
"1748",3.25732666190136
"1749",3.18942101501072
"1750",3.47319513938528
"1751",3.29664045746962
"1752",3.25732666190136
"1753",3.27877055039314
"1754",2.80128663330951
"1755",2.93924231593996
"1756",3.57040743388134
"1757",2.92709077912795
"1758",3.70693352394568
"1759",3.70693352394568
"1760",4.0879199428163
"1761",3.47891350964975
"1762",3.58684774839171
"1763",3.69406719085061
"1764",3.76697641172266
"1765",3.77483917083631
"1766",4.05218012866333
"1767",3.56969263759828
"1768",3.39027877055039
"1769",3.77483917083631
"1770",3.78484631879914
"1771",3.90350250178699
"1772",3.29664045746962
"1773",3.47319513938528
"1774",3.49821300929235
"1775",4.00643316654753
"1776",3.70693352394568
"1777",4.00643316654753
"1778",3.78484631879914
"1779",3.77483917083631
"1780",3.83845604002859
"1781",4.00643316654753
"1782",3.57040743388134
"1783",3.77483917083631
"1784",3.20800571837026
"1785",5.02001429592566
"1786",3.70693352394568
"1787",3.47319513938528
"1788",3.70693352394568
"1789",3.25446747676912
"1790",3.74052894924946
"1791",3.76697641172266
"1792",3.77483917083631
"1793",3.77483917083631
"1794",3.33523945675482
"1795",3.70693352394568
"1796",3.77483917083631
"1797",3.3445318084346
"1798",4.00643316654753
"1799",3.45675482487491
"1800",3.25232308791994
"1801",3.70693352394568
"1802",3.84131522516083
"1803",3.58684774839171
"1804",3.51036454610436
"1805",3.70693352394568
"1806",3.70693352394568
"1807",3.55754110078628
"1808",3.04288777698356
"1809",3.70693352394568
"1810",2.95210864903503
"1811",3.70693352394568
"1812",3.23874195854182
"1813",3.77483917083631
"1814",2.59256611865618
"1815",3.09935668334525
"1816",3.77483917083631
"1817",3.77483917083631
"1818",3.77483917083631
"1819",3.73052180128663
"1820",3.48749106504646
"1821",4.00643316654753
"1822",3.93423874195854
"1823",4.0879199428163
"1824",2.91493924231594
"1825",2.92994996426019
"1826",3.29020729092209
"1827",3.77483917083631
"1828",3.40528949249464
"1829",3.13938527519657
"1830",4.0879199428163
"1831",3.01429592566119
"1832",3.70693352394568
"1833",3.60257326661901
"1834",3.34667619728377
"1835",3.70693352394568
"1836",3.47319513938528
"1837",3.3445318084346
"1838",3.77483917083631
"1839",3.56969263759828
"1840",3.37526804860615
"1841",3.69406719085061
"1842",3.53109363831308
"1843",3.56683345246605
"1844",3.55754110078628
"1845",3.93423874195854
"1846",3.0614724803431
"1847",3.70693352394568
"1848",3.31165117941387
"1849",2.40385989992852
"1850",3.93423874195854
"1851",3.77483917083631
"1852",3.77483917083631
"1853",3.58684774839171
"1854",3.77483917083631
"1855",3.70693352394568
"1856",4.09935668334525
"1857",4.00643316654753
"1858",3.60257326661901
"1859",3.25875625446748
"1860",3.70693352394568
"1861",3.51179413867048
"1862",2.98355968548964
"1863",4.0879199428163
"1864",3.78484631879914
"1865",3.70693352394568
"1866",3.47319513938528
"1867",3.70693352394568
"1868",3.50464617583989
"1869",4.00643316654753
"1870",3.76697641172266
"1871",4.0879199428163
"1872",3.06290207290922
"1873",3.05718370264475
"1874",2.91994281629736
"1875",2.92780557541101
"1876",2.93995711222302
"1877",3.07076483202287
"1878",2.92208720514653
"1879",2.49177984274482
"1880",2.91994281629736
"1881",2.59899928520372
"1882",2.91994281629736
"1883",2.62830593280915
"1884",3.0650464617584
"1885",2.92780557541101
"1886",3.98498927805575
"1887",2.81987133666905
"1888",2.915654038599
"1889",3.1915654038599
"1890",3.94353109363831
"1891",3.26233023588277
"1892",3.0650464617584
"1893",3.07791279485347
"1894",3.2601858470336
"1895",2.915654038599
"1896",2.92208720514653
"1897",2.92208720514653
"1898",3.09220872051465
"1899",3.0650464617584
"1900",3.29092208720515
"1901",3.30378842030021
"1902",2.83059328091494
"1903",3.55611150822016
"1904",3.72194424588992
"1905",3.10150107219442
"1906",3.94353109363831
"1907",3.94353109363831
"1908",3.25589706933524
"1909",3.0650464617584
"1910",3.11651179413867
"1911",3.94353109363831
"1912",2.86061472480343
"1913",3.51036454610436
"1914",4.12151536812009
"1915",4.12151536812009
"1916",4.12151536812009
"1917",3.00857755539671
"1918",4.12151536812009
"1919",2.97927090779128
"1920",4.12151536812009
"1921",3.25947105075054
"1922",3.75053609721229
"1923",2.9385275196569
"1924",2.70907791279485
"1925",3.17083631165118
"1926",3.25947105075054
"1927",2.97355253752681
"1928",3.1300929235168
"1929",3.44960686204432
"1930",3.46676197283774
"1931",3.09292351679771
"1932",3.2952108649035
"1933",3.27448177269478
"1934",3.08720514653324
"1935",2.93066476054324
"1936",3.15511079342387
"1937",3.18441744102931
"1938",3.67262330235883
"1939",3.26804860614725
"1940",3.48749106504646
"1941",2.93066476054324
"1942",2.915654038599
"1943",3.07147962830593
"1944",3.09792709077913
"1945",2.93066476054324
"1946",3.25947105075054
"1947",2.67047891350965
"1948",3.23159399571122
"1949",2.9385275196569
"1950",3.18513223731237
"1951",2.96568977841315
"1952",3.25947105075054
"1953",2.82701929949964
"1954",3.19871336669049
"1955",3.02144388849178
"1956",2.81129378127234
"1957",3.24588992137241
"1958",3.07362401715511
"1959",3.09792709077913
"1960",3.44960686204432
"1961",2.9542530378842
"1962",3.09792709077913
"1963",3.34167262330236
"1964",3.12080057183703
"1965",3.75053609721229
"1966",3.75053609721229
"1967",3.25947105075054
"1968",3.75053609721229
"1969",3.75053609721229
"1970",3.17083631165118
"1971",3.75053609721229
"1972",3.32308791994282
"1973",3.2952108649035
"1974",3.27448177269478
"1975",3.75053609721229
"1976",3.15654038598999
"1977",3.63116511794139
"1978",3.26233023588277
"1979",3.12080057183703
"1980",2.76840600428878
"1981",3.2373123659757
"1982",3.48749106504646
"1983",3.2373123659757
"1984",3.04074338813438
"1985",3.24803431022159
"1986",3.09292351679771
"1987",2.93066476054324
"1988",3.75053609721229
"1989",2.52823445318084
"1990",3.57040743388134
"1991",3.57040743388134
"1992",3.57040743388134
"1993",3.57040743388134
"1994",3.22373123659757
"1995",3.57040743388134
"1996",3.30164403145104
"1997",3.30164403145104
"1998",3.38598999285204
"1999",3.57040743388134
"2000",3.30164403145104
"2001",3.27877055039314
"2002",3.41243745532523
"2003",3.2723373838456
"2004",3.38598999285204
"2005",3.41243745532523
"2006",3.57040743388134
"2007",3.57040743388134
"2008",3.11722659042173
"2009",3.41243745532523
"2010",2.94138670478914
"2011",3.13152251608292
"2012",3.11436740528949
"2013",3.57040743388134
"2014",2.92423159399571
"2015",3.41243745532523
"2016",3.30164403145104
"2017",3.10150107219442
"2018",3.41243745532523
"2019",3.57040743388134
"2020",3.37455325232309
"2021",3.2723373838456
"2022",3.30164403145104
"2023",3.57040743388134
"2024",3.10150107219442
"2025",3.11436740528949
"2026",3.10150107219442
"2027",3.10150107219442
"2028",3.57040743388134
"2029",3.57040743388134
"2030",3.25518227305218
"2031",3.30164403145104
"2032",3.30164403145104
"2033",3.12508934953538
"2034",3.30164403145104
"2035",3.2723373838456
"2036",3.30164403145104
"2037",2.99142244460329
"2038",3.57040743388134
"2039",3.08649035025018
"2040",3.41243745532523
"2041",2.94138670478914
"2042",3.37884203002144
"2043",3.10150107219442
"2044",3.30164403145104
"2045",3.41243745532523
"2046",2.98355968548964
"2047",3.11150822015726
"2048",3.38598999285204
"2049",3.57040743388134
"2050",3.02501786990708
"2051",2.74052894924946
"2052",3.30164403145104
"2053",2.94853466761973
"2054",3.34882058613295
"2055",3.14010007147963
"2056",3.11436740528949
"2057",2.87276626161544
"2058",3.2723373838456
"2059",3.37884203002144
"2060",3.41243745532523
"2061",3.30164403145104
"2062",3.1265189421015
"2063",3.2723373838456
"2064",3.17441029306648
"2065",3.1265189421015
"2066",3.37455325232309
"2067",3.30164403145104
"2068",3.57040743388134
"2069",3.13509649749821
"2070",3.41243745532523
"2071",3.14010007147963
"2072",3.39814152966405
"2073",3.57040743388134
"2074",3.0807719799857
"2075",3.38598999285204
"2076",3.57040743388134
"2077",3.11579699785561
"2078",3.41243745532523
"2079",3.30164403145104
"2080",3.31593995711222
"2081",3.57040743388134
"2082",3.30164403145104
"2083",3.14010007147963
"2084",3.18656182987848
"2085",3.41243745532523
"2086",3.30164403145104
"2087",3.49892780557541
"2088",3.21157969978556
"2089",3.57040743388134
"2090",3.57040743388134
"2091",3.57040743388134
"2092",3.30164403145104
"2093",3.57040743388134
"2094",3.57040743388134
"2095",3.57040743388134
"2096",3.57040743388134
"2097",3.57040743388134
"2098",3.11150822015726
"2099",3.1265189421015
"2100",3.41243745532523
"2101",3.41243745532523
"2102",3.57040743388134
"2103",3.20657612580415
"2104",3.57040743388134
"2105",3.57040743388134
"2106",2.9771265189421
"2107",3.57040743388134
"2108",3.21729807005004
"2109",3.57040743388134
"2110",3.29949964260186
"2111",3.37884203002144
"2112",3.52037169406719
"2113",3.05432451751251
"2114",3.57040743388134
"2115",3.41243745532523
"2116",3.41243745532523
"2117",2.67405289492495
"2118",3.57040743388134
"2119",3.20514653323803
"2120",3.57040743388134
"2121",3.30164403145104
"2122",3.41243745532523
"2123",3.41243745532523
"2124",3.20371694067191
"2125",3.39814152966405
"2126",3.12580414581844
"2127",3.52037169406719
"2128",3.1265189421015
"2129",3.30164403145104
"2130",3.49177984274482
"2131",3.51036454610436
"2132",3.51036454610436
"2133",3.51036454610436
"2134",3.51036454610436
"2135",3.51036454610436
"2136",3.25375268048606
"2137",3.51036454610436
"2138",3.33166547533953
"2139",3.37383845604003
"2140",3.51036454610436
"2141",3.34238741958542
"2142",3.33166547533953
"2143",3.20657612580415
"2144",3.51036454610436
"2145",3.51036454610436
"2146",3.21229449606862
"2147",3.1229449606862
"2148",3.34238741958542
"2149",3.05218012866333
"2150",3.17869907076483
"2151",3.21729807005004
"2152",3.51036454610436
"2153",3.33023588277341
"2154",3.06647605432452
"2155",3.51036454610436
"2156",3.37383845604003
"2157",3.41672623302359
"2158",3.33023588277341
"2159",3.51036454610436
"2160",3.51036454610436
"2161",3.51036454610436
"2162",3.37383845604003
"2163",3.21229449606862
"2164",3.33166547533953
"2165",3.51036454610436
"2166",3.33166547533953
"2167",3.33023588277341
"2168",3.37383845604003
"2169",2.96211579699786
"2170",3.51036454610436
"2171",3.51036454610436
"2172",3.09363831308077
"2173",3.37383845604003
"2174",3.51036454610436
"2175",3.37383845604003
"2176",3.09935668334525
"2177",3.51036454610436
"2178",3.26375982844889
"2179",3.51036454610436
"2180",3.14081486776269
"2181",3.51036454610436
"2182",3.19370979270908
"2183",2.77340957827019
"2184",3.51036454610436
"2185",3.34238741958542
"2186",3.33166547533953
"2187",3.15153681200858
"2188",3.15511079342387
"2189",3.51036454610436
"2190",2.5289492494639
"2191",3.51036454610436
"2192",3.27734095782702
"2193",3.51036454610436
"2194",3.51036454610436
"2195",3.33166547533953
"2196",3.30450321658327
"2197",3.37383845604003
"2198",3.37383845604003
"2199",3.14367405289492
"2200",3.35310936383131
"2201",3.51036454610436
"2202",3.33166547533953
"2203",3.51036454610436
"2204",3.51036454610436
"2205",3.18155825589707
"2206",3.51036454610436
"2207",3.51036454610436
"2208",3.31522516082916
"2209",3.37383845604003
"2210",3.09935668334525
"2211",3.27734095782702
"2212",3.33166547533953
"2213",3.51036454610436
"2214",3.51036454610436
"2215",3.33166547533953
"2216",3.46461758398856
"2217",3.26876340243031
"2218",3.51036454610436
"2219",3.33166547533953
"2220",2.62973552537527
"2221",3.33166547533953
"2222",3.37383845604003
"2223",3.1951393852752
"2224",3.37383845604003
"2225",3.51036454610436
"2226",3.37383845604003
"2227",3.37383845604003
"2228",3.60257326661901
"2229",3.60257326661901
"2230",3.60257326661901
"2231",3.46175839885633
"2232",3.60257326661901
"2233",3.60257326661901
"2234",3.60257326661901
"2235",3.60257326661901
"2236",3.29092208720515
"2237",3.45318084345961
"2238",3.60257326661901
"2239",3.45318084345961
"2240",3.60257326661901
"2241",3.28806290207291
"2242",3.11508220157255
"2243",2.91136526090064
"2244",3.42816297355254
"2245",3.60257326661901
"2246",3.60257326661901
"2247",3.60257326661901
"2248",3.33095067905647
"2249",3.60257326661901
"2250",3.60257326661901
"2251",3.60257326661901
"2252",3.60257326661901
"2253",3.45318084345961
"2254",3.60257326661901
"2255",3.42816297355254
"2256",3.60257326661901
"2257",3.60257326661901
"2258",3.30664760543245
"2259",3.60257326661901
"2260",3.60257326661901
"2261",3.42816297355254
"2262",3.60257326661901
"2263",3.60257326661901
"2264",3.60257326661901
"2265",3.45318084345961
"2266",3.60257326661901
"2267",3.60257326661901
"2268",3.42816297355254
"2269",3.60257326661901
"2270",3.60257326661901
"2271",3.28305932809149
"2272",3.60257326661901
"2273",3.60257326661901
"2274",3.60257326661901
"2275",3.60257326661901
"2276",3.60257326661901
"2277",3.60257326661901
"2278",3.22301644031451
"2279",3.60257326661901
"2280",3.60257326661901
"2281",3.45318084345961
"2282",3.60257326661901
"2283",3.60257326661901
"2284",3.60257326661901
"2285",3.60257326661901
"2286",3.60257326661901
"2287",3.45318084345961
"2288",3.60257326661901
"2289",3.60257326661901
"2290",3.45318084345961
"2291",3.60257326661901
"2292",3.60257326661901
"2293",3.60257326661901
"2294",3.60257326661901
"2295",3.60257326661901
"2296",3.28305932809149
"2297",3.60257326661901
"2298",3.60257326661901
"2299",3.60257326661901
"2300",3.60257326661901
"2301",3.60257326661901
"2302",3.60257326661901
"2303",3.16154395997141
"2304",3.28806290207291
"2305",3.60257326661901
"2306",3.60257326661901
"2307",3.60257326661901
"2308",3.60257326661901
"2309",3.60257326661901
"2310",3.60257326661901
"2311",3.60257326661901
"2312",3.60257326661901
"2313",3.60257326661901
"2314",3.60257326661901
"2315",3.60257326661901
"2316",3.60257326661901
"2317",3.60257326661901
"2318",3.60257326661901
"2319",3.60257326661901
"2320",3.60257326661901
"2321",3.60257326661901
"2322",3.60257326661901
"2323",3.60257326661901
"2324",3.60257326661901
"2325",3.60257326661901
"2326",3.60257326661901
"2327",3.60257326661901
"2328",3.45318084345961
"2329",3.45318084345961
"2330",3.45318084345961
"2331",3.71979985704074
"2332",3.46819156540386
"2333",3.5746962115797
"2334",3.71979985704074
"2335",3.44031451036455
"2336",3.71979985704074
"2337",3.63045032165833
"2338",3.71979985704074
"2339",3.71979985704074
"2340",3.71979985704074
"2341",3.55039313795568
"2342",3.71979985704074
"2343",3.71979985704074
"2344",3.1229449606862
"2345",3.48749106504646
"2346",3.71979985704074
"2347",3.71979985704074
"2348",3.71979985704074
"2349",3.71979985704074
"2350",3.71979985704074
"2351",3.71979985704074
"2352",3.5746962115797
"2353",3.71979985704074
"2354",3.31165117941387
"2355",3.71979985704074
"2356",3.71979985704074
"2357",3.30664760543245
"2358",3.71979985704074
"2359",3.71979985704074
"2360",3.34238741958542
"2361",3.71979985704074
"2362",3.5746962115797
"2363",3.71979985704074
"2364",3.71979985704074
"2365",3.71979985704074
"2366",3.30664760543245
"2367",3.71979985704074
"2368",3.63045032165833
"2369",3.31165117941387
"2370",3.71979985704074
"2371",3.63045032165833
"2372",3.71979985704074
"2373",3.31165117941387
"2374",3.30664760543245
"2375",3.61186561829878
"2376",3.71979985704074
"2377",3.15368120085776
"2378",3.71979985704074
"2379",3.71979985704074
"2380",3.71979985704074
"2381",3.71979985704074
"2382",3.71979985704074
"2383",3.71979985704074
"2384",3.71979985704074
"2385",3.71979985704074
"2386",3.71979985704074
"2387",3.71979985704074
"2388",3.33595425303788
"2389",3.30664760543245
"2390",3.71979985704074
"2391",3.71979985704074
"2392",3.71979985704074
"2393",3.18441744102931
"2394",3.71979985704074
"2395",3.71979985704074
"2396",3.71979985704074
"2397",3.31165117941387
"2398",3.71979985704074
"2399",3.71979985704074
"2400",3.71979985704074
"2401",3.48320228734811
"2402",3.71979985704074
"2403",3.30664760543245
"2404",3.71979985704074
"2405",3.71979985704074
"2406",3.55754110078628
"2407",3.50178699070765
"2408",3.55754110078628
"2409",3.55754110078628
"2410",3.29664045746962
"2411",3.4674767691208
"2412",3.55754110078628
"2413",3.55754110078628
"2414",3.55754110078628
"2415",3.55754110078628
"2416",3.55754110078628
"2417",3.55754110078628
"2418",3.55754110078628
"2419",3.55754110078628
"2420",3.55754110078628
"2421",3.55754110078628
"2422",3.4674767691208
"2423",3.55754110078628
"2424",3.55754110078628
"2425",3.55754110078628
"2426",3.55754110078628
"2427",3.55754110078628
"2428",3.55754110078628
"2429",3.35453895639743
"2430",3.55754110078628
"2431",3.26304503216583
"2432",3.30879199428163
"2433",3.73052180128663
"2434",3.15582558970693
"2435",3.62258756254467
"2436",3.62115796997856
"2437",3.73052180128663
"2438",3.56683345246605
"2439",3.73052180128663
"2440",3.62258756254467
"2441",3.62258756254467
"2442",3.73052180128663
"2443",3.56683345246605
"2444",3.73052180128663
"2445",3.47605432451751
"2446",3.56111508220157
"2447",3.62258756254467
"2448",3.73052180128663
"2449",3.73052180128663
"2450",3.62258756254467
"2451",3.73052180128663
"2452",3.64188706218728
"2453",3.34381701215154
"2454",3.45532523230879
"2455",3.54253037884203
"2456",3.73052180128663
"2457",3.51465332380272
"2458",3.34381701215154
"2459",3.73052180128663
"2460",3.38098641887062
"2461",3.73052180128663
"2462",3.56683345246605
"2463",3.20157255182273
"2464",3.30593280914939
"2465",3.65475339528234
"2466",3.45961401000715
"2467",3.30593280914939
"2468",3.56683345246605
"2469",3.56683345246605
"2470",3.50822015725518
"2471",3.64188706218728
"2472",3.73052180128663
"2473",3.73052180128663
"2474",3.22444603288063
"2475",3.56683345246605
"2476",3.56683345246605
"2477",3.73052180128663
"2478",3.73052180128663
"2479",3.50822015725518
"2480",3.56683345246605
"2481",3.38956397426733
"2482",3.39242315939957
"2483",3.64188706218728
"2484",3.65761258041458
"2485",3.73052180128663
"2486",3.45532523230879
"2487",3.62258756254467
"2488",3.45532523230879
"2489",3.74410293066476
"2490",3.74410293066476
"2491",3.74410293066476
"2492",3.74410293066476
"2493",3.74410293066476
"2494",3.74410293066476
"2495",3.74410293066476
"2496",3.74410293066476
"2497",3.74410293066476
"2498",3.74410293066476
"2499",3.74410293066476
"2500",3.45389563974267
"2501",3.47676912080057
"2502",3.75625446747677
"2503",3.53681200857756
"2504",3.68334524660472
"2505",3.53681200857756
"2506",3.75625446747677
"2507",3.47533952823445
"2508",3.75625446747677
"2509",3.53681200857756
"2510",3.75625446747677
"2511",3.47676912080057
"2512",3.75625446747677
"2513",3.66404574696212
"2514",3.75625446747677
"2515",3.31522516082916
"2516",3.75625446747677
"2517",3.75625446747677
"2518",3.75625446747677
"2519",3.66404574696212
"2520",3.75625446747677
"2521",3.75625446747677
"2522",3.75625446747677
"2523",3.68334524660472
"2524",3.75625446747677
"2525",3.75625446747677
"2526",3.75625446747677
"2527",3.75625446747677
"2528",3.75625446747677
"2529",3.66404574696212
"2530",3.75625446747677
"2531",3.75625446747677
"2532",3.64045746962116
"2533",3.85346676197284
"2534",3.85346676197284
"2535",3.85346676197284
"2536",3.85346676197284
"2537",3.85346676197284
"2538",3.73266619013581
"2539",3.85346676197284
"2540",3.85346676197284
"2541",3.85346676197284
"2542",3.85346676197284
"2543",3.85346676197284
"2544",3.85346676197284
"2545",3.85346676197284
"2546",3.85346676197284
"2547",3.85346676197284
"2548",3.85346676197284
"2549",3.41029306647605
"2550",3.84203002144389
"2551",3.45246604717655
"2552",3.84203002144389
"2553",3.84203002144389
"2554",3.84203002144389
"2555",3.84203002144389
"2556",3.84203002144389
"2557",3.84203002144389
"2558",3.84203002144389
"2559",3.84203002144389
"2560",3.67977126518942
"2561",3.67977126518942
"2562",3.84203002144389
"2563",3.67977126518942
"2564",3.67977126518942
"2565",3.84203002144389
"2566",3.84203002144389
"2567",3.67977126518942
"2568",3.84203002144389
"2569",3.58613295210865
"2570",3.84203002144389
"2571",3.84203002144389
"2572",3.67977126518942
"2573",3.84203002144389
"2574",3.67977126518942
"2575",3.84203002144389
"2576",3.84203002144389
"2577",3.67977126518942
"2578",3.67977126518942
"2579",3.84203002144389
"2580",3.27090779127949
"2581",3.27090779127949
"2582",3.84203002144389
"2583",3.84203002144389
"2584",3.84203002144389
"2585",3.84203002144389
"2586",3.67977126518942
"2587",3.73195139385275
"2588",3.73195139385275
"2589",3.73195139385275
"2590",3.73195139385275
"2591",3.45675482487491
"2592",3.73195139385275
"2593",3.73195139385275
"2594",3.73195139385275
"2595",3.73195139385275
"2596",3.73195139385275
"2597",3.73195139385275
"2598",3.73195139385275
"2599",3.45675482487491
"2600",3.73195139385275
"2601",3.73195139385275
"2602",3.73195139385275
"2603",3.73195139385275
"2604",3.73195139385275
"2605",3.73195139385275
"2606",3.73195139385275
"2607",3.73195139385275
"2608",3.73195139385275
"2609",3.73195139385275
"2610",3.73195139385275
"2611",3.73195139385275
"2612",3.90278770550393
"2613",3.90278770550393
"2614",3.76697641172266
"2615",3.76697641172266
"2616",3.76697641172266
"2617",3.76697641172266
"2618",3.76697641172266
"2619",3.76697641172266
"2620",3.76697641172266
"2621",3.76697641172266
"2622",3.76697641172266
"2623",3.76697641172266
"2624",3.76697641172266
"2625",3.76697641172266
"2626",3.76697641172266
"2627",3.76697641172266
"2628",3.76697641172266
"2629",3.76697641172266
"2630",3.76697641172266
"2631",3.76697641172266
"2632",3.76697641172266
"2633",3.76697641172266
"2634",3.76697641172266
"2635",3.76697641172266
"2636",3.76697641172266
"2637",3.32737669764117
"2638",3.76697641172266
"2639",3.76697641172266
"2640",3.76697641172266
"2641",3.76697641172266
"2642",3.76697641172266
"2643",3.76697641172266
"2644",3.76697641172266
"2645",3.76697641172266
"2646",3.76697641172266
"2647",3.76697641172266
"2648",3.76697641172266
"2649",3.76697641172266
"2650",3.76697641172266
"2651",3.76697641172266
"2652",3.76697641172266
"2653",3.76697641172266
"2654",3.76697641172266
"2655",3.76697641172266
"2656",3.76697641172266
"2657",3.76697641172266
"2658",3.76697641172266
"2659",3.76697641172266
"2660",3.76697641172266
"2661",3.76697641172266
"2662",3.76697641172266
"2663",3.76697641172266
"2664",3.76697641172266
"2665",3.76697641172266
"2666",3.76697641172266
"2667",3.76697641172266
"2668",3.76697641172266
"2669",3.76697641172266
"2670",3.76697641172266
"2671",3.76697641172266
"2672",3.76697641172266
"2673",3.76697641172266
"2674",3.76697641172266
"2675",3.76697641172266
"2676",3.5132237312366
"2677",3.76697641172266
"2678",3.76697641172266
"2679",3.76697641172266
"2680",3.76697641172266
"2681",3.76697641172266
"2682",3.76697641172266
"2683",3.76697641172266
"2684",3.76697641172266
"2685",3.49821300929235
"2686",3.49821300929235
"2687",3.49821300929235
"2688",3.49821300929235
"2689",3.49821300929235
"2690",3.49821300929235
"2691",3.49821300929235
"2692",3.49821300929235
"2693",3.49821300929235
"2694",3.49821300929235
"2695",3.49821300929235
"2696",3.49821300929235
"2697",3.49821300929235
"2698",3.49821300929235
"2699",3.49821300929235
"2700",3.49821300929235
"2701",3.49821300929235
"2702",3.49821300929235
"2703",3.49821300929235
"2704",3.49821300929235
"2705",3.49821300929235
"2706",3.49821300929235
"2707",3.49821300929235
"2708",3.49821300929235
"2709",3.49821300929235
"2710",3.49821300929235
"2711",3.49821300929235
"2712",3.49821300929235
"2713",3.49821300929235
"2714",3.49821300929235
"2715",3.49821300929235
"2716",3.49821300929235
"2717",3.49821300929235
"2718",3.49821300929235
"2719",3.49821300929235
"2720",3.49821300929235
"2721",3.49821300929235
"2722",3.49821300929235
"2723",3.49821300929235
"2724",3.69406719085061
"2725",3.69406719085061
"2726",3.69406719085061
"2727",3.69406719085061
"2728",3.69406719085061
"2729",3.69406719085061
"2730",3.59685489635454
"2731",3.59685489635454
"2732",3.69406719085061
"2733",3.69406719085061
"2734",3.69406719085061
"2735",3.69406719085061
"2736",3.69406719085061
"2737",3.59685489635454
"2738",3.69406719085061
"2739",3.69406719085061
"2740",3.69406719085061
"2741",3.69406719085061
"2742",3.69406719085061
"2743",3.59685489635454
"2744",3.69406719085061
"2745",3.83845604002859
"2746",3.83845604002859
"2747",3.83845604002859
"2748",3.83845604002859
"2749",3.83845604002859
"2750",3.83845604002859
"2751",3.83845604002859
"2752",2.97319513938528
"2753",2.90385989992852
"2754",2.73159399571122
"2755",2.72087205146533
"2756",2.75732666190136
"2757",2.85453895639743
"2758",2.76804860614725
"2759",2.6951393852752
"2760",2.83952823445318
"2761",2.84310221586848
"2762",4.15260900643317
"2763",2.70800571837026
"2764",2.78591851322373
"2765",3.10042887776984
"2766",3.70514653323803
"2767",3.33559685489635
"2768",3.10829163688349
"2769",3.05325232308792
"2770",2.97748391708363
"2771",2.94031451036455
"2772",2.7759113652609
"2773",2.9446032880629
"2774",3.07326661901358
"2775",2.55861329521086
"2776",2.75160829163688
"2777",3.04253037884203
"2778",3.06754824874911
"2779",2.93531093638313
"2780",2.98749106504646
"2781",2.92959256611866
"2782",3.00321658327377
"2783",2.90457469621158
"2784",2.89742673338099
"2785",2.74517512508935
"2786",3.00750536097212
"2787",3.06254467476769
"2788",2.49928520371694
"2789",2.6036454610436
"2790",2.57147962830593
"2791",3.12258756254467
"2792",2.73302358827734
"2793",2.51143674052895
"2794",2.98606147248034
"2795",3.08899213724089
"2796",3.19478198713367
"2797",4.02108649035025
