"influenza.Num","influenza_nodes"
"1","P15311"
"2","P49736"
"3","P35520"
"4","P02511"
"5","O14641"
"6","Q92997"
"7","Q06547"
"8","O00505"
"9","O14639"
"10","P43360"
"11","P43364"
"12","P50222"
"13","Q13126"
"14","Q16656"
"15","P45984"
"16","Q99942"
"17","Q8IUQ4"
"18","O95793"
"19","Q99081"
"20","Q12800"
"21","Q13077"
"22","P63279"
"23","P10746"
"24","Q13155"
"25","O14503"
"26","O75569"
"27","P51116"
"28","Q9Y5P4"
"29","O75608"
"30","O43889"
"31","O75525"
"32","Q93062"
"33","Q9UKT9"
"34","O60684"
"35","Q9UJ41"
"36","Q9NZF1"
"37","Q9UJC3"
"38","Q8N9N5"
"39","Q7LBR1"
"40","Q96AT1"
"41","Q9HA38"
"42","Q96IK5"
"43","Q96T21"
"44","Q96FZ7"
"45","Q9H898"
"46","Q8NHQ1"
"47","Q9BXR0"
"48","Q8N6Y0"
"49","Q6P1W5"
"50","Q96MC5"
"51","Q96DZ9"
"52","Q96D05"
"53","Q8N448"
"54","Q8N661"
"55","Q8N5I3"
"56","Q14258"
"57","Q9Y224"
"58","P24928"
"59","O43707"
"60","P34949"
"61","Q9H0E9"
"62","Q96P70"
"63","Q15038"
"64","Q96EB1"
"65","P02794"
"66","P49848"
"67","P46781"
"68","Q9Y287"
"69","P62913"
"70","Q13315"
"71","Q9NTK5"
"72","P06396"
"73","Q32MZ4"
"74","Q8NBZ7"
"75","P68104"
"76","Q8NF05"
"77","P62917"
"78","P02795"
"79","P29692"
"80","Q7Z3B4"
"81","P12004"
"82","P59910"
"83","P15104"
"84","Q9BRH9"
"85","P23141"
"86","Q13111"
"87","Q13287"
"88","O14818"
"89","Q8TDD1"
"90","P25685"
"91","Q16587"
"92","Q9NX74"
"93","P18583"
"94","Q9NUL3"
"95","O14908"
"96","O14907"
"97","P49589"
"98","Q9UBW7"
"99","Q92966"
"100","P40429"
"101","Q07817"
"102","P62750"
"103","Q49A26"
"104","Q9H1D9"
"105","Q96HA1"
"106","Q6PI77"
"107","Q96RT1"
"108","Q15942"
"109","Q13227"
"110","P21912"
"111","O75348"
"112","P15822"
"113","P06733"
"114","Q5SXM2"
"115","Q9Y2V7"
"116","Q9UIA0"
"117","P63010"
"118","Q9Y244"
"119","P08865"
"120","Q08AM6"
"121","O95229"
"122","P07942"
"123","Q9Y6N6"
"124","O95219"
"125","Q4J6C6"
"126","Q8N4C6"
"127","P35658"
"128","Q8TD31"
"129","P01857"
"130","Q96MW5"
"131","Q9H3R5"
"132","Q13561"
"133","O95639"
"134","Q9UI10"
"135","O75844"
"136","O96013"
"137","Q9BUJ2"
"138","P12236"
"139","P11142"
"140","P25205"
"141","P33993"
"142","P33991"
"143","P33992"
"144","Q8WYJ6"
"145","O75489"
"146","Q13362"
"147","P23497"
"148","Q13190"
"149","O75410"
"150","Q15633"
"151","Q12933"
"152","Q15654"
"153","P24278"
"154","Q9H2G9"
"155","Q8ND90"
"156","Q9Y5V3"
"157","Q6IB77"
"158","Q96B26"
"159","Q9UL40"
"160","Q9H3Q1"
"161","Q9Y305"
"162","P81877"
"163","Q9Y6X0"
"164","Q9H190"
"165","Q6IBW4"
"166","Q9H892"
"167","Q9UHQ4"
"168","Q9P1Z2"
"169","Q8N5R6"
"170","Q8NF50"
"171","Q96IP2"
"172","Q96FJ2"
"173","Q8TD10"
"174","Q96EC8"
"175","P0C7W6"
"176","P51784"
"177","P0CG47"
"178","Q6P2I0"
"179","P12235"
"180","Q9Y3I0"
"181","Q71U36"
"182","Q5VTE0"
"183","Q7L2E3"
"184","P68371"
"185","Q9HCE1"
"186","Q08380"
"187","Q14103"
"188","Q00839"
"189","P15880"
"190","Q86YZ3"
"191","P12036"
"192","Q9Y6M1"
"193","Q86U42"
"194","O00425"
"195","Q13151"
"196","O14979"
"197","Q12906"
"198","P63104"
"199","P05141"
"200","P51991"
"201","Q92569"
"202","P26599"
"203","P52597"
"204","P46782"
"205","Q8N163"
"206","P62805"
"207","P09651"
"208","Q99729"
"209","P22626"
"210","Q07666"
"211","Q9NZI8"
"212","P07437"
"213","Q15717"
"214","P55265"
"215","O43143"
"216","Q92900"
"217","P31942"
"218","Q9Y2I1"
"219","P16989"
"220","Q12905"
"221","P43243"
"222","P61981"
"223","O00459"
"224","Q5JVF3"
"225","P38159"
"226","O60506"
"227","P23396"
"228","P14866"
"229","P84090"
"230","Q13310"
"231","P31943"
"232","Q05639"
"233","Q15366"
"234","P42336"
"235","Q9UKM9"
"236","P27348"
"237","Q8WWM7"
"238","P62258"
"239","O14654"
"240","Q3BBV2"
"241","P61978"
"242","P67809"
"243","O43390"
"244","P27986"
"245","P11940"
"246","P07910"
"247","P42338"
"248","P46783"
"249","P05386"
"250","P31946"
"251","P62847"
"252","Q9NNW5"
"253","Q08211"
"254","Q02878"
"255","P18621"
"256","P62899"
"257","P62910"
"258","P62829"
"259","P62249"
"260","P49207"
"261","P18124"
"262","Q9BTM1"
"263","P61513"
"264","P62888"
"265","Q9UNX3"
"266","P61313"
"267","Q6FI13"
"268","P46779"
"269","Q8NC51"
"270","P50914"
"271","Q7L7L0"
"272","P0C0S8"
"273","Q07020"
"274","P42766"
"275","P84098"
"276","P34931"
"277","P62854"
"278","P62280"
"279","Q16777"
"280","P62424"
"281","Q99714"
"282","P39023"
"283","P20671"
"284","P46776"
"285","P05388"
"286","Q92522"
"287","P39019"
"288","P83881"
"289","Q93077"
"290","P63220"
"291","P62861"
"292","P83731"
"293","P63173"
"294","P46778"
"295","P61254"
"296","Q96KK5"
"297","P35268"
"298","Q969Q0"
"299","Q99878"
"300","P36578"
"301","P04908"
"302","P30050"
"303","P60866"
"304","Q9Y265"
"305","P60660"
"306","P23528"
"307","Q562R1"
"308","P0DP25"
"309","Q9Y230"
"310","P35580"
"311","Q02539"
"312","Q92804"
"313","P35637"
"314","P62269"
"315","Q32P51"
"316","P22492"
"317","Q10570"
"318","Q9H0C2"
"319","P63267"
"320","Q9NPA8"
"321","P25398"
"322","P62736"
"323","P07900"
"324","Q9HAV0"
"325","P62879"
"326","P07195"
"327","P16520"
"328","P08238"
"329","Q3ZCQ8"
"330","P60174"
"331","P22087"
"332","P12277"
"333","Q8NHW5"
"334","P62873"
"335","P10809"
"336","P14174"
"337","P68366"
"338","P35579"
"339","O00159"
"340","P04075"
"341","Q15365"
"342","Q9GZV4"
"343","P62136"
"344","Q8N0Y7"
"345","P55795"
"346","P06748"
"347","P57721"
"348","P18669"
"349","P06454"
"350","P07737"
"351","P13639"
"352","P48643"
"353","P40926"
"354","P30041"
"355","P00558"
"356","P36873"
"357","P04406"
"358","P62937"
"359","P63241"
"360","P29966"
"361","P22234"
"362","Q6IS14"
"363","P62140"
"364","Q7Z406"
"365","P80723"
"366","O75369"
"367","P27797"
"368","P06576"
"369","P15259"
"370","P62306"
"371","P54105"
"372","O94986"
"373","Q8WXF7"
"374","Q03001"
"375","Q9BVV6"
"376","Q8TD26"
"377","Q9BV20"
"378","P61457"
"379","P17844"
"380","Q7RTY1"
"381","Q9Y2K1"
"382","P10643"
"383","P04233"
"384","P01871"
"385","O15287"
"386","Q9NP64"
"387","Q92905"
"388","Q9HAU4"
"389","P52294"
"390","Q9Y262"
"391","P51948"
"392","Q14764"
"393","Q8NI08"
"394","Q03188"
"395","Q9NY93"
"396","O15226"
"397","Q96SI9"
"398","Q14160"
"399","Q9C099"
"400","Q9NYF8"
"401","Q5TA45"
"402","Q9Y6X2"
"403","Q9Y692"
"404","Q13105"
"405","Q8NC69"
"406","P19429"
"407","Q674X7"
"408","Q9NS73"
"409","P27540"
"410","Q9H257"
"411","P63167"
"412","O43303"
"413","P63208"
"414","Q9BUQ8"
"415","Q5T890"
"416","Q96QL0"
"417","Q5R3I4"
"418","P32298"
"419","Q9ULD4"
"420","Q9UKU0"
"421","Q9UJS0"
"422","Q9UHC7"
"423","Q9NXZ2"
"424","Q9NRW1"
"425","Q9HC62"
"426","Q9H5N1"
"427","Q9H2D6"
"428","Q9BYC5"
"429","Q9BWT3"
"430","Q9BQA1"
"431","Q96RR1"
"432","Q96RL8"
"433","Q96JM3"
"434","Q96CG3"
"435","Q96AQ8"
"436","Q8TB52"
"437","Q8IVL1"
"438","Q8NEM8"
"439","Q8NEE8"
"440","Q8ND71"
"441","Q8J014"
"442","Q8IZ69"
"443","Q86VQ0"
"444","Q86VD7"
"445","Q6ZWL3"
"446","Q6ZV73"
"447","Q6ZN84"
"448","Q6XUX3"
"449","Q6Q0C0"
"450","Q6NVV8"
"451","Q6FHH0"
"452","Q68DK2"
"453","Q66K75"
"454","Q5VTQ0"
"455","Q5VTH9"
"456","Q5R372"
"457","Q59FY4"
"458","Q53GS7"
"459","Q1RLM6"
"460","Q14BN4"
"461","Q14974"
"462","Q12901"
"463","P68363"
"464","P54136"
"465","P52732"
"466","P51659"
"467","P50990"
"468","P46459"
"469","P42696"
"470","P26440"
"471","P19338"
"472","P19320"
"473","P18206"
"474","P14136"
"475","P11387"
"476","P11021"
"477","P0DMV8"
"478","O76039"
"479","O75928"
"480","O60826"
"481","O60447"
"482","O43395"
"483","O43167"
"484","O14744"
"485","O00571"
"486","D3DTH7"
"487","B3GQS7"
"488","B0YJC5"
"489","A8MW92"
"490","A6NK53"
"491","A6NI56"
"492","A5YP36"
"493","A0A024R0Q3"
"494","Q92878"
"495","Q9Y592"
"496","P43304"
"497","A8K979"
"498","P78324"
"499","Q9Y6K8"
"500","Q9Y5K6"
"501","Q9Y5B0"
"502","Q9Y240"
"503","Q9P2J8"
"504","Q9NSY0"
"505","Q9NQZ5"
"506","Q9NPB1"
"507","Q9H7E2"
"508","Q9BZ63"
"509","Q9BX69"
"510","Q9BUP3"
"511","Q96RE1"
"512","Q96PP8"
"513","Q96M69"
"514","Q96JE9"
"515","Q96I65"
"516","Q96I23"
"517","Q96DZ5"
"518","Q96AX2"
"519","Q8TE49"
"520","Q8TDX6"
"521","Q8NE79"
"522","Q8N4X5"
"523","Q8IZY2"
"524","Q8IZ26"
"525","Q8IYI6"
"526","Q86YB2"
"527","Q86UX7"
"528","Q7Z419"
"529","Q70EK9"
"530","Q6ZS94"
"531","Q6ZP65"
"532","Q6ZMI0"
"533","Q6IPN6"
"534","Q6DKK2"
"535","Q58F21"
"536","Q49A88"
"537","Q3LIF1"
"538","Q3LFD5"
"539","Q14964"
"540","Q13795"
"541","Q13439"
"542","Q12931"
"543","Q07866"
"544","Q00013"
"545","P78368"
"546","P43686"
"547","P35998"
"548","P30291"
"549","P62191"
"550","P49761"
"551","P49411"
"552","P02679"
"553","P00742"
"554","O75688"
"555","O60825"
"556","O60547"
"557","O60282"
"558","O15119"
"559","O14709"
"560","H0UI45"
"561","B7ZMM1"
"562","B7ZM74"
"563","B7ZM21"
"564","A8K8P3"
"565","A0MZ66"
"566","A0A024R382"
"567","Q86UT6"
"568","Q99959"
"569","Q14318"
"570","Q8WV44"
"571","K7EK43"
"572","P43307"
"573","P53007"
"574","O43251"
"575","Q9P035"
"576","Q9Y2X3"
"577","O00165"
"578","Q8WVX9"
"579","Q9NVI1"
"580","A0FGR8"
"581","O75190"
"582","O14735"
"583","Q00587"
"584","P56134"
"585","Q9Y4R8"
"586","Q6P1M0"
"587","Q9H936"
"588","Q9NXS2"
"589","C9J406"
"590","P01889"
"591","P38435"
"592","Q9Y678"
"593","Q99653"
"594","Q8WWC4"
"595","Q9UBB4"
"596","Q13033"
"597","O43815"
"598","P46977"
"599","O14828"
"600","O00264"
"601","P46087"
"602","Q92542"
"603","P13591"
"604","P11717"
"605","Q9NZL4"
"606","P51114"
"607","Q9Y282"
"608","Q9UBM7"
"609","Q92499"
"610","Q9H3G5"
"611","Q96A33"
"612","P61964"
"613","Q96KN7"
"614","O43264"
"615","Q5SRD1"
"616","Q96TA2"
"617","P22695"
"618","Q6P3X3"
"619","O43617"
"620","Q9H3N1"
"621","P42167"
"622","Q9UM00"
"623","Q9Y5M8"
"624","Q9NTJ3"
"625","P08195"
"626","Q96ER3"
"627","Q6NUQ1"
"628","P40938"
"629","P43487"
"630","O60831"
"631","P40855"
"632","Q9NX40"
"633","Q92621"
"634","Q5SRE5"
"635","Q8WUM0"
"636","A6NEC2"
"637","Q5C9Z4"
"638","Q9UBB6"
"639","P51617"
"640","O00410"
"641","Q86VS8"
"642","Q7Z4Q2"
"643","Q8TEQ6"
"644","Q9BXW9"
"645","Q9Y3D0"
"646","Q9NRY5"
"647","Q96BN8"
"648","O94905"
"649","Q13144"
"650","Q9NR50"
"651","P49770"
"652","Q14232"
"653","Q5VYK3"
"654","Q99956"
"655","P50570"
"656","Q05193"
"657","Q9UHI6"
"658","Q8WTW3"
"659","Q9NX63"
"660","Q15517"
"661","O75419"
"662","Q9Y6E2"
"663","Q7L1Q6"
"664","O14981"
"665","Q9UI12"
"666","P38606"
"667","P56385"
"668","Q6NXE6"
"669","P51648"
"670","Q8NI60"
"671","Q9NYU2"
"672","Q9C037"
"673","P13667"
"674","O14967"
"675","P55084"
"676","Q96CS3"
"677","P08572"
"678","O94788"
"679","Q8NBP0"
"680","Q96Q05"
"681","Q8IUR0"
"682","Q9Y296"
"683","P48553"
"684","P36897"
"685","Q9NZ01"
"686","P27635"
"687","P23458"
"688","P01892"
"689","Q9BZQ6"
"690","P61962"
"691","Q5HYK3"
"692","Q9NQ92"
"693","Q8WVR3"
"694","Q6RW13"
"695","P09012"
"696","Q96E29"
"697","Q7Z7F7"
"698","Q8N5N7"
"699","Q9NRX2"
"700","Q9NUD5"
"701","O95900"
"702","P37108"
"703","P08579"
"704","P09661"
"705","P08621"
"706","O76021"
"707","Q5JNZ5"
"708","Q9NQ39"
"709","Q96L21"
"710","P47897"
"711","Q00577"
"712","Q96EY7"
"713","O75127"
"714","Q99575"
"715","Q9H814"
"716","Q09161"
"717","Q96I59"
"718","P82933"
"719","Q9Y2R9"
"720","P82932"
"721","P82675"
"722","P82673"
"723","P82930"
"724","Q92665"
"725","Q9NP92"
"726","Q9Y2Q9"
"727","Q9BYN8"
"728","P82663"
"729","Q9Y3D9"
"730","P82650"
"731","P82921"
"732","Q9Y399"
"733","Q9Y676"
"734","Q9Y2R5"
"735","Q9Y3D3"
"736","P82914"
"737","P82912"
"738","P82664"
"739","Q9BYD2"
"740","Q13405"
"741","Q96GC5"
"742","Q9HD33"
"743","Q9H2W6"
"744","Q9BRJ2"
"745","Q9H9J2"
"746","Q8N983"
"747","Q8IXM3"
"748","Q9BYD3"
"749","Q9NYK5"
"750","Q96DV4"
"751","Q9BZE1"
"752","P09001"
"753","Q13084"
"754","Q9P0M9"
"755","Q96A35"
"756","Q16540"
"757","Q9NWU5"
"758","Q7Z2W9"
"759","Q5T653"
"760","P49406"
"761","Q9NX20"
"762","Q9P015"
"763","Q6P1L8"
"764","Q9BYD1"
"765","P52815"
"766","Q9Y3B7"
"767","Q9BYD6"
"768","Q9Y383"
"769","Q4G0J3"
"770","Q659C4"
"771","Q6PKG0"
"772","P52292"
"773","Q14197"
"774","O60812"
"775","Q9BVP2"
"776","Q8TAE8"
"777","O75616"
"778","O60832"
"779","P51398"
"780","Q01081"
"781","O15016"
"782","P84103"
"783","P0CB38"
"784","Q9NX24"
"785","P52298"
"786","Q7L2J0"
"787","O00629"
"788","Q1KMD3"
"789","Q9NZB2"
"790","Q99848"
"791","Q12904"
"792","Q15020"
"793","O60783"
"794","P04818"
"795","Q7Z4H7"
"796","O94927"
"797","Q68CZ6"
"798","Q96CN9"
"799","Q5T1M5"
"800","Q5SW79"
"801","D6RBZ0"
"802","Q13595"
"803","P11388"
"804","Q8WXA9"
"805","Q71UM5"
"806","Q9NW13"
"807","Q9NPE3"
"808","P55769"
"809","Q9BYG3"
"810","O95232"
"811","Q96QV6"
"812","Q12926"
"813","Q9NVP1"
"814","Q96CT7"
"815","Q9BU76"
"816","O14578"
"817","P13674"
"818","Q13451"
"819","Q8NCA5"
"820","P35080"
"821","P50542"
"822","O75381"
"823","Q96RP9"
"824","Q15075"
"825","Q8NEU8"
"826","Q96R06"
"827","Q9Y448"
"828","Q99417"
"829","P78559"
"830","Q9H2U1"
"831","Q9Y4F1"
"832","Q53H12"
"833","P10644"
"834","P17612"
"835","P00403"
"836","Q9Y2X9"
"837","Q6NZY4"
"838","O95071"
"839","Q13049"
"840","Q9BVV7"
"841","Q9BQ70"
"842","Q8IX01"
"843","Q9UNE7"
"844","P53814"
"845","P42285"
"846","P61619"
"847","O15027"
"848","Q9BRK5"
"849","O43819"
"850","Q6R327"
"851","Q15293"
"852","Q5H9R7"
"853","Q9UPN7"
"854","O00743"
"855","P30876"
"856","P07237"
"857","P57740"
"858","O75306"
"859","Q9P0J0"
"860","Q15773"
"861","Q3KQU3"
"862","Q13257"
"863","Q9Y4W2"
"864","Q14145"
"865","Q6DN90"
"866","P78318"
"867","P19367"
"868","Q12789"
"869","Q96D09"
"870","O15371"
"871","Q99615"
"872","Q9Y2G8"
"873","O75953"
"874","Q9UDY4"
"875","Q9NXW2"
"876","Q9H078"
"877","Q6P1J9"
"878","Q9C0C7"
"879","P00352"
"880","O43823"
"881","Q9H845"
"882","Q15386"
"883","Q12816"
"884","P46013"
"885","Q9ULT8"
"886","Q9UL15"
"887","Q5VTE6"
"888","Q12769"
"889","Q9BRT8"
"890","Q92526"
"891","Q9P2F8"
"892","Q9NWB1"
"893","O75340"
"894","Q12840"
"895","P51570"
"896","Q8WWF6"
"897","Q14677"
"898","Q12955"
"899","O15269"
"900","Q04721"
"901","Q8NG31"
"902","Q5TC82"
"903","Q9NY74"
"904","Q8WY36"
"905","Q9UGI0"
"906","Q86VM9"
"907","O95785"
"908","Q13188"
"909","Q06587"
"910","Q2KHR3"
"911","Q9NYI0"
"912","Q8NEY8"
"913","Q8IY17"
"914","Q96RG2"
"915","Q9BPZ7"
"916","Q9BY89"
"917","Q8NCD3"
"918","Q96QD9"
"919","Q6ZRV2"
"920","Q9UK61"
"921","Q9H9B1"
"922","O60716"
"923","Q5JTW2"
"924","Q96L14"
"925","Q86X55"
"926","O43852"
"927","Q9UNK9"
"928","Q9Y4W6"
"929","Q8NCN2"
"930","O43379"
"931","Q9BV38"
"932","Q8TED0"
"933","P49755"
"934","Q9HC21"
"935","Q6P4A7"
"936","Q9H4B6"
"937","P40937"
"938","Q5THK1"
"939","Q15120"
"940","Q15051"
"941","Q9BT25"
"942","Q8WUH6"
"943","Q8IZT6"
"944","Q8IWZ3"
"945","Q9Y312"
"946","Q9H582"
"947","Q9BX40"
"948","Q13501"
"949","P10909"
"950","Q9H5Q4"
"951","P08240"
"952","Q14684"
"953","P56182"
"954","Q5T160"
"955","Q14671"
"956","O94906"
"957","Q7L5N7"
"958","Q8TCT9"
"959","O75146"
"960","Q9BTE7"
"961","O14579"
"962","O95400"
"963","O75947"
"964","O75152"
"965","Q02880"
"966","Q96SB4"
"967","Q9NQ55"
"968","Q9H0X9"
"969","O15381"
"970","Q9H0A0"
"971","Q8N9T8"
"972","Q96GQ7"
"973","Q96KR1"
"974","Q2NL82"
"975","Q05519"
"976","Q14690"
"977","O15294"
"978","Q8NC60"
"979","Q13823"
"980","Q13206"
"981","Q14137"
"982","Q9NYY8"
"983","Q16555"
"984","P10301"
"985","Q9BZM5"
"986","Q9HAC8"
"987","Q8TC07"
"988","Q9NQ84"
"989","Q9Y6M4"
"990","Q01831"
"991","Q8WTT2"
"992","P49916"
"993","Q5SSJ5"
"994","O75717"
"995","Q96EY8"
"996","O60293"
"997","Q9C0J8"
"998","P23381"
"999","A6NKF1"
"1000","P48634"
"1001","O00329"
"1002","O60318"
"1003","Q96PV6"
"1004","Q9Y4H2"
"1005","Q9P1Y5"
"1006","P35609"
"1007","Q8IWY8"
"1008","O14795"
"1009","Q9UPW8"
"1010","O75400"
"1011","Q2M1P5"
"1012","Q12768"
"1013","Q6UN15"
"1014","Q9H5H4"
"1015","Q9UDV7"
"1016","Q9Y4E8"
"1017","Q13573"
"1018","Q92599"
"1019","O75147"
"1020","Q9BSD7"
"1021","Q6UB35"
"1022","P27816"
"1023","P35568"
"1024","P62993"
"1025","Q01780"
"1026","Q96N67"
"1027","Q9Y2L1"
"1028","Q9UPY3"
"1029","Q9P2I0"
"1030","Q6FI81"
"1031","P27482"
"1032","Q8TCU4"
"1033","Q86UA1"
"1034","O00562"
"1035","O00754"
"1036","O14545"
"1037","Q9BYJ9"
"1038","Q5JTV8"
"1039","Q9UH99"
"1040","Q8NB90"
"1041","Q9Y3Z3"
"1042","O60518"
"1043","P04049"
"1044","O95163"
"1045","Q6NW34"
"1046","P10398"
"1047","Q7Z736"
"1048","Q8TCN5"
"1049","Q9NXH9"
"1050","Q9NUJ3"
"1051","Q9Y6J9"
"1052","P31948"
"1053","Q14683"
"1054","Q07864"
"1055","P08237"
"1056","Q9NVE7"
"1057","Q14978"
"1058","Q7Z3U7"
"1059","Q86VI3"
"1060","Q14527"
"1061","Q9UJ14"
"1062","Q14697"
"1063","Q96BY7"
"1064","Q12797"
"1065","Q9UKA4"
"1066","P28288"
"1067","Q8IWA0"
"1068","Q9BVI4"
"1069","Q96RT8"
"1070","Q8N201"
"1071","Q06265"
"1072","Q9BVQ7"
"1073","Q9HBE1"
"1074","Q8IWC1"
"1075","Q9C0D2"
"1076","Q96DF8"
"1077","P51587"
"1078","O95429"
"1079","Q92974"
"1080","Q8TBG4"
"1081","Q9HCK1"
"1082","Q70EL1"
"1083","Q9BZR9"
"1084","Q13043"
"1085","Q8N0Z3"
"1086","Q9UQE7"
"1087","Q9BWH6"
"1088","Q13393"
"1089","Q92615"
"1090","Q96KQ7"
"1091","Q6PI48"
"1092","P31327"
"1093","Q86YA3"
"1094","Q6PGQ7"
"1095","P50897"
"1096","Q13217"
"1097","P49815"
"1098","Q8NFQ8"
"1099","Q96JJ7"
"1100","Q6YHU6"
"1101","P02786"
"1102","O15270"
"1103","Q9H173"
"1104","Q9UBV2"
"1105","Q6ZRP7"
"1106","Q8IV08"
"1107","Q6P996"
"1108","Q13438"
"1109","Q86WA8"
"1110","P01130"
"1111","O43156"
"1112","Q9BTY2"
"1113","Q93063"
"1114","Q96KP1"
"1115","P42892"
"1116","Q9Y2Z0"
"1117","Q9H9E3"
"1118","Q8NE01"
"1119","Q9ULG6"
"1120","Q9NY47"
"1121","Q93084"
"1122","P05067"
"1123","Q07955"
"1124","Q00872"
"1125","Q5SUL5"
"1126","Q8NBM4"
"1127","Q99523"
"1128","P30154"
"1129","O60462"
"1130","P33908"
"1131","O95490"
"1132","P49257"
"1133","O94829"
"1134","Q9Y625"
"1135","P06280"
"1136","Q92538"
"1137","O75976"
"1138","O00116"
"1139","O15018"
"1140","Q6V0I7"
"1141","Q9BUP0"
"1142","Q12996"
"1143","P33240"
"1144","Q9UKF6"
"1145","Q13425"
"1146","O94885"
"1147","P09234"
"1148","Q4JDL3"
"1149","Q9NQ50"
"1150","Q9BXJ3"
"1151","Q8NEC5"
"1152","Q8TC57"
"1153","Q9Y2Z4"
"1154","Q7Z2T5"
"1155","Q9NRX1"
"1156","Q9Y4D8"
"1157","O95379"
"1158","Q9P0K7"
"1159","Q9UHV9"
"1160","P35250"
"1161","Q8N5C8"
"1162","Q9P2W9"
"1163","Q13547"
"1164","P35453"
"1165","Q8N1B4"
"1166","O14776"
"1167","Q9NXE4"
"1168","O43933"
"1169","O75251"
"1170","Q6IAN0"
"1171","P53804"
"1172","Q96NB2"
"1173","Q8N122"
"1174","Q9H974"
"1175","P31321"
"1176","Q4KWH8"
"1177","O15067"
"1178","Q8NEY1"
"1179","Q9NVN8"
"1180","Q8IWF2"
"1181","Q6P444"
"1182","Q9H0W5"
"1183","P48651"
"1184","Q9BYW2"
"1185","Q6NTF9"
"1186","O00411"
"1187","O00443"
"1188","Q9UPP1"
"1189","Q5SY16"
"1190","Q86XI2"
"1191","Q96GX5"
"1192","Q96J84"
"1193","P42694"
"1194","Q7Z460"
"1195","Q9HCN4"
"1196","Q99996"
"1197","O15350"
"1198","Q9H4L4"
"1199","Q6NSJ2"
"1200","Q16352"
"1201","Q9Y5Q8"
"1202","Q14999"
"1203","O96008"
"1204","Q9HB90"
"1205","Q9UPN3"
"1206","Q96CS2"
"1207","P78406"
"1208","Q9UKK6"
"1209","Q9UBU9"
"1210","P52948"
"1211","Q15185"
"1212","P06730"
"1213","Q8NDT2"
"1214","P62491"
"1215","Q9UKX7"
"1216","O15131"
"1217","P62826"
"1218","P52272"
"1219","P35606"
"1220","Q9UMR2"
"1221","Q9NUU7"
"1222","P46060"
"1223","Q9H1M0"
"1224","P37198"
"1225","Q14739"
"1226","Q14494"
"1227","Q7Z6Z7"
"1228","V9GY61"
"1229","Q9Y4B6"
"1230","Q9ULX6"
"1231","Q9ULD2"
"1232","Q9BW61"
"1233","Q9BUL8"
"1234","Q9BUF5"
"1235","Q96K17"
"1236","Q96EY1"
"1237","Q96D53"
"1238","Q92688"
"1239","Q92598"
"1240","Q68D27"
"1241","Q16531"
"1242","Q14257"
"1243","Q13347"
"1244","Q13263"
"1245","Q01105"
"1246","P54652"
"1247","P39687"
"1248","P34932"
"1249","P31689"
"1250","P27105"
"1251","P19388"
"1252","P17066"
"1253","P11279"
"1254","P05455"
"1255","O95816"
"1256","O75718"
"1257","O75494"
"1258","O60884"
"1259","O15355"
"1260","O00267"
"1261","I3L318"
"1262","H3BS86"
"1263","H0YBB4"
"1264","F5H7A5"
"1265","F5H0Y3"
"1266","E9PMD8"
"1267","E9PK54"
"1268","E7ERX5"
"1269","C9JLU1"
"1270","C9J4M6"
"1271","C9J2P2"
"1272","P25705"
"1273","P25786"
"1274","P25787"
"1275","P25789"
"1276","P26378"
"1277","P26641"
"1278","P27708"
"1279","P27824"
"1280","P28070"
"1281","P28072"
"1282","P28074"
"1283","P28799"
"1284","P28838"
"1285","P30044"
"1286","P30048"
"1287","P30049"
"1288","P30101"
"1289","P30153"
"1290","P30443"
"1291","P30519"
"1292","P30825"
"1293","P30837"
"1294","P31040"
"1295","P31151"
"1296","P31153"
"1297","P31930"
"1298","P32119"
"1299","P33176"
"1300","P35232"
"1301","P35249"
"1302","P35573"
"1303","P35900"
"1304","P36542"
"1305","P36957"
"1306","P37802"
"1307","P38919"
"1308","P39656"
"1309","P40616"
"1310","P40939"
"1311","P41208"
"1312","P41250"
"1313","P41252"
"1314","P42224"
"1315","P42330"
"1316","P42345"
"1317","P42356"
"1318","P42695"
"1319","P42704"
"1320","P43003"
"1321","P45973"
"1322","P46109"
"1323","P46379"
"1324","P47756"
"1325","P48047"
"1326","P48556"
"1327","P48735"
"1328","P49006"
"1329","P49321"
"1330","P49327"
"1331","P49368"
"1332","P49458"
"1333","P49720"
"1334","P49721"
"1335","P49756"
"1336","P49902"
"1337","P50402"
"1338","P50454"
"1339","P50748"
"1340","P50991"
"1341","P50993"
"1342","P51148"
"1343","P51571"
"1344","P51610"
"1345","P51809"
"1346","P52701"
"1347","P53396"
"1348","P53680"
"1349","P53701"
"1350","P53985"
"1351","P54707"
"1352","P54709"
"1353","P54886"
"1354","P55036"
"1355","P55058"
"1356","P55060"
"1357","P55072"
"1358","P55209"
"1359","P55735"
"1360","P55786"
"1361","P56192"
"1362","P56381"
"1363","P57088"
"1364","P57678"
"1365","P58546"
"1366","P59998"
"1367","P60033"
"1368","P60468"
"1369","P60604"
"1370","P60709"
"1371","P60842"
"1372","P60900"
"1373","P60903"
"1374","P60953"
"1375","P61163"
"1376","P61165"
"1377","P61204"
"1378","P61221"
"1379","P61247"
"1380","P61326"
"1381","P61421"
"1382","P62195"
"1383","P62304"
"1384","P62314"
"1385","P62316"
"1386","P62318"
"1387","P62333"
"1388","P62633"
"1389","P62714"
"1390","P62851"
"1391","P62979"
"1392","P62995"
"1393","P63151"
"1394","P63244"
"1395","P63261"
"1396","P67775"
"1397","P68032"
"1398","P68133"
"1399","P78371"
"1400","P78527"
"1401","P81605"
"1402","P83436"
"1403","P83916"
"1404","P84077"
"1405","P84085"
"1406","P84996"
"1407","Q00325"
"1408","Q00610"
"1409","Q01130"
"1410","Q01484"
"1411","Q01650"
"1412","Q01813"
"1413","Q02413"
"1414","Q02809"
"1415","Q02952"
"1416","Q02978"
"1417","Q03135"
"1418","Q04837"
"1419","Q04917"
"1420","Q06830"
"1421","Q07021"
"1422","Q07065"
"1423","Q07812"
"1424","Q08170"
"1425","Q08945"
"1426","Q09666"
"1427","Q10589"
"1428","Q10713"
"1429","Q12907"
"1430","Q12979"
"1431","Q12983"
"1432","Q13015"
"1433","Q13148"
"1434","Q13200"
"1435","Q13242"
"1436","Q13243"
"1437","Q13247"
"1438","Q13283"
"1439","Q13395"
"1440","Q13505"
"1441","Q13535"
"1442","Q13601"
"1443","Q13617"
"1444","Q13619"
"1445","Q13620"
"1446","Q14112"
"1447","Q14139"
"1448","Q14147"
"1449","Q14151"
"1450","Q14165"
"1451","Q14254"
"1452","Q14315"
"1453","Q14444"
"1454","Q14498"
"1455","Q14542"
"1456","Q14568"
"1457","Q14574"
"1458","Q14692"
"1459","Q14738"
"1460","Q14746"
"1461","Q14CN4"
"1462","Q15003"
"1463","Q15008"
"1464","Q15018"
"1465","Q15046"
"1466","Q15050"
"1467","Q15054"
"1468","Q15057"
"1469","Q15058"
"1470","Q15070"
"1471","Q15181"
"1472","Q15287"
"1473","Q15392"
"1474","Q15629"
"1475","Q15645"
"1476","Q15758"
"1477","Q16186"
"1478","Q16342"
"1479","Q16543"
"1480","Q16563"
"1481","Q16629"
"1482","Q16637"
"1483","Q16718"
"1484","Q16891"
"1485","Q29RF7"
"1486","Q2M2I5"
"1487","Q3SY69"
"1488","Q3ZAQ7"
"1489","Q4VXU2"
"1490","Q4ZHG4"
"1491","Q53F19"
"1492","Q53GQ0"
"1493","Q5BJE1"
"1494","Q5JPH6"
"1495","Q5JSZ5"
"1496","Q5JTZ9"
"1497","Q5T2S8"
"1498","Q5T4S7"
"1499","Q5T5U3"
"1500","Q5T9A4"
"1501","Q5UIP0"
"1502","Q5VTJ3"
"1503","Q5W0B1"
"1504","Q5XKP0"
"1505","Q63HN8"
"1506","Q68E01"
"1507","Q6IAA8"
"1508","Q6JQN1"
"1509","Q6KB66"
"1510","Q6NXR0"
"1511","Q6NZ67"
"1512","Q6NZI2"
"1513","Q6P2E9"
"1514","Q6P2Q9"
"1515","Q6P5R6"
"1516","Q6PCB5"
"1517","Q6PJG6"
"1518","Q6YN16"
"1519","Q6ZUT9"
"1520","Q7RTS9"
"1521","Q7Z2W4"
"1522","Q7Z3C6"
"1523","Q7Z3E5"
"1524","Q7Z3Y8"
"1525","Q86SJ2"
"1526","Q86SZ2"
"1527","Q86T03"
"1528","Q86UE4"
"1529","Q86VP6"
"1530","Q86Y56"
"1531","Q8IUE6"
"1532","Q8IVF2"
"1533","Q8IW93"
"1534","P0DP23"
"1535","P10155"
"1536","P10321"
"1537","P10412"
"1538","P10515"
"1539","P10589"
"1540","P10599"
"1541","P11310"
"1542","P11441"
"1543","P11586"
"1544","P12273"
"1545","P12814"
"1546","P12956"
"1547","P13637"
"1548","P13797"
"1549","P14209"
"1550","P14324"
"1551","P14625"
"1552","P14649"
"1553","P14678"
"1554","P14868"
"1555","P15121"
"1556","P15291"
"1557","P15924"
"1558","P16298"
"1559","P16403"
"1560","P16615"
"1561","P17655"
"1562","P17812"
"1563","P17858"
"1564","P17980"
"1565","P17987"
"1566","P18031"
"1567","P18077"
"1568","P18085"
"1569","P18825"
"1570","P18859"
"1571","P20020"
"1572","P20290"
"1573","P20618"
"1574","P20645"
"1575","P20700"
"1576","P21964"
"1577","P22314"
"1578","P23526"
"1579","P24534"
"1580","P24539"
"1581","P04632"
"1582","P04792"
"1583","P04843"
"1584","P04844"
"1585","P04920"
"1586","P05023"
"1587","P05091"
"1588","P05165"
"1589","P06493"
"1590","P06899"
"1591","P07355"
"1592","P07814"
"1593","P08133"
"1594","P08574"
"1595","P08670"
"1596","P08708"
"1597","P08754"
"1598","P08758"
"1599","P09543"
"1600","A1L0T0"
"1601","A6NDU8"
"1602","A6NHL2"
"1603","A8KAG1"
"1604","A8MTJ3"
"1605","B4DV09"
"1606","F8WC89"
"1607","H0Y8C6"
"1608","O00231"
"1609","O00232"
"1610","O00233"
"1611","O00483"
"1612","O00560"
"1613","O00567"
"1614","O00767"
"1615","O14530"
"1616","O14559"
"1617","O14787"
"1618","O14893"
"1619","O14929"
"1620","O14980"
"1621","O14983"
"1622","O15013"
"1623","O15084"
"1624","O15118"
"1625","O15173"
"1626","O15228"
"1627","O15321"
"1628","O15397"
"1629","O15523"
"1630","O43164"
"1631","O43242"
"1632","O43324"
"1633","O43439"
"1634","O43504"
"1635","O43592"
"1636","O43615"
"1637","O43660"
"1638","O43765"
"1639","O43805"
"1640","O43913"
"1641","O60218"
"1642","O60220"
"1643","O60343"
"1644","O60488"
"1645","O60508"
"1646","O60762"
"1647","O60830"
"1648","O75155"
"1649","O75396"
"1650","O75431"
"1651","O75439"
"1652","O75526"
"1653","O75531"
"1654","O75533"
"1655","O75643"
"1656","O75934"
"1657","O75955"
"1658","O75964"
"1659","O76071"
"1660","O94766"
"1661","O94822"
"1662","O94973"
"1663","O95197"
"1664","O95292"
"1665","O95347"
"1666","O95373"
"1667","O95391"
"1668","O95399"
"1669","O95433"
"1670","O95573"
"1671","O95757"
"1672","O95782"
"1673","O95817"
"1674","O95831"
"1675","O95905"
"1676","P00338"
"1677","P00846"
"1678","P00966"
"1679","P01111"
"1680","P02745"
"1681","P02768"
"1682","P04004"
"1683","P04083"
"1684","P04181"
"1685","Q8IZ81"
"1686","Q8N1F7"
"1687","Q8N1W1"
"1688","Q8N2K0"
"1689","Q8N335"
"1690","Q8N4Q1"
"1691","Q8N6R0"
"1692","Q8N6T3"
"1693","Q8NBU5"
"1694","Q8NBW4"
"1695","Q8NCP5"
"1696","Q8NE71"
"1697","Q8NF37"
"1698","Q8NHH9"
"1699","Q8NI27"
"1700","Q8TCG1"
"1701","Q8TD57"
"1702","Q8TD84"
"1703","Q8TED1"
"1704","Q8TEM1"
"1705","Q8TEX9"
"1706","Q8TF09"
"1707","Q8WUD4"
"1708","Q8WUK0"
"1709","Q8WUM4"
"1710","Q8WW22"
"1711","Q8WWH5"
"1712","Q8WWL7"
"1713","Q8WXD5"
"1714","Q8WXE1"
"1715","Q92504"
"1716","Q92552"
"1717","Q92616"
"1718","Q92764"
"1719","Q92769"
"1720","Q92896"
"1721","Q92945"
"1722","Q92947"
"1723","Q92973"
"1724","Q92990"
"1725","Q93008"
"1726","Q93050"
"1727","Q969Z0"
"1728","Q96AB3"
"1729","Q96CW1"
"1730","Q96CW5"
"1731","Q96DT6"
"1732","Q96DU9"
"1733","Q96DZ1"
"1734","Q96E22"
"1735","Q96EL3"
"1736","Q96EP5"
"1737","Q96EQ0"
"1738","Q96EY5"
"1739","Q96F45"
"1740","Q96G23"
"1741","Q96G97"
"1742","Q96GA3"
"1743","Q96HS1"
"1744","Q96I24"
"1745","Q96J01"
"1746","Q96JB2"
"1747","Q96LP2"
"1748","Q96PK6"
"1749","Q96PU8"
"1750","Q96QU8"
"1751","Q96T76"
"1752","Q99436"
"1753","Q99459"
"1754","Q99460"
"1755","Q99623"
"1756","Q99700"
"1757","Q99733"
"1758","Q99816"
"1759","Q99871"
"1760","Q99961"
"1761","Q9BPZ3"
"1762","Q9BQB6"
"1763","Q9BQE5"
"1764","Q9BRQ8"
"1765","Q9BSJ2"
"1766","Q9BSY4"
"1767","Q9BT22"
"1768","Q9BT78"
"1769","Q9BTW9"
"1770","Q9BWF3"
"1771","Q9BYK8"
"1772","Q9BZE4"
"1773","Q9BZX2"
"1774","Q9BZZ5"
"1775","Q9C075"
"1776","Q9C0C9"
"1777","Q9GZP9"
"1778","Q9GZS3"
"1779","Q9GZT3"
"1780","Q9H1Y0"
"1781","Q9H2H9"
"1782","Q9H2P0"
"1783","Q9H2V7"
"1784","Q9H307"
"1785","Q9H3K6"
"1786","Q9H3P7"
"1787","Q9H3U1"
"1788","Q9H4A5"
"1789","Q9H4A6"
"1790","Q9H583"
"1791","Q9H6X2"
"1792","Q9H840"
"1793","Q9H857"
"1794","Q9H900"
"1795","Q9H9H4"
"1796","Q9HAS0"
"1797","Q9HAV4"
"1798","Q9HC07"
"1799","Q9HCE6"
"1800","Q9HCN8"
"1801","Q9HCU5"
"1802","Q9HD26"
"1803","Q9HD45"
"1804","Q9HDC9"
"1805","Q9NP97"
"1806","Q9NQC3"
"1807","Q9NR09"
"1808","Q9NR30"
"1809","Q9NRG9"
"1810","Q9NRN7"
"1811","Q9NRX5"
"1812","Q9NU22"
"1813","Q9NVA4"
"1814","Q9NVI7"
"1815","Q9NVJ2"
"1816","Q9NWW5"
"1817","Q9NWZ8"
"1818","Q9NXF7"
"1819","Q9NY61"
"1820","Q9NZT1"
"1821","Q9P000"
"1822","Q9P013"
"1823","Q9P260"
"1824","Q9P2E9"
"1825","Q9P2J5"
"1826","Q9P2R3"
"1827","Q9UBD5"
"1828","Q9UBF2"
"1829","Q9UBX3"
"1830","Q9UFG5"
"1831","Q9UG63"
"1832","Q9UGP8"
"1833","Q9UH62"
"1834","Q9UHB7"
"1835","Q9UHG3"
"1836","Q9UI26"
"1837","Q9UIA9"
"1838","Q9UID3"
"1839","Q9UJX3"
"1840","Q9UJZ1"
"1841","Q9UK41"
"1842","Q9UKV3"
"1843","Q9UKV8"
"1844","Q9ULH1"
"1845","Q9ULR0"
"1846","Q9UMS4"
"1847","Q9UNF1"
"1848","Q9UNL2"
"1849","Q9UNM6"
"1850","Q9UNP9"
"1851","Q9UNS1"
"1852","Q9UP83"
"1853","Q9UPT5"
"1854","Q9UPU5"
"1855","Q9UPU7"
"1856","Q9Y241"
"1857","Q9Y289"
"1858","Q9Y291"
"1859","Q9Y2W1"
"1860","Q9Y394"
"1861","Q9Y3D5"
"1862","Q9Y3F4"
"1863","Q9Y512"
"1864","Q9Y5J9"
"1865","Q9Y5K5"
"1866","Q9Y5L0"
"1867","Q9Y5Q9"
"1868","Q9Y5S9"
"1869","Q9Y5Y2"
"1870","Q9Y679"
"1871","Q9Y6K0"
"1872","P21333"
"1873","P23588"
"1874","P26373"
"1875","P38646"
"1876","P40227"
"1877","P46821"
"1878","P62081"
"1879","P62244"
"1880","P62263"
"1881","P62277"
"1882","P62753"
"1883","P62841"
"1884","Q15208"
"1885","Q99832"
"1886","Q9NY65"
"1887","P02545"
"1888","P05387"
"1889","P06737"
"1890","P16402"
"1891","P23246"
"1892","P35544"
"1893","P46777"
"1894","P47914"
"1895","P61353"
"1896","P62241"
"1897","P62266"
"1898","P62273"
"1899","P62701"
"1900","P98179"
"1901","Q13185"
"1902","Q13435"
"1903","Q15424"
"1904","Q7RTV0"
"1905","Q86V81"
"1906","Q8IY82"
"1907","Q8N4L4"
"1908","Q8TD20"
"1909","Q8WWY3"
"1910","Q92841"
"1911","Q96RY5"
"1912","Q9UQ35"
"1913","Q9Y3Y2"
"1914","P07477"
"1915","Q03468"
"1916","Q13627"
"1917","Q13885"
"1918","Q2WGJ9"
"1919","Q9BQE3"
"1920","Q9H1J1"
"1921","A6NHR9"
"1922","D3DNK7"
"1923","O00303"
"1924","O00487"
"1925","O14925"
"1926","O15042"
"1927","O43795"
"1928","O75506"
"1929","O94808"
"1930","O94915"
"1931","P04350"
"1932","P04899"
"1933","P05783"
"1934","P05787"
"1935","P13010"
"1936","P13647"
"1937","P16401"
"1938","P25686"
"1939","P26358"
"1940","P33947"
"1941","P42677"
"1942","P51665"
"1943","P52434"
"1944","P62807"
"1945","P62906"
"1946","P78316"
"1947","P98175"
"1948","Q01082"
"1949","Q02543"
"1950","Q04323"
"1951","Q04637"
"1952","Q12849"
"1953","Q13509"
"1954","Q13765"
"1955","Q13813"
"1956","Q15149"
"1957","Q15233"
"1958","Q15393"
"1959","Q15427"
"1960","Q15843"
"1961","Q16576"
"1962","Q16875"
"1963","Q6P3W7"
"1964","Q7L2H7"
"1965","Q86VU5"
"1966","Q86WR0"
"1967","Q8IWX8"
"1968","Q8TDF6"
"1969","Q8WVS4"
"1970","Q92620"
"1971","Q96AV8"
"1972","Q96I25"
"1973","Q96IX5"
"1974","Q99613"
"1975","Q99708"
"1976","Q9BRS2"
"1977","Q9BUA3"
"1978","Q9HCD5"
"1979","Q9NS86"
"1980","Q9NXV2"
"1981","Q9P0J7"
"1982","Q9UDW1"
"1983","Q9UJY1"
"1984","Q9UN86"
"1985","Q9Y2H1"
"1986","Q9Y3B4"
"1987","Q9Y3U8"
"1988","Q9Y6A4"
"1989","Q9Y6N5"
"1990","A1L443"
"1991","O00422"
"1992","O15160"
"1993","O15234"
"1994","O15372"
"1995","O43447"
"1996","O43684"
"1997","O43809"
"1998","O60264"
"1999","O60524"
"2000","O60841"
"2001","O75475"
"2002","O75534"
"2003","O75821"
"2004","O76094"
"2005","O94776"
"2006","O94992"
"2007","O95267"
"2008","O95758"
"2009","P02533"
"2010","P04264"
"2011","P04637"
"2012","P05198"
"2013","P05204"
"2014","P06703"
"2015","P06744"
"2016","P06753"
"2017","P07305"
"2018","P07951"
"2019","P08727"
"2020","P09493"
"2021","P0C0S5"
"2022","P12268"
"2023","P13051"
"2024","P13645"
"2025","P14618"
"2026","P14923"
"2027","P17096"
"2028","P17480"
"2029","P18754"
"2030","P19525"
"2031","P20042"
"2032","P21291"
"2033","P21796"
"2034","P23284"
"2035","P26038"
"2036","P26196"
"2037","P26368"
"2038","P29558"
"2039","P32969"
"2040","P35251"
"2041","P35527"
"2042","P35659"
"2043","P35908"
"2044","P41091"
"2045","P46937"
"2046","P48444"
"2047","P49137"
"2048","P50395"
"2049","P51532"
"2050","P52907"
"2051","P53618"
"2052","P53999"
"2053","P55884"
"2054","P56537"
"2055","P60228"
"2056","P60891"
"2057","P61026"
"2058","P61604"
"2059","P61927"
"2060","P62308"
"2061","P62495"
"2062","P62857"
"2063","P63313"
"2064","P67936"
"2065","P78362"
"2066","P84243"
"2067","Q00341"
"2068","Q06787"
"2069","Q07157"
"2070","Q08J23"
"2071","Q09028"
"2072","Q12873"
"2073","Q13428"
"2074","Q13838"
"2075","Q13895"
"2076","Q14011"
"2077","Q14152"
"2078","Q14157"
"2079","Q14203"
"2080","Q14331"
"2081","Q14694"
"2082","Q14839"
"2083","Q15029"
"2084","Q15084"
"2085","Q15428"
"2086","Q16630"
"2087","Q16778"
"2088","Q2TAY7"
"2089","Q5T4B2"
"2090","Q5T749"
"2091","Q71RC2"
"2092","Q7KZF4"
"2093","Q7Z417"
"2094","Q86U86"
"2095","Q86V48"
"2096","Q86YL7"
"2097","Q86YP4"
"2098","Q8IYB3"
"2099","Q8N5C6"
"2100","Q8N684"
"2101","Q8NHQ9"
"2102","Q8TES7"
"2103","Q8TF72"
"2104","Q8WVM0"
"2105","Q8WXX5"
"2106","Q96AG4"
"2107","Q96BS2"
"2108","Q96C19"
"2109","Q96QR8"
"2110","Q99880"
"2111","Q9BQ04"
"2112","Q9BQ67"
"2113","Q9BQG0"
"2114","Q9BRP8"
"2115","Q9BXP5"
"2116","Q9BXS6"
"2117","Q9C005"
"2118","Q9H074"
"2119","Q9H0D6"
"2120","Q9H0J9"
"2121","Q9NVV4"
"2122","Q9P258"
"2123","Q9UHX1"
"2124","Q9UKD2"
"2125","Q9UNQ2"
"2126","Q9UQ80"
"2127","Q9Y3C1"
"2128","Q9Y5A9"
"2129","Q9Y696"
"2130","D6REE5"
"2131","O00217"
"2132","O14519"
"2133","O14773"
"2134","O14949"
"2135","O15240"
"2136","O15260"
"2137","O15360"
"2138","O15427"
"2139","O43175"
"2140","O43776"
"2141","O60256"
"2142","O60701"
"2143","O60725"
"2144","O75607"
"2145","O75882"
"2146","P00533"
"2147","P09382"
"2148","P09874"
"2149","P11166"
"2150","P11177"
"2151","P20339"
"2152","P22090"
"2153","P22102"
"2154","P22392"
"2155","P23297"
"2156","P26640"
"2157","P28066"
"2158","P35221"
"2159","P35222"
"2160","P35241"
"2161","P35613"
"2162","P36776"
"2163","P45880"
"2164","P46734"
"2165","P49588"
"2166","P50213"
"2167","P51970"
"2168","P52789"
"2169","P53621"
"2170","P60981"
"2171","P61081"
"2172","P62820"
"2173","P62834"
"2174","P63218"
"2175","Q01518"
"2176","Q06210"
"2177","Q11206"
"2178","Q13045"
"2179","Q13363"
"2180","Q13445"
"2181","Q13724"
"2182","Q14008"
"2183","Q14204"
"2184","Q14241"
"2185","Q14558"
"2186","Q14669"
"2187","Q15370"
"2188","Q15637"
"2189","Q15738"
"2190","Q2TB90"
"2191","Q658P3"
"2192","Q70IA6"
"2193","Q75N03"
"2194","Q86UR5"
"2195","Q8IYD1"
"2196","Q8NBQ5"
"2197","Q8TDL5"
"2198","Q8WU90"
"2199","Q92922"
"2200","Q969V3"
"2201","Q96QF0"
"2202","Q99595"
"2203","Q9BSB4"
"2204","Q9BWJ5"
"2205","Q9GZQ8"
"2206","Q9H773"
"2207","Q9H7D7"
"2208","Q9HAV7"
"2209","Q9HC36"
"2210","Q9NP72"
"2211","Q9NQ29"
"2212","Q9NS69"
"2213","Q9NV70"
"2214","Q9NVH1"
"2215","Q9NZJ7"
"2216","Q9NZN4"
"2217","Q9P032"
"2218","Q9UBE0"
"2219","Q9UBQ5"
"2220","Q9UBS4"
"2221","Q9UBW8"
"2222","Q9UL46"
"2223","Q9Y266"
"2224","Q9Y295"
"2225","Q9Y2R0"
"2226","Q9Y3D6"
"2227","Q9Y4P3"
"2228","A5YKK6"
"2229","O00255"
"2230","O00429"
"2231","O00622"
"2232","O14732"
"2233","O15417"
"2234","O43663"
"2235","O60664"
"2236","O75794"
"2237","O95299"
"2238","O95716"
"2239","O96005"
"2240","O96011"
"2241","P05121"
"2242","P05556"
"2243","P08729"
"2244","P0DI81"
"2245","P17152"
"2246","P17707"
"2247","P19105"
"2248","P19387"
"2249","P26447"
"2250","P29033"
"2251","P29034"
"2252","P29144"
"2253","P29317"
"2254","P37235"
"2255","P42166"
"2256","P47974"
"2257","P49585"
"2258","P49790"
"2259","P51151"
"2260","P52306"
"2261","P55010"
"2262","P55160"
"2263","P56589"
"2264","P60059"
"2265","P61106"
"2266","P61201"
"2267","P62070"
"2268","P63000"
"2269","P68871"
"2270","P69905"
"2271","P84095"
"2272","Q00266"
"2273","Q02338"
"2274","Q13098"
"2275","Q15021"
"2276","Q15165"
"2277","Q16594"
"2278","Q27J81"
"2279","Q68D91"
"2280","Q69YU5"
"2281","Q6NUK1"
"2282","Q6P3R8"
"2283","Q6ZMG9"
"2284","Q7L4E1"
"2285","Q7L576"
"2286","Q7L5N1"
"2287","Q7L8L6"
"2288","Q7Z5K2"
"2289","Q86W92"
"2290","Q8IWA4"
"2291","Q8N3E9"
"2292","Q8N490"
"2293","Q8N6N3"
"2294","Q8NBT2"
"2295","Q8NGL6"
"2296","Q8WUY1"
"2297","Q8WX92"
"2298","Q92564"
"2299","Q96N66"
"2300","Q99442"
"2301","Q99627"
"2302","Q99747"
"2303","Q9BPX3"
"2304","Q9BQ61"
"2305","Q9BRX2"
"2306","Q9BT40"
"2307","Q9BW27"
"2308","Q9C0E2"
"2309","Q9H0H0"
"2310","Q9H361"
"2311","Q9H9Q2"
"2312","Q9NPQ8"
"2313","Q9NR33"
"2314","Q9NRY2"
"2315","Q9NRZ9"
"2316","Q9NVH0"
"2317","Q9NYH9"
"2318","Q9NZV1"
"2319","Q9P003"
"2320","Q9P253"
"2321","Q9P2X0"
"2322","Q9UBT7"
"2323","Q9UHW5"
"2324","Q9UNS2"
"2325","Q9UPT9"
"2326","Q9Y3Q3"
"2327","Q9Y6B2"
"2328","Q9Y6C9"
"2329","Q9Y6D5"
"2330","Q9Y6D6"
"2331","A6NJA2"
"2332","B4DGU4"
"2333","B4DIT7"
"2334","B4DPJ8"
"2335","B4E3T4"
"2336","D6RFH4"
"2337","E5RHG8"
"2338","E5RHT6"
"2339","E7EU96"
"2340","E9PC52"
"2341","E9PDE8"
"2342","F5GX77"
"2343","F6RFD5"
"2344","F8VPD4"
"2345","F8VYE8"
"2346","F8VZX2"
"2347","G5E9A6"
"2348","H0Y4R1"
"2349","H7C3P6"
"2350","J3KT10"
"2351","J3QT28"
"2352","K7EJR3"
"2353","K7ES69"
"2354","O00148"
"2355","O15091"
"2356","O43237"
"2357","O60313"
"2358","O76003"
"2359","O95470"
"2360","P00367"
"2361","P0DN79"
"2362","P11216"
"2363","P12931"
"2364","P22061"
"2365","P24752"
"2366","P31949"
"2367","P43246"
"2368","P47755"
"2369","P51153"
"2370","P56545"
"2371","P61020"
"2372","Q00535"
"2373","Q03169"
"2374","Q14004"
"2375","Q14244"
"2376","Q16401"
"2377","Q5SWX8"
"2378","Q5T7A2"
"2379","Q5TB53"
"2380","Q70CQ2"
"2381","Q7Z392"
"2382","Q86U38"
"2383","Q86YV9"
"2384","Q8IWB1"
"2385","Q8IXH7"
"2386","Q8IXI2"
"2387","Q8IYU8"
"2388","Q8N5Z5"
"2389","Q8NBS9"
"2390","Q8NE86"
"2391","Q96AD5"
"2392","Q99541"
"2393","Q9BPW8"
"2394","Q9BZH6"
"2395","Q9C0C2"
"2396","Q9H4I3"
"2397","Q9HBH0"
"2398","Q9NZM1"
"2399","Q9P2N5"
"2400","Q9UJX2"
"2401","Q9UKK3"
"2402","Q9UKM7"
"2403","Q9Y3E5"
"2404","Q9Y605"
"2405","Q9Y6G9"
"2406","O15021"
"2407","O43432"
"2408","O75153"
"2409","P16152"
"2410","P17931"
"2411","P19474"
"2412","P30622"
"2413","P58107"
"2414","P58340"
"2415","Q12857"
"2416","Q12879"
"2417","Q14562"
"2418","Q14681"
"2419","Q4G0N8"
"2420","Q6ZUJ4"
"2421","Q86Y46"
"2422","Q8IXK0"
"2423","Q8WZ42"
"2424","Q92574"
"2425","Q96M95"
"2426","Q99650"
"2427","Q9GZR7"
"2428","Q9H330"
"2429","Q9P2K5"
"2430","Q9Y5F1"
"2431","Q9Y657"
"2432","B4DLN1"
"2433","B4DM74"
"2434","B4E022"
"2435","B5MCF9"
"2436","B7Z9L0"
"2437","B9ZVN9"
"2438","C9J2Y9"
"2439","C9JG87"
"2440","E5RI99"
"2441","E9PBF6"
"2442","E9PFK5"
"2443","E9PH82"
"2444","E9PIF2"
"2445","F2Z2I2"
"2446","F5H5U2"
"2447","F5H669"
"2448","F8VSC5"
"2449","F8VXH9"
"2450","G3V325"
"2451","G3V529"
"2452","G5E9W3"
"2453","G5E9W7"
"2454","H0YA96"
"2455","H7BYD0"
"2456","H7C3T4"
"2457","J3KTA4"
"2458","K7EK07"
"2459","K7EKS1"
"2460","K7EQ03"
"2461","O15212"
"2462","O15514"
"2463","P11413"
"2464","P13804"
"2465","P43356"
"2466","P50416"
"2467","P61289"
"2468","P62487"
"2469","P62875"
"2470","P68431"
"2471","Q05048"
"2472","Q13011"
"2473","Q13123"
"2474","Q14247"
"2475","Q49AN9"
"2476","Q5JR04"
"2477","Q5JW30"
"2478","Q6DKI1"
"2479","Q71DI3"
"2480","Q7KZ85"
"2481","Q7Z7H8"
"2482","Q8TAQ2"
"2483","Q92879"
"2484","Q9H7E9"
"2485","Q9NR56"
"2486","Q9UJV9"
"2487","Q9UPT8"
"2488","Q9Y446"
"2489","A8K855"
"2490","O43680"
"2491","P11277"
"2492","P83111"
"2493","Q13610"
"2494","Q5HYJ3"
"2495","Q8IY37"
"2496","Q8N3C7"
"2497","Q8N3Z0"
"2498","Q9H0S4"
"2499","Q9NSD9"
"2500","Q9UKN8"
"2501","A0AV96"
"2502","A8MXH2"
"2503","B0QYN7"
"2504","B4DL14"
"2505","B4DLR8"
"2506","B4DSJ8"
"2507","B4DUR8"
"2508","B5MCX3"
"2509","D6RJ07"
"2510","E7EPW2"
"2511","E9PE17"
"2512","E9PF06"
"2513","E9PMI6"
"2514","G5E9S8"
"2515","H0YJ40"
"2516","J3KR69"
"2517","J3QL05"
"2518","K7EPP7"
"2519","P12270"
"2520","P36954"
"2521","P49711"
"2522","P52435"
"2523","P63272"
"2524","P78347"
"2525","Q5T760"
"2526","Q6IN84"
"2527","Q8NF17"
"2528","Q96DH6"
"2529","Q96T37"
"2530","Q9NQG5"
"2531","Q9NY12"
"2532","Q9Y285"
"2533","A0A087X159"
"2534","A0A3B3IS55"
"2535","A0A3B3ISM6"
"2536","A0A3B3IT92"
"2537","A8MQB8"
"2538","C9J384"
"2539","C9JV02"
"2540","E7EQR4"
"2541","H0YJ75"
"2542","H7C5E2"
"2543","I3L4A1"
"2544","J3KQ69"
"2545","P46940"
"2546","Q01085"
"2547","Q5QPL9"
"2548","Q8NEJ9"
"2549","Q9Y5B9"
"2550","B1AHA8"
"2551","C9JAW5"
"2552","D6RB85"
"2553","D6RFM5"
"2554","E7ETU9"
"2555","E9PIE4"
"2556","E9PJC4"
"2557","F5H6I7"
"2558","G8JLH9"
"2559","H0Y6E7"
"2560","H3BN98"
"2561","H7BYF7"
"2562","H7BZJ3"
"2563","O14975"
"2564","O43570"
"2565","O43813"
"2566","O60613"
"2567","O60656"
"2568","O75746"
"2569","O94826"
"2570","P07858"
"2571","P14314"
"2572","P19224"
"2573","P61160"
"2574","Q14126"
"2575","Q643R3"
"2576","Q8IXI1"
"2577","Q8N6M3"
"2578","Q8TBP6"
"2579","Q92604"
"2580","Q99470"
"2581","Q9BSJ8"
"2582","Q9H9B4"
"2583","Q9NYL9"
"2584","Q9UK22"
"2585","Q9Y2S7"
"2586","Q9Y3L5"
"2587","O43896"
"2588","P09429"
"2589","P09496"
"2590","P11908"
"2591","P26006"
"2592","P30566"
"2593","P43403"
"2594","P51572"
"2595","Q07954"
"2596","Q13464"
"2597","Q16643"
"2598","Q32P28"
"2599","Q3V6T2"
"2600","Q6VN20"
"2601","Q6ZN66"
"2602","Q8WWP7"
"2603","Q96AY3"
"2604","Q9BRL6"
"2605","Q9C0B9"
"2606","Q9NWU2"
"2607","Q9NZ52"
"2608","Q9P219"
"2609","Q9Y608"
"2610","Q9Y6W3"
"2611","Q9Y6Y0"
"2612","O43719"
"2613","P40692"
"2614","A6QRH7"
"2615","B4DDG7"
"2616","B4DQA8"
"2617","B4DZG7"
"2618","C9J3L8"
"2619","E7ETS9"
"2620","E9PKA7"
"2621","F2Z2B9"
"2622","F2Z2X4"
"2623","F5H324"
"2624","F8W1R7"
"2625","F8W776"
"2626","F8WCD0"
"2627","H0Y512"
"2628","H3BR27"
"2629","I3L0K7"
"2630","O14684"
"2631","O15031"
"2632","O15533"
"2633","O60287"
"2634","O60427"
"2635","O75691"
"2636","O76031"
"2637","O94874"
"2638","O95202"
"2639","P07384"
"2640","P07919"
"2641","P09601"
"2642","P13498"
"2643","P18084"
"2644","P20674"
"2645","P22309"
"2646","P48960"
"2647","P58557"
"2648","P61006"
"2649","Q03519"
"2650","Q07973"
"2651","Q13637"
"2652","Q14156"
"2653","Q16698"
"2654","Q16795"
"2655","Q53EU6"
"2656","Q56VL3"
"2657","Q5BJD5"
"2658","Q5SZE2"
"2659","Q5VV42"
"2660","Q5VW36"
"2661","Q6NUM9"
"2662","Q7KZN9"
"2663","Q86UN3"
"2664","Q8N1F8"
"2665","Q8N8R3"
"2666","Q92887"
"2667","Q969X5"
"2668","Q96IV0"
"2669","Q96KA5"
"2670","Q9BSF4"
"2671","Q9BVK6"
"2672","Q9BW72"
"2673","Q9H0U4"
"2674","Q9NPL8"
"2675","Q9NUQ2"
"2676","Q9NXH8"
"2677","Q9NZ08"
"2678","Q9NZ45"
"2679","Q9UN37"
"2680","Q9UPY5"
"2681","Q9Y3T9"
"2682","Q9Y5Z9"
"2683","Q9Y6M5"
"2684","Q9Y6N1"
"2685","O60568"
"2686","O75390"
"2687","O94979"
"2688","P04259"
"2689","P05109"
"2690","P06702"
"2691","P07339"
"2692","P15151"
"2693","P20810"
"2694","P20930"
"2695","P31150"
"2696","P50502"
"2697","P54277"
"2698","P54727"
"2699","P61758"
"2700","P62328"
"2701","Q01469"
"2702","Q05682"
"2703","Q06323"
"2704","Q14566"
"2705","Q14847"
"2706","Q15363"
"2707","Q15417"
"2708","Q16222"
"2709","Q7L014"
"2710","Q8IWS0"
"2711","Q8IXB1"
"2712","Q8NBJ5"
"2713","Q8TDI0"
"2714","Q8WUA2"
"2715","Q96DT0"
"2716","Q96PZ0"
"2717","Q9BRV8"
"2718","Q9C035"
"2719","Q9H0U3"
"2720","Q9H3T2"
"2721","Q9H875"
"2722","Q9NYU1"
"2723","Q9Y490"
"2724","A6ND22"
"2725","B4DUC8"
"2726","B7Z2F4"
"2727","E7ETU5"
"2728","E9PH18"
"2729","E9PHA6"
"2730","E9PKG1"
"2731","E9PKV2"
"2732","E9PNW8"
"2733","E9PQ57"
"2734","F5H2T0"
"2735","F5H7F6"
"2736","F8W881"
"2737","G3V3B0"
"2738","J3KNL2"
"2739","O95786"
"2740","P63092"
"2741","Q15434"
"2742","Q5JUV6"
"2743","Q96AE4"
"2744","Q9P2E3"
"2745","B4DLC0"
"2746","B4E3S0"
"2747","E9PLL6"
"2748","Q15907"
"2749","Q5TEC6"
"2750","Q8WXF1"
"2751","Q9P2Y5"
"2752","P03485"
"2753","P03466"
"2754","P03428"
"2755","P06821"
"2756","P03431"
"2757","P03433"
"2758","P03468"
"2759","P03496"
"2760","P03508"
"2761","P03452"
"2762","Q1K9I7"
"2763","Q1K9H5"
"2764","B4URF7"
"2765","Q1I2B2"
"2766","Q8JR21"
"2767","Q9DLK6"
"2768","Q67020"
"2769","Q20MH4"
"2770","C5E524"
"2771","C5E519"
"2772","Q20MH8"
"2773","Q82506"
"2774","P0C0U1"
"2775","P03427"
"2776","P15659"
"2777","Q0HD54"
"2778","Q9WPI5"
"2779","Q20MH3"
"2780","Q194T2"
"2781","C5E526"
"2782","C5E522"
"2783","Q1K9H2"
"2784","C5E527"
"2785","P03430"
"2786","B4URE7"
"2787","Q1K9H6"
"2788","P03470"
"2789","P05780"
"2790","P15682"
"2791","Q89733"
"2792","P03454"
"2793","P05777"
"2794","Q20MH0"
"2795","B4URF0"
"2796","Q1K9G9"
"2797","B4URF6"
