"","influenza_mar"
"1",0.000270131583411324
"2",0.000162337115880431
"3",5.43106684366096e-05
"4",0.00027187949015131
"5",0.0003241914830299
"6",0.000324191483029884
"7",5.42953011880751e-05
"8",0.000488252552559948
"9",5.40790217999874e-05
"10",0.000271295142161537
"11",0.000325602920561909
"12",0.00032387530769991
"13",0.000108313425854712
"14",5.42953011880679e-05
"15",0.000162818281568455
"16",5.40790217999997e-05
"17",5.4295301188078e-05
"18",0.000648203485877704
"19",0.000162723522935677
"20",0.000269648441564445
"21",0.000216906870412838
"22",0.000108645040849362
"23",5.40790217999931e-05
"24",0.000379180748501067
"25",0.000162723522935662
"26",0.000422438777806386
"27",0.000597516570145096
"28",5.4175986944386e-05
"29",5.43427906690961e-05
"30",0.000216926397480689
"31",5.43427906691082e-05
"32",0.000271598261277619
"33",5.429530118808e-05
"34",0.000432321584081505
"35",0.000108479055931539
"36",5.42953011880622e-05
"37",0.00043429384391547
"38",0.00021706969364956
"39",5.40790217999895e-05
"40",5.4342790669106e-05
"41",5.43427906691103e-05
"42",5.39697838057683e-05
"43",5.4079021799983e-05
"44",5.407902179999e-05
"45",0.000161203735280971
"46",0.000216692117309716
"47",5.40790217999938e-05
"48",0.000217196720113216
"49",0.000108479055931547
"50",5.39697838057761e-05
"51",0.000108479055931531
"52",5.40790217999846e-05
"53",0.000432349607113849
"54",5.4079021799992e-05
"55",0.000108479055931548
"56",0.000217695305614288
"57",0.000695855790036394
"58",0.000533785861442472
"59",0.000543826606079227
"60",0.000154897145314034
"61",0.00010875287214256
"62",0.000326216210155824
"63",5.43006612887581e-05
"64",5.43006612887517e-05
"65",5.43006612887484e-05
"66",5.43006612887447e-05
"67",0.000870572267048044
"68",0.000271336123439992
"69",0.000649212447130888
"70",5.40790217999882e-05
"71",0.00010817920884082
"72",0.000153619800358092
"73",0.000153619800358103
"74",0.000153619800358094
"75",0.000759415274126737
"76",5.42953011880858e-05
"77",0.000650203912786141
"78",0.000203725954608265
"79",0.00084828177922145
"80",0.000207840030466325
"81",0.000638178652345831
"82",0.000104684422652003
"83",0.00010468442265202
"84",0.000104684422652011
"85",0.000158831136186566
"86",0.000158831136186573
"87",0.000158831136186578
"88",0.000257783083251243
"89",0.000158831136186575
"90",0.00015892408073626
"91",0.00010468442265201
"92",0.000108098971314268
"93",0.000324901203946107
"94",0.000378932829373195
"95",5.43427906690951e-05
"96",0.000108098971314255
"97",0.000108098971314263
"98",0.00021503698489405
"99",5.43427906691018e-05
"100",0.000543157870270326
"101",0.00010809897131425
"102",0.000703966005587838
"103",0.000532638963108685
"104",0.000215036984894035
"105",0.000161302278927926
"106",0.000161302278927912
"107",0.000161302278927922
"108",0.000108098971314258
"109",0.000161302278927911
"110",0.000324461753992995
"111",0.000215036984894044
"112",0.000215036984894047
"113",0.000435091556592406
"114",0.000161302278927917
"115",0.000161298640803849
"116",0.000106999764725338
"117",0.000270374854393541
"118",5.41903793287952e-05
"119",0.00059603903602231
"120",0.000161298640803845
"121",0.000108451610182106
"122",0.000106999764725338
"123",0.000106999764725321
"124",0.000106999764725329
"125",0.000106999764725326
"126",0.000106999764725329
"127",0.00015387133563892
"128",0.000106999764725324
"129",0.000106999764725338
"130",0.000106999764725329
"131",0.000106999764725331
"132",0.000106999764725338
"133",0.000213718162119682
"134",0.000270182896181282
"135",0.000162107446718712
"136",5.40790217999911e-05
"137",0.000487657358488192
"138",0.00097414355438011
"139",0.000647748155960647
"140",0.000380581066518791
"141",0.000652717265499429
"142",0.000271019984581773
"143",0.000217355823625941
"144",5.43427906690979e-05
"145",0.000217003171217416
"146",5.40790217999885e-05
"147",5.43427906690994e-05
"148",5.43427906691071e-05
"149",0.000217288695917279
"150",0.000108098971314256
"151",0.000108479055931538
"152",5.42953011880826e-05
"153",5.43106684366134e-05
"154",0.000108479055931533
"155",0.000162922555192296
"156",0.000596206644626602
"157",5.40790217999824e-05
"158",5.25775948856428e-05
"159",0.000162246691392088
"160",5.40790217999858e-05
"161",0.000217071975877241
"162",5.40790217999922e-05
"163",5.43106684366135e-05
"164",5.25775948856441e-05
"165",5.40790217999797e-05
"166",5.42953011880821e-05
"167",5.40790217999992e-05
"168",0.000162922555192312
"169",0.000108479055931537
"170",0.000162922555192299
"171",5.4342790669101e-05
"172",5.41903793288063e-05
"173",0.000162439409904826
"174",5.40790217999945e-05
"175",0.000108479055931543
"176",0.000209550724537985
"177",0.000101118414675512
"178",4.73068036995927e-05
"179",0.000269240519861923
"180",0.000540251217177674
"181",0.000272065160989333
"182",0.000162123669183416
"183",0.000324572856786412
"184",0.000542939317081741
"185",0.000482651855764941
"186",0.000108684629942162
"187",0.000488259848319387
"188",0.000541966513309384
"189",0.000434201009488375
"190",0.000163085277397526
"191",5.43427906691047e-05
"192",0.000651851172153543
"193",0.000270154734569258
"194",0.000108098971314257
"195",0.000488601253748499
"196",0.000433753473542993
"197",0.000595370669066207
"198",0.000706118123648291
"199",0.000542659824113548
"200",0.000488259848319404
"201",0.000214454215419693
"202",0.00048866576624248
"203",0.000542659824113563
"204",0.000543831493074395
"205",0.00065129639363796
"206",0.000488417719433142
"207",0.000648207386588359
"208",0.000541359859981205
"209",0.000541966513309391
"210",0.000643719181033355
"211",0.00010809897131426
"212",0.000596266372211149
"213",0.000542406335889131
"214",0.000324523261163645
"215",0.000541954184155492
"216",0.000594827899807067
"217",0.000324384702108604
"218",0.000214332432700053
"219",0.00043375086959516
"220",0.000541709203600347
"221",0.000651083395569279
"222",0.000272027100712903
"223",0.000429423177737339
"224",0.000267018655606048
"225",0.000973166403577655
"226",0.000596555704440492
"227",0.000596266372211147
"228",0.000595755860157203
"229",0.000542026764914437
"230",0.000326301278904013
"231",0.000596266372211168
"232",0.000217593936926957
"233",0.000433917625212648
"234",0.000161059634554627
"235",0.000433608896446653
"236",0.000487816804596019
"237",0.000325248290497494
"238",0.000379716476693369
"239",0.000216078759182097
"240",5.43427906691106e-05
"241",0.000595520167441705
"242",0.000703213274748723
"243",0.000758740081190226
"244",0.00021371816211968
"245",0.000597245669351731
"246",0.000595187081728739
"247",0.000160118905498957
"248",0.000542783794492164
"249",0.000542248028011134
"250",0.000543022273449438
"251",0.000596574776906001
"252",0.000484029901427487
"253",0.000487207016543133
"254",0.000648234136651036
"255",0.000650450366587578
"256",0.000595323828530648
"257",0.000325380271693294
"258",0.000648731898100998
"259",0.000595604472989677
"260",0.000324847174839092
"261",0.000542087384745529
"262",0.00010678832683514
"263",0.000379628625989424
"264",0.000379628625989424
"265",5.35728167184368e-05
"266",0.000595604472989676
"267",0.000269941492499781
"268",0.000650103427008362
"269",0.000541445870814502
"270",0.000648234136651046
"271",0.000106788326835135
"272",0.000539719472791852
"273",0.000594865164963824
"274",0.00054164293312053
"275",0.000594774115012011
"276",0.000161154099758874
"277",0.000433841176377191
"278",0.000595772966770844
"279",0.000106788326835138
"280",0.000648234136651027
"281",0.000162350787443787
"282",0.000542087384745568
"283",0.000106788326835135
"284",0.000541028659052766
"285",0.000595526291276451
"286",0.000649379930042027
"287",0.00103057371655485
"288",0.00037962862598942
"289",0.000106788326835133
"290",0.00032495926057676
"291",0.00021648797370212
"292",0.000542087384745532
"293",0.000487877520353536
"294",0.000542783794492158
"295",0.000595624720209279
"296",0.000106788326835128
"297",0.000756790925874479
"298",5.35728167184387e-05
"299",0.000106788326835126
"300",0.000542087384745536
"301",0.000106788326835137
"302",0.000648234136651021
"303",0.000542087384745557
"304",0.000543890086958644
"305",0.00043489650484036
"306",0.000489308379572826
"307",0.000105644055639977
"308",5.43427906691001e-05
"309",0.000434778715152491
"310",0.00016178218328959
"311",0.000374776621863955
"312",0.000108684629942158
"313",0.000542631400366829
"314",0.000596266372211136
"315",0.000107317777081854
"316",0.000108750188026444
"317",0.000430084339123317
"318",5.33996379539618e-05
"319",5.33996379539498e-05
"320",0.000212746179506782
"321",0.000595455871448654
"322",5.3399637953951e-05
"323",0.000707419182068031
"324",0.000217628316296695
"325",0.000108675933288745
"326",0.000162884978463782
"327",0.000163100103265931
"328",0.000543869613841868
"329",0.000488253037039753
"330",0.000217593936926935
"331",0.000488785128457221
"332",5.4342790669109e-05
"333",5.4342790669109e-05
"334",0.000215954321879029
"335",0.000597564060988372
"336",5.4342790669094e-05
"337",0.000217531238629452
"338",0.000108529477213113
"339",0.000271912600213823
"340",0.000271898119119554
"341",0.000904077916796624
"342",5.43427906691009e-05
"343",0.000271077839877103
"344",5.4342790669105e-05
"345",0.000108756963407101
"346",0.000596428705431608
"347",0.000108611521767121
"348",0.000217593936926942
"349",0.000103479204539495
"350",0.000326031731600645
"351",0.000435058220956674
"352",0.000815789115890329
"353",0.000163206173631395
"354",0.000271992852311147
"355",0.000163176854824421
"356",0.000108098971314265
"357",0.000271898119119552
"358",0.000217593936926939
"359",0.000326450022365573
"360",0.000108611521767122
"361",0.000108779258799673
"362",5.43427906690943e-05
"363",0.000380263853659745
"364",5.43427906691004e-05
"365",0.000163107791404698
"366",0.000217273947664679
"367",0.000380639696574728
"368",0.000432358773702295
"369",5.43427906691004e-05
"370",0.000163067909695201
"371",0.000372327793805335
"372",0.000100789482581453
"373",0.000100789482581451
"374",9.98764579520761e-05
"375",9.98764579520705e-05
"376",9.98764579520791e-05
"377",9.9876457952071e-05
"378",9.98764579520808e-05
"379",0.000597532529130541
"380",5.43006612887402e-05
"381",5.43006612887527e-05
"382",5.40790218000008e-05
"383",5.42953011880803e-05
"384",5.42953011880761e-05
"385",9.98764579520666e-05
"386",9.9876457952078e-05
"387",0.000159081226371765
"388",0.00010468442265201
"389",0.000754828523541573
"390",0.000426096883463937
"391",0.000158831136186565
"392",0.00048460839487951
"393",0.000104684422652019
"394",0.000108098971314259
"395",0.000108098971314267
"396",0.000214832626780065
"397",0.000325056168080243
"398",0.000270938674225273
"399",5.43427906691031e-05
"400",0.00027179609744233
"401",5.43427906691024e-05
"402",0.000215036984894032
"403",0.000269506502835004
"404",0.000108520114549206
"405",0.000107317777081833
"406",0.000161302278927921
"407",5.37907741738996e-05
"408",0.000106999764725316
"409",0.000106999764725327
"410",0.000106999764725328
"411",0.000433209714592249
"412",0.000215319012604277
"413",0.000270613631366832
"414",0.000217253507834957
"415",5.43851604611774e-05
"416",5.43851604611815e-05
"417",5.43851604611862e-05
"418",5.43851604611718e-05
"419",5.43851604611699e-05
"420",5.43851604611751e-05
"421",0.000271616198513699
"422",5.43851604611869e-05
"423",5.43851604611677e-05
"424",5.43851604611804e-05
"425",5.43851604611743e-05
"426",5.43851604611826e-05
"427",5.4385160461171e-05
"428",5.43851604611819e-05
"429",5.43851604611748e-05
"430",0.000759831737326954
"431",5.43851604611784e-05
"432",5.43851604611666e-05
"433",5.43851604611751e-05
"434",5.43851604611763e-05
"435",5.43851604611674e-05
"436",5.43851604611831e-05
"437",5.43851604611651e-05
"438",5.43851604611759e-05
"439",5.43851604611753e-05
"440",5.43851604611796e-05
"441",5.43851604611747e-05
"442",5.43851604611784e-05
"443",5.43851604611724e-05
"444",5.43851604611802e-05
"445",5.43851604611745e-05
"446",5.43851604611763e-05
"447",5.43851604611828e-05
"448",5.43851604611713e-05
"449",5.4385160461173e-05
"450",5.43851604611743e-05
"451",5.43851604611698e-05
"452",5.43851604611793e-05
"453",5.43851604611808e-05
"454",5.43851604611767e-05
"455",5.43851604611821e-05
"456",5.43851604611817e-05
"457",5.43851604611764e-05
"458",5.43851604611756e-05
"459",5.43851604611819e-05
"460",5.4385160461176e-05
"461",0.00076169786893191
"462",5.43851604611672e-05
"463",0.000272036640924711
"464",0.00038064683187419
"465",0.000488044820870047
"466",0.000162910160154593
"467",0.00043453756846068
"468",0.000163183278283278
"469",5.43851604611752e-05
"470",5.43851604611776e-05
"471",0.00059492062782707
"472",5.4385160461174e-05
"473",5.43851604611701e-05
"474",0.000107423327577959
"475",0.000487954605554995
"476",0.000487607813275332
"477",0.000488456559257837
"478",5.43851604611769e-05
"479",5.4385160461179e-05
"480",5.43851604611761e-05
"481",5.4385160461171e-05
"482",5.43851604611765e-05
"483",0.000108421404012569
"484",0.000758920980522684
"485",0.000435110848156106
"486",5.43851604611809e-05
"487",5.43851604611797e-05
"488",5.43851604611733e-05
"489",5.43851604611749e-05
"490",5.43851604611785e-05
"491",5.43851604611697e-05
"492",5.4385160461172e-05
"493",5.43851604611763e-05
"494",5.43851604611758e-05
"495",5.4385160461178e-05
"496",5.43851604611824e-05
"497",5.4385160461175e-05
"498",5.43851604611788e-05
"499",5.43851604611844e-05
"500",5.43851604611738e-05
"501",5.4385160461179e-05
"502",5.43851604611796e-05
"503",5.43851604611691e-05
"504",5.43851604611761e-05
"505",5.43851604611831e-05
"506",5.4385160461176e-05
"507",5.43851604611732e-05
"508",5.43851604611776e-05
"509",5.4385160461175e-05
"510",0.000162831749255714
"511",5.43851604611748e-05
"512",5.4385160461175e-05
"513",5.43851604611739e-05
"514",5.43851604611764e-05
"515",5.43851604611716e-05
"516",5.43851604611748e-05
"517",5.43851604611775e-05
"518",5.43851604611634e-05
"519",5.43851604611808e-05
"520",5.43851604611736e-05
"521",5.4385160461173e-05
"522",0.000108493784008842
"523",5.43851604611819e-05
"524",5.43851604611683e-05
"525",5.4385160461179e-05
"526",5.43851604611669e-05
"527",5.43851604611879e-05
"528",5.43851604611791e-05
"529",5.43851604611726e-05
"530",5.43851604611716e-05
"531",5.43851604611751e-05
"532",5.43851604611753e-05
"533",5.43851604611921e-05
"534",5.43851604611819e-05
"535",5.43851604611751e-05
"536",5.43851604611771e-05
"537",5.43851604611789e-05
"538",5.43851604611771e-05
"539",5.43851604611796e-05
"540",5.43851604611721e-05
"541",0.000108710192296107
"542",0.000108733997020615
"543",5.43851604611745e-05
"544",5.43851604611735e-05
"545",5.43851604611761e-05
"546",0.000707460455267591
"547",0.000543971553255152
"548",5.43851604611748e-05
"549",0.00054382253226345
"550",5.43851604611759e-05
"551",0.000379894058347315
"552",5.43851604611785e-05
"553",5.43851604611766e-05
"554",0.00059492062782704
"555",5.4385160461168e-05
"556",5.4385160461173e-05
"557",5.43851604611714e-05
"558",5.43851604611799e-05
"559",5.43851604611765e-05
"560",5.43851604611774e-05
"561",5.438516046117e-05
"562",5.43851604611809e-05
"563",5.43851604611821e-05
"564",5.4385160461169e-05
"565",5.43851604611777e-05
"566",5.43851604611794e-05
"567",0.000162974317763967
"568",0.000162446694525352
"569",0.000487511933204241
"570",0.000161048621569025
"571",5.4175986944392e-05
"572",0.000596543756749765
"573",0.000700493254400793
"574",0.000213278655383551
"575",0.000596906816943899
"576",0.000919062976153019
"577",0.000380220137193929
"578",0.000643192906238615
"579",0.000591067479008904
"580",0.000593685509172938
"581",0.000434225894888788
"582",0.000595583388796221
"583",0.000539998407516675
"584",0.000269612312076301
"585",0.000432955034235582
"586",0.000325138279441449
"587",0.000379514406450077
"588",0.000377788204851797
"589",5.41759869443917e-05
"590",0.000650288839994541
"591",0.000162729698241053
"592",0.000435012113212727
"593",0.000216998866963961
"594",0.000108489493987707
"595",0.000537277173874279
"596",0.000101450049783905
"597",0.000155731721457531
"598",0.00048156298344331
"599",0.000486369358061088
"600",0.000378037422375103
"601",0.000322382898721375
"602",0.000372179817925438
"603",5.25775948856437e-05
"604",0.000106860911931819
"605",0.000318065823136525
"606",0.000541266890848482
"607",5.25775948856408e-05
"608",0.000432440015553722
"609",0.000591960587503666
"610",0.000106984279376064
"611",0.00043241230349878
"612",5.25775948856448e-05
"613",5.2577594885642e-05
"614",0.000270679282655185
"615",0.000431600036429788
"616",0.000486664667758985
"617",0.000108533009201354
"618",0.000536960685613785
"619",0.000216477402913207
"620",0.000162107446718704
"621",0.000215759495002406
"622",0.000271215748267974
"623",0.000271071876705831
"624",0.000488274182102697
"625",0.000760038015708408
"626",0.000216477402913209
"627",0.000160382346577166
"628",0.000325320620210375
"629",0.000269601674758365
"630",0.000108663917933519
"631",0.000217233051342389
"632",0.000214319552932034
"633",0.000591504212711976
"634",0.000271540766399194
"635",0.000429159086665096
"636",0.000107968997634847
"637",0.000324616397071161
"638",0.000162873321449208
"639",0.000486664667758988
"640",0.000973255292802338
"641",0.000107968997634853
"642",0.000216477402913219
"643",0.000108698010303256
"644",0.000429159086665109
"645",0.000108501981962581
"646",0.00016287332144921
"647",0.0001621074467187
"648",0.000162975677763564
"649",0.000216477402913204
"650",0.000216477402913211
"651",0.000216477402913203
"652",0.000216477402913211
"653",0.000324801201243946
"654",0.000107968997634855
"655",0.000160355419993189
"656",0.00016218146149515
"657",0.000216477402913215
"658",0.000108501981962583
"659",0.000377713830952738
"660",5.43106684366133e-05
"661",0.000536836131509997
"662",0.000162873321449207
"663",0.000216477402913217
"664",0.000162873321449205
"665",0.000325031220929855
"666",0.000162107446718706
"667",0.000107343625891771
"668",0.000216477402913213
"669",0.000650359516334685
"670",0.000378809488345616
"671",0.000268999590457734
"672",5.42372540247627e-05
"673",0.0001605802903435
"674",0.000214473880192095
"675",0.000759478125057505
"676",0.00032578655160125
"677",5.4237254024761e-05
"678",5.42372540247546e-05
"679",0.00010850198196258
"680",0.000217368146702368
"681",0.00016287332144921
"682",0.000108501981962594
"683",0.000108501981962588
"684",5.43106684366196e-05
"685",0.00064905273864289
"686",0.000488802334210942
"687",0.000488455906912636
"688",5.43106684366206e-05
"689",0.000162709324387857
"690",0.000486094586323943
"691",0.000107335909699033
"692",0.000162783577827058
"693",0.000161451455723637
"694",0.00010850198196258
"695",0.000706050437546417
"696",0.000107287890655586
"697",5.39697838057775e-05
"698",0.000162206965688169
"699",0.000108313698831239
"700",0.000107862856793357
"701",0.000107862856793358
"702",0.000542306768339233
"703",0.000596949871523223
"704",0.000433481008294138
"705",0.000595990209133611
"706",0.000269541310139065
"707",5.39697838057749e-05
"708",0.00010786285679336
"709",0.000216197449664401
"710",0.000378865067989699
"711",0.000325549093640815
"712",0.000595884090312101
"713",0.000215442925884618
"714",0.000323627290183051
"715",0.000215442925884625
"716",0.000431878795595893
"717",0.000161048621569029
"718",0.000542624892511569
"719",0.000324737362884006
"720",0.000433785407673408
"721",0.00032496868357218
"722",0.00054321907290817
"723",0.000488066799682255
"724",0.000541285207779729
"725",0.000107862856793366
"726",0.00032546576899161
"727",0.00043372339121316
"728",0.000107862856793361
"729",0.000433137713261459
"730",0.000378675570106288
"731",0.000107862856793362
"732",0.000325369665330939
"733",0.000325352934411614
"734",0.000107862856793359
"735",0.000107862856793368
"736",0.000650643681638964
"737",0.000270384104909106
"738",0.000216382312117923
"739",0.000162316224590637
"740",0.000271072095361281
"741",5.39697838057768e-05
"742",0.000379456073417253
"743",0.000107862856793363
"744",0.00010786285679336
"745",0.000216382312117923
"746",5.39697838057799e-05
"747",0.000325053499553934
"748",0.000107862856793366
"749",0.000107862856793366
"750",0.000269744458365006
"751",0.00016104862156903
"752",5.39697838057774e-05
"753",0.00010786285679336
"754",5.39697838057841e-05
"755",0.000107862856793363
"756",0.000216481896927421
"757",0.000107862856793362
"758",5.39697838057755e-05
"759",0.000107862856793363
"760",0.000216924516434809
"761",5.39697838057755e-05
"762",0.00027069257823983
"763",0.000107862856793359
"764",0.000162190706387981
"765",0.000325586466756219
"766",0.000211301065195091
"767",0.000162181316831766
"768",0.000378830295048391
"769",0.000215442925884627
"770",0.000161048621569029
"771",0.000595495309982425
"772",0.000705120870656556
"773",5.39697838057783e-05
"774",0.000321230031986397
"775",0.000323044634267736
"776",0.000107862856793361
"777",0.00021543258227595
"778",0.000377362740712033
"779",0.000650112392305527
"780",0.000488461205389132
"781",0.000107862856793359
"782",0.000596699123699538
"783",0.00021479312716204
"784",0.000107862856793356
"785",0.000216618573825305
"786",0.000215442925884622
"787",0.000541440897146525
"788",0.000649695387271738
"789",0.000649667869000446
"790",0.000107862856793366
"791",0.000270958562904095
"792",0.000432408643852114
"793",0.000162262247358805
"794",0.000108637513150289
"795",0.000378649736952847
"796",0.000216589849335568
"797",0.000216580279982577
"798",5.41903793287992e-05
"799",5.41903793288055e-05
"800",0.000324468289609109
"801",5.39697838057745e-05
"802",0.000324861371043351
"803",0.000487447122101696
"804",0.000215442925884624
"805",0.00027114754122504
"806",0.000161048621569028
"807",0.000162181316831769
"808",0.00016109060585976
"809",5.39697838057849e-05
"810",0.000705331796662314
"811",0.000108240325778275
"812",5.39697838057781e-05
"813",0.000324150656392498
"814",5.39697838057838e-05
"815",5.39697838057733e-05
"816",5.43427906691062e-05
"817",0.000538975938704284
"818",5.43427906691032e-05
"819",0.00016082265997879
"820",5.43427906690984e-05
"821",5.41903793287983e-05
"822",0.000108519092000402
"823",5.41903793288013e-05
"824",5.41903793288031e-05
"825",5.41903793288007e-05
"826",5.40790217999879e-05
"827",5.40790217999902e-05
"828",0.000270707579235922
"829",0.00010837500286315
"830",0.000379569352098658
"831",0.000324507732383588
"832",0.000486512174592196
"833",0.000379017472804409
"834",0.000325368361931045
"835",0.000325648631867061
"836",0.000324421178514902
"837",0.00037944837055114
"838",0.000700975553412707
"839",0.00027091625601489
"840",0.00010856048018763
"841",0.000433449964851732
"842",0.000433116069564198
"843",0.000378930430002021
"844",0.000324421178514909
"845",0.000595288263213696
"846",0.000431181284412747
"847",0.000324421178514908
"848",0.000542480213402803
"849",5.42953011880837e-05
"850",0.000324421178514915
"851",0.000434431619253667
"852",0.000760897200802253
"853",0.000378887364004064
"854",0.000489357846569988
"855",0.000270229066933206
"856",0.000814146690511044
"857",0.000537146507993541
"858",0.00016251231258599
"859",5.42953011880782e-05
"860",0.000597765242525086
"861",0.00048596698275161
"862",0.000161829435781315
"863",0.000378758532259156
"864",0.000161313767864035
"865",0.000324421178514893
"866",0.000108524036107952
"867",0.000324809222732093
"868",0.000162776439576516
"869",0.000379017472804404
"870",0.000596293024820321
"871",0.000651659495622281
"872",0.000268706778898914
"873",5.42953011880766e-05
"874",0.000108594078301199
"875",0.000217249912677791
"876",0.000325630755799161
"877",0.000324421178514902
"878",0.000324421178514902
"879",0.000162869935504531
"880",0.000705764075766024
"881",0.000324557582663426
"882",0.000216711586684397
"883",0.000162776439576499
"884",0.000377730413524364
"885",0.000217375055160522
"886",0.000380630029309917
"887",0.000162776439576506
"888",0.000267365447978929
"889",0.000212511058725436
"890",0.000318527254441101
"891",0.000324421178514896
"892",0.000324421178514911
"893",0.00038049186356272
"894",0.00010859407830119
"895",0.000213842235500592
"896",0.000217039002062883
"897",0.00027078768156243
"898",0.000162514061943555
"899",0.000813748368747428
"900",5.42953011880748e-05
"901",0.000270217558671331
"902",5.43170278420983e-05
"903",0.000270217558671337
"904",0.000270217558671327
"905",5.43170278420962e-05
"906",0.000108533171456854
"907",0.000108533171456859
"908",0.000270217558671332
"909",5.43170278420965e-05
"910",0.000216581927318
"911",0.000162382577804497
"912",5.43170278420941e-05
"913",0.000271484538794996
"914",0.000162382577804504
"915",0.00016278570160891
"916",0.000108615930236157
"917",0.000108269861654782
"918",5.43170278420942e-05
"919",0.000216581927318004
"920",0.000162785701608918
"921",0.000108533171456858
"922",0.000433535392730022
"923",0.000216073243492615
"924",0.000216581927317996
"925",0.000162382577804499
"926",0.000652244311755928
"927",0.0001629842665253
"928",0.000379615676357485
"929",5.43170278420962e-05
"930",0.000108533171456854
"931",0.000108533171456862
"932",0.000108747249224505
"933",0.000380533521349413
"934",5.4317027842096e-05
"935",0.00010853317145685
"936",5.43170278420883e-05
"937",0.000162512876591976
"938",0.00027021755867133
"939",0.000162785701608915
"940",0.000162915078619433
"941",0.000216073243492615
"942",0.000108533171456853
"943",0.000216581927318001
"944",5.4317027842094e-05
"945",5.43170278420898e-05
"946",0.000216581927317999
"947",5.43170278420947e-05
"948",0.000430522995488938
"949",0.0001628891476039
"950",0.00026930547367142
"951",0.000107939247628854
"952",0.000107070223903426
"953",0.000107875099202518
"954",0.000216571283288938
"955",0.000108001196303659
"956",0.000270272665302434
"957",5.37137531893282e-05
"958",0.00016240642367514
"959",5.3713753189325e-05
"960",0.000271438587412373
"961",5.37137531893345e-05
"962",5.3713753189322e-05
"963",0.000161008491301743
"964",0.000107244783338654
"965",0.000107883684107194
"966",0.000271031708990627
"967",5.34889958473563e-05
"968",5.34889958473629e-05
"969",5.34889958473577e-05
"970",0.000271031708990628
"971",5.34889958473562e-05
"972",5.34889958473628e-05
"973",0.000270248612103044
"974",0.000216271012895746
"975",0.00021627101289576
"976",5.34889958473592e-05
"977",0.000376087169533906
"978",0.000107446735230413
"979",5.34889958473607e-05
"980",5.34889958473562e-05
"981",0.000107677388074627
"982",0.000107902984855339
"983",0.000216354465546108
"984",5.37137531893267e-05
"985",5.37137531893311e-05
"986",5.37137531893287e-05
"987",0.000216273730651683
"988",5.37137531893287e-05
"989",5.37137531893308e-05
"990",5.34889958473626e-05
"991",5.34889958473576e-05
"992",5.34889958473603e-05
"993",5.34889958473591e-05
"994",5.33642560033053e-05
"995",0.000159429915124616
"996",5.33642560033019e-05
"997",0.000105805307014111
"998",5.33642560033075e-05
"999",0.000105805307014114
"1000",5.33642560033118e-05
"1001",5.33642560033026e-05
"1002",0.000105805307014117
"1003",0.000213638348335207
"1004",5.33642560033078e-05
"1005",0.000215283332368577
"1006",5.33642560033055e-05
"1007",5.33642560033058e-05
"1008",5.33642560033114e-05
"1009",5.3364256003296e-05
"1010",0.000107789240191036
"1011",5.33642560033108e-05
"1012",5.33642560033023e-05
"1013",0.000267647652625458
"1014",5.33642560033086e-05
"1015",5.33642560033113e-05
"1016",0.000162168383411072
"1017",0.000161088177231819
"1018",5.33642560033135e-05
"1019",0.000107584705056837
"1020",0.000270190762541483
"1021",0.00021597246427894
"1022",0.000270429862091357
"1023",5.33642560033114e-05
"1024",0.00010766931453014
"1025",5.33642560033094e-05
"1026",0.000107812437157419
"1027",5.33642560033068e-05
"1028",0.000107700864900192
"1029",0.00016001251211022
"1030",5.33642560033099e-05
"1031",5.3364256003308e-05
"1032",0.00032159108823894
"1033",0.000267436171306292
"1034",5.33642560033066e-05
"1035",5.33642560033128e-05
"1036",5.39340147825185e-05
"1037",0.000217247578612356
"1038",5.39340147825186e-05
"1039",0.000215997534928504
"1040",0.000161984997938853
"1041",0.00065003800818359
"1042",0.000271112909816054
"1043",5.39340147825144e-05
"1044",0.000215997534928506
"1045",0.000107793587525676
"1046",0.000162294367746855
"1047",0.000108178703323559
"1048",0.000161851769275109
"1049",5.39340147825155e-05
"1050",0.000107793587525674
"1051",5.39340147825111e-05
"1052",0.000217159979183471
"1053",0.000108095346761166
"1054",0.000108095346761167
"1055",0.000271144689103625
"1056",5.39340147825226e-05
"1057",0.000108224406317575
"1058",0.000162332028646567
"1059",5.39340147825203e-05
"1060",0.000108391025537186
"1061",0.000162018611897742
"1062",0.000597307718991147
"1063",0.000215997534928515
"1064",0.000325401366562136
"1065",0.000270533635954401
"1066",0.000271007357662062
"1067",5.39340147825207e-05
"1068",0.000325876810850102
"1069",0.000108178703323555
"1070",0.000162362017718423
"1071",5.39340147825134e-05
"1072",0.000108135089538162
"1073",0.000108135089538167
"1074",0.000108245256720857
"1075",0.000108135089538169
"1076",0.000161980278195678
"1077",0.000108135089538165
"1078",0.00010826986165477
"1079",0.000162625767895669
"1080",5.39983743291115e-05
"1081",0.00010845548346716
"1082",0.000108245256720857
"1083",5.39983743291159e-05
"1084",5.39983743291195e-05
"1085",0.000108135089538164
"1086",0.000108227881672975
"1087",0.000108135089538166
"1088",5.39983743291213e-05
"1089",0.000325578340575792
"1090",0.000108135089538166
"1091",0.000162723428664125
"1092",0.000323957800585066
"1093",0.000162336040239446
"1094",5.39983743291245e-05
"1095",0.000108135089538166
"1096",0.000108438167310274
"1097",5.4215968587506e-05
"1098",5.42159685875087e-05
"1099",0.000325731230331372
"1100",0.000108580874075892
"1101",0.000379059380602526
"1102",0.000162770705581953
"1103",0.000108674282265036
"1104",0.000268637722916389
"1105",0.000216825693271898
"1106",0.000217368146702368
"1107",5.421596858751e-05
"1108",0.00016301640196534
"1109",5.42159685875076e-05
"1110",0.000108394523075721
"1111",0.000162806940455502
"1112",5.42159685875118e-05
"1113",5.42159685875096e-05
"1114",0.000108438167310273
"1115",5.42159685875053e-05
"1116",5.4215968587499e-05
"1117",5.4215968587508e-05
"1118",5.42159685875074e-05
"1119",5.42159685875102e-05
"1120",5.42159685875121e-05
"1121",5.42159685875072e-05
"1122",5.42159685874985e-05
"1123",0.000434553018109571
"1124",5.40930105477566e-05
"1125",5.42159685875095e-05
"1126",5.42159685875098e-05
"1127",5.42159685875046e-05
"1128",0.000108580874075886
"1129",5.42159685875037e-05
"1130",5.42159685875032e-05
"1131",5.42159685875039e-05
"1132",5.42159685875074e-05
"1133",5.42159685875055e-05
"1134",5.42159685875091e-05
"1135",5.42159685875102e-05
"1136",0.000162806940455503
"1137",5.42159685875058e-05
"1138",0.000108501981962592
"1139",5.2842611428718e-05
"1140",5.2842611428723e-05
"1141",0.000107033636557751
"1142",0.000269585214737792
"1143",0.000269877196370264
"1144",5.28426114287235e-05
"1145",5.28426114287158e-05
"1146",5.28426114287191e-05
"1147",0.000271619204205256
"1148",5.40930105477589e-05
"1149",5.40930105477588e-05
"1150",5.40930105477586e-05
"1151",5.40930105477556e-05
"1152",5.40930105477554e-05
"1153",5.40930105477524e-05
"1154",5.40930105477579e-05
"1155",0.000162906194324344
"1156",5.28426114287151e-05
"1157",5.28426114287226e-05
"1158",5.28426114287181e-05
"1159",0.00010712631351152
"1160",5.43006612887481e-05
"1161",5.43006612887415e-05
"1162",5.43006612887425e-05
"1163",0.000216878777299474
"1164",5.43006612887488e-05
"1165",0.000108538242854336
"1166",0.000108494783920003
"1167",5.43006612887461e-05
"1168",5.43006612887451e-05
"1169",0.000108538242854335
"1170",5.43006612887463e-05
"1171",5.42405002198026e-05
"1172",5.42405002197993e-05
"1173",5.42405002197951e-05
"1174",5.42405002197982e-05
"1175",5.42405002198021e-05
"1176",5.4240500219798e-05
"1177",5.42405002198061e-05
"1178",5.42405002198038e-05
"1179",5.42405002197986e-05
"1180",5.42405002198047e-05
"1181",5.42405002198025e-05
"1182",0.000161600884618578
"1183",5.43006612887399e-05
"1184",5.43006612887424e-05
"1185",5.43006612887443e-05
"1186",5.43006612887461e-05
"1187",5.43006612887446e-05
"1188",5.4300661288745e-05
"1189",0.000108494783920006
"1190",0.000162757216213725
"1191",5.43006612887422e-05
"1192",5.43006612887466e-05
"1193",5.43006612887423e-05
"1194",5.43006612887505e-05
"1195",0.000108481265885015
"1196",5.42405002197971e-05
"1197",5.42405002197981e-05
"1198",5.42405002197978e-05
"1199",5.42405002197948e-05
"1200",5.42405002197987e-05
"1201",0.00010860083240329
"1202",5.42405002198031e-05
"1203",0.000217464180052364
"1204",5.42405002198012e-05
"1205",0.000217288171196523
"1206",5.42405002198015e-05
"1207",5.39768207489675e-05
"1208",0.000108327809950476
"1209",0.000271287367186002
"1210",5.39768207489728e-05
"1211",0.000326156399721333
"1212",0.000271763789650972
"1213",0.000162986417495132
"1214",0.00021739370868592
"1215",0.00016298641749513
"1216",0.000271167435030433
"1217",0.000598444260233526
"1218",0.000488677758312923
"1219",0.000596087862750654
"1220",0.000162986417495134
"1221",0.00016298641749513
"1222",5.43851604611753e-05
"1223",5.43851604611721e-05
"1224",0.000108786158103852
"1225",0.000108786158103843
"1226",5.43851604611754e-05
"1227",0.000326188514497345
"1228",5.43851604611753e-05
"1229",5.43851604611777e-05
"1230",0.000325835023584502
"1231",0.00010875018802644
"1232",5.43851604611753e-05
"1233",5.43851604611749e-05
"1234",0.000326230773475848
"1235",5.43851604611767e-05
"1236",0.000543893142109449
"1237",0.000163167552779265
"1238",0.000108810765804673
"1239",0.000755745242441993
"1240",5.43851604611663e-05
"1241",0.000543665996007472
"1242",0.000488866519809726
"1243",0.000326311667898875
"1244",0.000435093119041117
"1245",5.43851604611754e-05
"1246",0.000217520366393563
"1247",5.43851604611745e-05
"1248",0.000429777671399101
"1249",0.000434837479501841
"1250",0.000108810765804665
"1251",0.000108710197137752
"1252",5.43851604611796e-05
"1253",5.43851604611731e-05
"1254",0.00043424282395184
"1255",0.000925436645225206
"1256",5.43851604611779e-05
"1257",0.000380125891004186
"1258",0.000380486443918856
"1259",0.000326383526790872
"1260",0.000216972121900575
"1261",5.43851604611802e-05
"1262",5.438516046118e-05
"1263",5.43851604611719e-05
"1264",5.43851604611739e-05
"1265",5.43851604611697e-05
"1266",5.43851604611732e-05
"1267",5.43851604611785e-05
"1268",5.43851604611764e-05
"1269",0.000108493784008836
"1270",5.43851604611733e-05
"1271",5.43851604611745e-05
"1272",0.000486665962906122
"1273",0.000271786831283601
"1274",0.000162702423445088
"1275",0.00048956689312647
"1276",5.37907741738948e-05
"1277",0.000705501193136162
"1278",0.000217574098803251
"1279",0.000487095018514331
"1280",0.000108494783920005
"1281",0.000162980330788258
"1282",0.00010849478392001
"1283",5.42159685875118e-05
"1284",5.44218201722927e-05
"1285",0.000108526329872506
"1286",0.000271745118541709
"1287",5.30103523439908e-05
"1288",0.000215122300561951
"1289",0.000488805888808656
"1290",5.30299425177911e-05
"1291",5.43006612887487e-05
"1292",5.3029942517792e-05
"1293",0.000323332854669749
"1294",0.000108755712830871
"1295",0.000103539192049419
"1296",0.000323328302647543
"1297",5.43006612887425e-05
"1298",5.43006612887425e-05
"1299",0.000217230814433563
"1300",0.000326122961800675
"1301",0.000108674282265044
"1302",5.37907741738978e-05
"1303",5.13621552760196e-05
"1304",0.000433803969605251
"1305",0.000108489493987703
"1306",0.000161889672474546
"1307",0.000270726145442353
"1308",0.000270625648603596
"1309",0.000163037458344384
"1310",0.000214975866845909
"1311",5.37907741739007e-05
"1312",0.000217289063388946
"1313",0.00027193176953953
"1314",0.000106307931705615
"1315",0.000108463143335039
"1316",5.42159685875097e-05
"1317",5.42159685875057e-05
"1318",0.000108580874075884
"1319",0.000434869922722988
"1320",0.000107256735773147
"1321",5.30103523439874e-05
"1322",5.37907741738959e-05
"1323",0.000108735282000253
"1324",0.000326177722971092
"1325",0.000379116837855548
"1326",0.00016289159466317
"1327",5.42159685875067e-05
"1328",5.43006612887421e-05
"1329",5.4300661288744e-05
"1330",0.000271616844515801
"1331",0.000488902219935691
"1332",0.000488734558744016
"1333",0.000108494783920012
"1334",0.000271533346002437
"1335",0.000217246343932548
"1336",0.000271774605369989
"1337",0.000326325659024132
"1338",0.000489411031762439
"1339",0.000108580874075886
"1340",0.000488728717476644
"1341",5.43809848917727e-05
"1342",0.000325946120189526
"1343",0.000379389704867326
"1344",5.42405002198026e-05
"1345",5.30299425177935e-05
"1346",0.000217139099970058
"1347",0.000217469188027324
"1348",5.44218201723027e-05
"1349",5.43006612887517e-05
"1350",0.000160484157937532
"1351",5.43006612887459e-05
"1352",5.43006612887472e-05
"1353",0.000162813253046081
"1354",0.000434865587351799
"1355",5.42405002198018e-05
"1356",0.000217495808645778
"1357",0.000434703501517235
"1358",0.000543049002222848
"1359",0.000108494783920008
"1360",0.000108580874075882
"1361",0.000162806940455505
"1362",5.30103523439883e-05
"1363",0.000217394737241947
"1364",0.000108580874075884
"1365",5.43006612887478e-05
"1366",5.44218201722948e-05
"1367",5.19649322127702e-05
"1368",0.000434567911411645
"1369",0.000162567224947598
"1370",0.000594129567312582
"1371",0.000435293649938783
"1372",0.000108494783920009
"1373",0.000489383114228361
"1374",0.000266622488405975
"1375",0.000326273791420096
"1376",5.43006612887485e-05
"1377",0.000107390665383825
"1378",5.43809848917759e-05
"1379",0.000705553375193283
"1380",0.00010848880488142
"1381",5.30299425177888e-05
"1382",0.000653036298991745
"1383",0.000271685868541368
"1384",0.00048910923297931
"1385",0.000434094421746412
"1386",0.000326035970064156
"1387",0.000707320476920792
"1388",5.30103523439901e-05
"1389",0.000108494783920008
"1390",0.000595689903217957
"1391",0.000380218843040034
"1392",0.00027098908406203
"1393",0.00037996047965643
"1394",0.000326483897006149
"1395",0.000217140118805634
"1396",0.000216859191178298
"1397",0.000271842354342431
"1398",0.000325102308473269
"1399",0.000380072908193464
"1400",0.000543614837182253
"1401",0.000157795613096112
"1402",5.42159685875076e-05
"1403",5.30299425177905e-05
"1404",0.000433791108712621
"1405",0.000270266090285792
"1406",5.43006612887469e-05
"1407",0.000596370898812055
"1408",0.00048970293213949
"1409",0.000434160594303456
"1410",5.4330236561572e-05
"1411",0.000107473546500403
"1412",0.00038021434699794
"1413",5.13621552760213e-05
"1414",0.000162843774737183
"1415",0.000163209488918524
"1416",0.000271834639947786
"1417",0.000163024302213954
"1418",5.4240500219801e-05
"1419",0.000108622504453706
"1420",0.000435110848156101
"1421",0.00032618520519235
"1422",0.000435132367419683
"1423",5.43006612887453e-05
"1424",0.000108488804881424
"1425",0.000217251072701349
"1426",0.000652832345330707
"1427",5.1964932212769e-05
"1428",5.4300661288745e-05
"1429",5.19649322127706e-05
"1430",5.43809848917733e-05
"1431",0.000107862856793368
"1432",0.000162741345848423
"1433",0.000326083549360878
"1434",0.000706741557940311
"1435",0.000108488804881423
"1436",0.000379904844445272
"1437",0.000542225169469726
"1438",0.000377608256517077
"1439",0.000108580874075883
"1440",0.000108580874075885
"1441",5.42159685875092e-05
"1442",5.40930105477568e-05
"1443",5.43006612887492e-05
"1444",0.000108707820202242
"1445",5.42159685875083e-05
"1446",5.13621552760171e-05
"1447",5.42159685875036e-05
"1448",5.19649322127717e-05
"1449",0.000108191704283719
"1450",5.43006612887458e-05
"1451",5.30299425177898e-05
"1452",0.000542383522965521
"1453",0.000325718900180327
"1454",0.000380582284681222
"1455",5.30299425177884e-05
"1456",0.000108494783920007
"1457",5.30299425177837e-05
"1458",0.000163106784175449
"1459",5.43809848917826e-05
"1460",5.42159685875081e-05
"1461",5.30299425177855e-05
"1462",0.000163037458344389
"1463",0.000598303084265114
"1464",5.4240500219799e-05
"1465",0.000379297259913429
"1466",0.000108436503285197
"1467",5.4215968587505e-05
"1468",5.43302365615778e-05
"1469",5.4215968587506e-05
"1470",0.000107233692766016
"1471",0.00010875571283087
"1472",0.000108488804881423
"1473",5.42159685875036e-05
"1474",5.19649322127687e-05
"1475",0.000217287818968384
"1476",0.000161348667406806
"1477",0.000217469495992815
"1478",5.43006612887431e-05
"1479",0.000108604540834496
"1480",5.42159685875043e-05
"1481",0.000487830483500997
"1482",5.4215968587508e-05
"1483",5.42405002197967e-05
"1484",0.000323886857663841
"1485",0.000162806940455503
"1486",4.93506585926706e-05
"1487",5.4215968587505e-05
"1488",5.30103523439937e-05
"1489",5.42159685875093e-05
"1490",5.30103523439931e-05
"1491",0.000108488804881423
"1492",0.000378759392335643
"1493",0.000217485717978954
"1494",5.42159685875057e-05
"1495",5.19649322127685e-05
"1496",5.42159685875034e-05
"1497",5.44030883440385e-05
"1498",0.000217497508487488
"1499",5.30103523439879e-05
"1500",5.42159685875105e-05
"1501",5.42159685875054e-05
"1502",4.93506585926662e-05
"1503",5.42405002197975e-05
"1504",0.000107421075079941
"1505",5.42159685875106e-05
"1506",0.000108580874075885
"1507",5.30299425177882e-05
"1508",5.42159685875085e-05
"1509",5.13621552760231e-05
"1510",5.30103523439905e-05
"1511",5.42159685875059e-05
"1512",0.000434540274773273
"1513",0.000108501981962583
"1514",0.000488740932575897
"1515",5.4300661288751e-05
"1516",5.37907741738951e-05
"1517",0.000162806940455507
"1518",5.43006612887455e-05
"1519",5.4240500219799e-05
"1520",5.42159685875091e-05
"1521",0.000271560765069696
"1522",5.30299425177903e-05
"1523",5.42159685875139e-05
"1524",5.30299425177914e-05
"1525",0.000108363722430323
"1526",0.000162873321449209
"1527",5.30299425177913e-05
"1528",0.000326355912384085
"1529",0.000271931769539537
"1530",0.00016280694045551
"1531",5.42405002197974e-05
"1532",5.44224453040905e-05
"1533",5.43242805469603e-05
"1534",0.000378786880016809
"1535",0.000108404471596425
"1536",5.30299425177878e-05
"1537",0.000380320584652441
"1538",5.4300661288748e-05
"1539",5.42159685875075e-05
"1540",0.000434921097195721
"1541",5.44224453040901e-05
"1542",5.43006612887472e-05
"1543",0.000108622504453711
"1544",5.30103523439875e-05
"1545",0.000380434257927623
"1546",0.000380656712638437
"1547",5.4300661288741e-05
"1548",5.4300661288745e-05
"1549",5.4300661288751e-05
"1550",0.000108580874075886
"1551",0.000596093584047962
"1552",5.30103523439847e-05
"1553",0.000380002734959395
"1554",0.000380643722549555
"1555",5.43427906691027e-05
"1556",5.42372540247619e-05
"1557",5.43006612887478e-05
"1558",5.43006612887459e-05
"1559",0.000378633247119332
"1560",0.000326017561776398
"1561",5.43006612887499e-05
"1562",0.000435158821548722
"1563",0.000217244627506899
"1564",0.000435123377259281
"1565",0.000489027694813064
"1566",5.43006612887484e-05
"1567",0.000542834321195191
"1568",0.000324695935829487
"1569",5.42159685875113e-05
"1570",5.30103523439918e-05
"1571",5.43006612887449e-05
"1572",0.000217500615227422
"1573",0.000162702423445092
"1574",5.30299425177891e-05
"1575",0.000271647022218717
"1576",0.00021557390375595
"1577",0.000108622504453707
"1578",0.0001330063572823
"1579",0.000434391665365901
"1580",0.000107271453320802
"1581",0.000163196672329769
"1582",0.000704986751043387
"1583",0.000543814754603087
"1584",0.000435064506717887
"1585",5.30299425177928e-05
"1586",0.000217512990074366
"1587",0.000160385779974641
"1588",5.30103523439899e-05
"1589",0.00027184235434244
"1590",5.19649322127724e-05
"1591",0.00081473147120682
"1592",0.000380734115945495
"1593",5.44218201722961e-05
"1594",0.000325768481833936
"1595",0.000487725948988646
"1596",0.000597820478033687
"1597",5.19649322127664e-05
"1598",0.000108808280984229
"1599",5.43006612887441e-05
"1600",0.000216985252666399
"1601",0.000108580874075887
"1602",0.000108655954820743
"1603",5.43006612887476e-05
"1604",5.43006612887528e-05
"1605",5.30299425177843e-05
"1606",5.37907741738974e-05
"1607",5.43006612887474e-05
"1608",0.00070744149095893
"1609",0.000707380609501777
"1610",5.43006612887489e-05
"1611",0.000215954321879036
"1612",5.30299425177922e-05
"1613",0.000271339419309315
"1614",0.000271647444649151
"1615",5.30103523439937e-05
"1616",5.409301054775e-05
"1617",0.000108580874075888
"1618",5.42159685875115e-05
"1619",0.000108580874075883
"1620",0.000162648136916876
"1621",5.19649322127678e-05
"1622",5.43302365615736e-05
"1623",0.000163189767209977
"1624",5.4300661288745e-05
"1625",0.000162872314151351
"1626",0.00010862250445371
"1627",5.30299425177903e-05
"1628",5.42159685875084e-05
"1629",0.000271733945301127
"1630",5.43006612887503e-05
"1631",0.000762028720661473
"1632",0.000324717441732729
"1633",5.40930105477565e-05
"1634",5.30299425177885e-05
"1635",0.000108580874075886
"1636",0.000161913495188581
"1637",5.37907741738965e-05
"1638",0.000108707820202241
"1639",0.000108707820202239
"1640",5.42159685875026e-05
"1641",0.00037976484618294
"1642",5.42405002197971e-05
"1643",5.30299425177867e-05
"1644",0.000161534445772947
"1645",5.37907741738983e-05
"1646",0.000215868830046509
"1647",5.4300661288745e-05
"1648",5.42159685875106e-05
"1649",0.000108438167310276
"1650",5.1964932212772e-05
"1651",5.43006612887425e-05
"1652",5.40930105477556e-05
"1653",0.000270632347916981
"1654",0.000489044054840804
"1655",0.000434550924276745
"1656",0.000108191704283716
"1657",5.3029942517789e-05
"1658",0.000216237656850798
"1659",0.000217287818968382
"1660",5.30103523439871e-05
"1661",0.000108580874075889
"1662",0.000217386693748284
"1663",5.30299425177923e-05
"1664",5.430066128875e-05
"1665",0.000108599107771901
"1666",0.000380635500823002
"1667",5.42405002198018e-05
"1668",4.93506585926698e-05
"1669",0.000108753993262867
"1670",0.000488790553980224
"1671",0.000157865057495302
"1672",0.000162799894790444
"1673",0.00032549109985265
"1674",0.00027182773114096
"1675",0.000108707820202238
"1676",5.42159685875034e-05
"1677",5.3010352343992e-05
"1678",5.44218201722942e-05
"1679",0.000107335909699037
"1680",4.93506585926713e-05
"1681",5.43280180300975e-05
"1682",5.43006612887473e-05
"1683",0.000163093916765564
"1684",0.000162709324387843
"1685",5.43006612887512e-05
"1686",0.000325906056498529
"1687",5.4421820172295e-05
"1688",0.000108568013730991
"1689",5.42159685875083e-05
"1690",5.13621552760212e-05
"1691",5.13621552760237e-05
"1692",5.43006612887492e-05
"1693",5.43809848917814e-05
"1694",5.30299425177893e-05
"1695",5.30299425177904e-05
"1696",0.000217498118354716
"1697",0.000433291511370147
"1698",5.42372540247599e-05
"1699",0.000217367610760731
"1700",0.000108580874075887
"1701",5.1964932212768e-05
"1702",5.37907741738962e-05
"1703",0.000108580874075882
"1704",0.000108565361910197
"1705",0.00027158631641397
"1706",5.30299425177884e-05
"1707",5.37907741738993e-05
"1708",0.000107134021342542
"1709",5.30299425177888e-05
"1710",5.43006612887478e-05
"1711",5.42405002197976e-05
"1712",5.19649322127694e-05
"1713",5.42159685875076e-05
"1714",0.000108501981962584
"1715",0.000108707820202238
"1716",0.000108495897116305
"1717",0.000217287818968378
"1718",4.93506585926691e-05
"1719",0.0001626098345414
"1720",5.43006612887447e-05
"1721",0.000239473393953272
"1722",5.4215968587508e-05
"1723",0.000217307015971219
"1724",5.42159685875053e-05
"1725",0.000163035182961291
"1726",5.3029942517792e-05
"1727",0.000162873321449209
"1728",5.3029942517792e-05
"1729",0.000217605622233882
"1730",5.42159685875109e-05
"1731",5.40930105477572e-05
"1732",5.40930105477583e-05
"1733",5.19649322127703e-05
"1734",5.42159685875051e-05
"1735",0.000162590989011486
"1736",5.40930105477532e-05
"1737",5.4300661288749e-05
"1738",5.43006612887473e-05
"1739",5.30103523439859e-05
"1740",5.19649322127687e-05
"1741",5.37907741738977e-05
"1742",5.43006612887519e-05
"1743",0.000380551974413143
"1744",5.37907741738981e-05
"1745",5.4215968587501e-05
"1746",5.42159685875105e-05
"1747",5.42405002197993e-05
"1748",0.000325361212646661
"1749",0.000163109137138548
"1750",0.000108580874075887
"1751",0.000216947236671274
"1752",0.000217378512136452
"1753",0.000217498118354713
"1754",0.000489354056987902
"1755",0.000326310870584379
"1756",5.44030883440339e-05
"1757",0.000380694565149312
"1758",5.43006612887471e-05
"1759",5.43006612887437e-05
"1760",5.19649322127661e-05
"1761",0.000108510537945647
"1762",0.000108438167310278
"1763",5.43427906691056e-05
"1764",5.4237254024762e-05
"1765",5.42159685875034e-05
"1766",5.30103523439902e-05
"1767",0.000108501981962583
"1768",0.000108707820202239
"1769",5.42159685875065e-05
"1770",5.4240500219802e-05
"1771",5.40930105477545e-05
"1772",0.000217225018227158
"1773",0.000108580874075887
"1774",5.44218201722979e-05
"1775",5.30299425177882e-05
"1776",5.43006612887484e-05
"1777",5.30299425177861e-05
"1778",5.42405002197958e-05
"1779",5.42159685875078e-05
"1780",5.4190379328798e-05
"1781",5.30299425177914e-05
"1782",5.44030883440344e-05
"1783",5.42159685875114e-05
"1784",0.000271134446756744
"1785",3.24155686667935e-05
"1786",5.43006612887499e-05
"1787",0.000108580874075887
"1788",5.43006612887474e-05
"1789",0.000163036056615538
"1790",0.000106117023233179
"1791",5.42372540247606e-05
"1792",5.42159685875101e-05
"1793",5.42159685875071e-05
"1794",0.000162873321449206
"1795",5.4300661288747e-05
"1796",5.42159685875029e-05
"1797",0.000162806940455512
"1798",5.30299425177907e-05
"1799",0.000108738700359941
"1800",0.00021470528284177
"1801",5.43006612887493e-05
"1802",0.000107862856793368
"1803",0.000108438167310276
"1804",5.44224453040898e-05
"1805",5.43006612887511e-05
"1806",5.43006612887474e-05
"1807",5.43851604611769e-05
"1808",0.000380287832096459
"1809",5.4300661288749e-05
"1810",0.000380009812358726
"1811",5.43006612887439e-05
"1812",0.000217084515147093
"1813",5.42159685875111e-05
"1814",0.000598436232796899
"1815",0.000217395523333952
"1816",5.42159685875074e-05
"1817",5.42159685875037e-05
"1818",5.42159685875072e-05
"1819",5.43170278420956e-05
"1820",0.00010353919204941
"1821",5.30299425177896e-05
"1822",5.37907741738971e-05
"1823",5.19649322127641e-05
"1824",0.000380607923150517
"1825",0.000271815091782129
"1826",0.000162958865122161
"1827",5.42159685875122e-05
"1828",0.000216825693271898
"1829",0.000270517608250075
"1830",5.196493221277e-05
"1831",0.000325928658586069
"1832",5.43006612887508e-05
"1833",5.43809848917785e-05
"1834",0.000108789846523771
"1835",5.43006612887527e-05
"1836",0.000108580874075886
"1837",0.000162806940455509
"1838",5.42159685875084e-05
"1839",0.000108501981962586
"1840",0.000162872314151355
"1841",0.000103437129967595
"1842",0.000108191704283721
"1843",0.00016261786942307
"1844",5.43851604611765e-05
"1845",5.37907741738956e-05
"1846",0.000379979173705471
"1847",5.43006612887458e-05
"1848",0.000160591045518623
"1849",0.000761963893597329
"1850",5.37907741738996e-05
"1851",5.42159685875084e-05
"1852",5.42159685875077e-05
"1853",0.000108438167310276
"1854",5.42159685875081e-05
"1855",5.43006612887462e-05
"1856",5.13621552760203e-05
"1857",5.30299425177836e-05
"1858",0.000108436503285193
"1859",0.000379330079462149
"1860",5.43006612887451e-05
"1861",0.000162619809529371
"1862",0.000271846063417839
"1863",5.19649322127726e-05
"1864",5.4240500219799e-05
"1865",5.43006612887503e-05
"1866",0.000108580874075884
"1867",5.43006612887478e-05
"1868",0.000108488804881425
"1869",5.30299425177896e-05
"1870",5.42372540247591e-05
"1871",5.19649322127701e-05
"1872",0.000487778496801203
"1873",0.000540451587866217
"1874",0.00054224315818176
"1875",0.000488456559257836
"1876",0.000434246968053486
"1877",0.000434003722630393
"1878",0.000488554014365014
"1879",0.000869299704963124
"1880",0.000542243158181775
"1881",0.000760308485801819
"1882",0.000542243158181763
"1883",0.000705910459970165
"1884",0.000486713079009722
"1885",0.000434242250885622
"1886",5.37682274880221e-05
"1887",0.000543224494260893
"1888",0.000541411951215746
"1889",0.000217139892672555
"1890",5.39768207489757e-05
"1891",0.000271404757072899
"1892",0.000434212102686054
"1893",0.000380006962312411
"1894",0.000217031102307904
"1895",0.00054141195121575
"1896",0.000488677758312919
"1897",0.000488677758312927
"1898",0.00032578444619458
"1899",0.000434212102686061
"1900",0.000217140118805632
"1901",0.000162764718105777
"1902",0.000543187027603011
"1903",0.000108356799896914
"1904",0.000108268607176988
"1905",0.000325778341896606
"1906",5.39768207489728e-05
"1907",5.397682074897e-05
"1908",0.000217037602299275
"1909",0.000434212102686058
"1910",0.000271524992637647
"1911",5.39768207489747e-05
"1912",0.000489052892393923
"1913",0.000162632052525267
"1914",5.29102014322596e-05
"1915",5.29102014322612e-05
"1916",5.29102014322561e-05
"1917",0.000324786425213657
"1918",5.29102014322566e-05
"1919",0.000433267577184946
"1920",5.29102014322571e-05
"1921",0.000271759584050214
"1922",5.43242805469591e-05
"1923",0.000380691847288535
"1924",0.000543809283522689
"1925",0.000217426806397878
"1926",0.000271759584050212
"1927",0.000380484581290961
"1928",0.000271899360267152
"1929",0.00010873528200025
"1930",0.00010873587701423
"1931",0.000326197954964078
"1932",0.000163124811662201
"1933",0.000217500615227417
"1934",0.000326155841185785
"1935",0.000434837479501839
"1936",0.000326008464979213
"1937",0.000271748255262396
"1938",0.00010862260665189
"1939",0.000163104962730057
"1940",0.000108709513037072
"1941",0.000434837479501839
"1942",0.000434835722731667
"1943",0.000271815834005237
"1944",0.000326134385659452
"1945",0.000434837479501838
"1946",0.000271759584050203
"1947",0.000652464367057921
"1948",0.000326014172433898
"1949",0.000434828253152489
"1950",0.00021753553409885
"1951",0.000326379047118231
"1952",0.000271759584050212
"1953",0.000489238600689145
"1954",0.000217491034095638
"1955",0.000434787479969175
"1956",0.000489369483948196
"1957",0.000271774605369974
"1958",0.000380383783925708
"1959",0.000326134385659459
"1960",0.000108735282000247
"1961",0.000380580010570267
"1962",0.000326134385659454
"1963",0.000163135538448544
"1964",0.000271915872524937
"1965",5.43242805469585e-05
"1966",5.4324280546962e-05
"1967",0.000271759584050209
"1968",5.4324280546959e-05
"1969",5.43242805469584e-05
"1970",0.000271789985758157
"1971",5.43242805469597e-05
"1972",0.000217411891311686
"1973",0.0001631248116622
"1974",0.000217500615227417
"1975",5.43242805469577e-05
"1976",0.000271785095461271
"1977",0.000108635904346852
"1978",0.00021727665404014
"1979",0.00027191587252493
"1980",0.000435130356275649
"1981",0.000217402018009893
"1982",0.000108709513037068
"1983",0.000217402018009895
"1984",0.000326090202200769
"1985",0.000217412510895996
"1986",0.000326197954964079
"1987",0.000434837479501842
"1988",5.432428054696e-05
"1989",0.000707030773661476
"1990",5.44030883440343e-05
"1991",5.44030883440375e-05
"1992",5.44030883440346e-05
"1993",5.44030883440353e-05
"1994",0.000163176431129219
"1995",5.4403088344037e-05
"1996",0.000163209488918519
"1997",0.000163209488918515
"1998",0.000108815693142521
"1999",5.44030883440334e-05
"2000",0.000163209488918518
"2001",0.000217498118354714
"2002",0.000108808280984229
"2003",0.000217502046614803
"2004",0.000108815693142521
"2005",0.000108808280984229
"2006",5.44030883440358e-05
"2007",5.44030883440331e-05
"2008",0.00027157806671474
"2009",0.000108808280984231
"2010",0.000380600071064604
"2011",0.000163206120401128
"2012",0.000271921152273115
"2013",5.44030883440374e-05
"2014",0.000380639696574712
"2015",0.000108808280984229
"2016",0.00016320948891852
"2017",0.000271892993047774
"2018",0.000108808280984231
"2019",5.44030883440343e-05
"2020",0.000163111655867763
"2021",0.000217502046614801
"2022",0.000163209488918515
"2023",5.44030883440363e-05
"2024",0.000271892993047777
"2025",0.000271921152273115
"2026",0.00021753833588817
"2027",0.000271892993047781
"2028",5.44030883440372e-05
"2029",5.44030883440369e-05
"2030",0.000163176854824414
"2031",0.000163209488918516
"2032",0.000163209488918521
"2033",0.000217457119472615
"2034",0.000163209488918516
"2035",0.000217502046614799
"2036",0.00016320948891852
"2037",0.000380496345460347
"2038",5.44030883440366e-05
"2039",0.000326150592463852
"2040",0.000108808280984233
"2041",0.000380600071064599
"2042",0.000163106784175454
"2043",0.00027189299304777
"2044",0.00016320948891852
"2045",0.000108808280984231
"2046",0.000326165134897658
"2047",0.000271882627735995
"2048",0.000108815693142522
"2049",5.4403088344036e-05
"2050",0.00027178989160308
"2051",0.000435308686844862
"2052",0.000163209488918515
"2053",0.000380393494232784
"2054",0.000108745886425371
"2055",0.000217598651997746
"2056",0.000271921152273117
"2057",0.000380549804973929
"2058",0.000217502046614806
"2059",0.000163106784175453
"2060",0.000108808280984228
"2061",0.000163209488918517
"2062",0.000217605622233887
"2063",0.000217502046614807
"2064",0.000217527084275833
"2065",0.000217605622233893
"2066",0.000163111655867766
"2067",0.000163209488918519
"2068",5.44030883440372e-05
"2069",0.000271601596980353
"2070",0.000108808280984228
"2071",0.000217598651997752
"2072",0.000108723992486286
"2073",5.44030883440362e-05
"2074",0.00027168624391669
"2075",0.000108815693142516
"2076",5.44030883440356e-05
"2077",0.000325971399143463
"2078",0.000108808280984229
"2079",0.000163209488918522
"2080",0.000108799341080495
"2081",5.44030883440337e-05
"2082",0.000163209488918513
"2083",0.00021759865199775
"2084",0.000271775696263992
"2085",0.00010880828098423
"2086",0.000163209488918518
"2087",0.000108719767644397
"2088",0.000163188439370596
"2089",5.44030883440376e-05
"2090",5.44030883440344e-05
"2091",5.44030883440332e-05
"2092",0.000163209488918518
"2093",5.44030883440382e-05
"2094",5.44030883440349e-05
"2095",5.44030883440363e-05
"2096",5.44030883440364e-05
"2097",5.44030883440349e-05
"2098",0.000271882627736
"2099",0.000217605622233886
"2100",0.000108808280984225
"2101",0.000108808280984228
"2102",5.44030883440381e-05
"2103",0.000163215598964141
"2104",5.44030883440346e-05
"2105",5.44030883440349e-05
"2106",0.000380610928534125
"2107",5.44030883440376e-05
"2108",0.000163215620375898
"2109",5.44030883440346e-05
"2110",0.000163101340232716
"2111",0.000163106784175451
"2112",0.000108713665357437
"2113",0.000271879200044237
"2114",5.4403088344035e-05
"2115",0.000108808280984227
"2116",0.00010880828098423
"2117",0.000597848802267998
"2118",5.44030883440358e-05
"2119",0.000217485717978959
"2120",5.44030883440346e-05
"2121",0.000163209488918519
"2122",0.00010880828098423
"2123",0.000108808280984231
"2124",0.000271667930185101
"2125",0.000108723992486293
"2126",0.000271905387047526
"2127",0.000108713665357439
"2128",0.000217605622233886
"2129",0.000163209488918519
"2130",0.000106984279376068
"2131",5.4422445304094e-05
"2132",5.4422445304091e-05
"2133",5.44224453040915e-05
"2134",5.44224453040934e-05
"2135",5.44224453040894e-05
"2136",0.000163011455636741
"2137",5.44224453040927e-05
"2138",0.000108807089845762
"2139",0.000108832862695982
"2140",5.44224453040918e-05
"2141",0.000163138916492876
"2142",0.000108807089845761
"2143",0.000163072412996243
"2144",5.44224453040897e-05
"2145",5.44224453040932e-05
"2146",0.000163228575323669
"2147",0.000271596325173404
"2148",0.000163138916492877
"2149",0.000271703248345439
"2150",0.000217131420579129
"2151",0.000163000563232605
"2152",5.44224453040905e-05
"2153",0.000108753993262868
"2154",0.000217609833285429
"2155",5.44224453040898e-05
"2156",0.000108832862695981
"2157",0.000108615418786825
"2158",0.000108753993262868
"2159",5.44224453040928e-05
"2160",5.44224453040922e-05
"2161",5.44224453040918e-05
"2162",0.00010883286269598
"2163",0.000163228575323668
"2164",0.000108807089845758
"2165",5.44224453040909e-05
"2166",0.000108807089845762
"2167",0.000108753993262868
"2168",0.000108832862695979
"2169",0.000326038999309679
"2170",5.44224453040934e-05
"2171",5.44224453040945e-05
"2172",0.000217524592568648
"2173",0.000108832862695979
"2174",5.44224453040893e-05
"2175",0.00010883286269598
"2176",0.000217395523333948
"2177",5.44224453040936e-05
"2178",0.000162985008139327
"2179",5.44224453040924e-05
"2180",0.00016321784884595
"2181",5.44224453040925e-05
"2182",0.000163145060501382
"2183",0.000488908779311621
"2184",5.44224453040905e-05
"2185",0.000163138916492875
"2186",0.00010880708984576
"2187",0.000217505883667038
"2188",0.000217291003667284
"2189",5.44224453040935e-05
"2190",0.000652597500558253
"2191",5.44224453040917e-05
"2192",0.000163119638546573
"2193",5.44224453040927e-05
"2194",5.44224453040931e-05
"2195",0.000108807089845757
"2196",0.000162827377634456
"2197",0.000108832862695981
"2198",0.00010883286269598
"2199",0.000217401671961731
"2200",0.000108683840392091
"2201",5.44224453040935e-05
"2202",0.000108807089845764
"2203",5.44224453040932e-05
"2204",5.44224453040925e-05
"2205",0.00021754276092633
"2206",5.44224453040931e-05
"2207",5.44224453040909e-05
"2208",0.000108767958788247
"2209",0.000108832862695978
"2210",0.000217395523333955
"2211",0.000163119638546571
"2212",0.000108807089845759
"2213",5.44224453040907e-05
"2214",5.44224453040905e-05
"2215",0.000108807089845761
"2216",0.000108741800645677
"2217",0.000162934357441557
"2218",5.44224453040919e-05
"2219",0.000108807089845759
"2220",0.000543818803173746
"2221",0.000108807089845758
"2222",0.000108832862695981
"2223",0.000217466200125429
"2224",0.000108832862695979
"2225",5.44224453040929e-05
"2226",0.000108832862695979
"2227",0.000108832862695981
"2228",5.43809848917789e-05
"2229",5.43809848917775e-05
"2230",5.43809848917776e-05
"2231",0.000108719376392362
"2232",5.43809848917795e-05
"2233",5.43809848917773e-05
"2234",5.43809848917781e-05
"2235",5.43809848917771e-05
"2236",0.000162962292137135
"2237",0.000108621979279052
"2238",5.43809848917767e-05
"2239",0.000108621979279054
"2240",5.43809848917782e-05
"2241",0.000108813855642281
"2242",0.000217246659578981
"2243",0.000326006681709715
"2244",0.000108698010303262
"2245",5.43809848917757e-05
"2246",5.43809848917772e-05
"2247",5.43809848917768e-05
"2248",0.000162910736003549
"2249",5.4380984891778e-05
"2250",5.43809848917764e-05
"2251",5.43809848917792e-05
"2252",5.43809848917791e-05
"2253",0.000108621979279051
"2254",5.43809848917777e-05
"2255",0.000108698010303258
"2256",5.43809848917775e-05
"2257",5.43809848917762e-05
"2258",0.000108786158103848
"2259",5.43809848917781e-05
"2260",5.4380984891775e-05
"2261",0.000108698010303259
"2262",5.43809848917785e-05
"2263",5.43809848917772e-05
"2264",5.43809848917779e-05
"2265",0.000108621979279047
"2266",5.43809848917766e-05
"2267",5.43809848917776e-05
"2268",0.000108698010303259
"2269",5.43809848917778e-05
"2270",5.43809848917778e-05
"2271",0.000217049048495557
"2272",5.43809848917763e-05
"2273",5.43809848917788e-05
"2274",5.43809848917785e-05
"2275",5.43809848917785e-05
"2276",5.43809848917784e-05
"2277",5.43809848917797e-05
"2278",0.000217179614584079
"2279",5.43809848917781e-05
"2280",5.43809848917786e-05
"2281",0.000108621979279052
"2282",5.43809848917776e-05
"2283",5.43809848917779e-05
"2284",5.43809848917773e-05
"2285",5.43809848917788e-05
"2286",5.43809848917778e-05
"2287",0.000108621979279047
"2288",5.4380984891778e-05
"2289",5.43809848917777e-05
"2290",0.000108621979279051
"2291",5.43809848917777e-05
"2292",5.4380984891778e-05
"2293",5.43809848917785e-05
"2294",5.43809848917785e-05
"2295",5.43809848917775e-05
"2296",0.000217049048495557
"2297",5.43809848917794e-05
"2298",5.43809848917778e-05
"2299",5.43809848917791e-05
"2300",5.43809848917783e-05
"2301",5.43809848917809e-05
"2302",5.43809848917806e-05
"2303",0.000163085415980181
"2304",0.000108813855642279
"2305",5.43809848917786e-05
"2306",5.43809848917789e-05
"2307",5.43809848917799e-05
"2308",5.43809848917774e-05
"2309",5.43809848917777e-05
"2310",5.43809848917799e-05
"2311",5.43809848917779e-05
"2312",5.43809848917786e-05
"2313",5.43809848917789e-05
"2314",5.43809848917784e-05
"2315",5.43809848917766e-05
"2316",5.43809848917786e-05
"2317",5.43809848917788e-05
"2318",5.43809848917776e-05
"2319",5.43809848917785e-05
"2320",5.43809848917781e-05
"2321",5.438098489178e-05
"2322",5.43809848917789e-05
"2323",5.43809848917788e-05
"2324",5.4380984891779e-05
"2325",5.4380984891778e-05
"2326",5.43809848917791e-05
"2327",5.43809848917776e-05
"2328",0.000108621979279048
"2329",0.000108621979279047
"2330",0.000108621979279048
"2331",5.43106684366113e-05
"2332",0.000162812033566313
"2333",0.000108533009201355
"2334",5.43106684366121e-05
"2335",0.00016292261972155
"2336",5.43106684366121e-05
"2337",0.000108473844330315
"2338",5.43106684366116e-05
"2339",5.43106684366122e-05
"2340",5.43106684366134e-05
"2341",0.000108619648413687
"2342",5.43106684366131e-05
"2343",5.43106684366135e-05
"2344",0.000325748319753832
"2345",0.000162698965099031
"2346",5.43106684366116e-05
"2347",5.43106684366125e-05
"2348",5.43106684366126e-05
"2349",5.4310668436613e-05
"2350",5.43106684366144e-05
"2351",5.43106684366123e-05
"2352",0.000108533009201354
"2353",5.43106684366119e-05
"2354",0.000217046870748332
"2355",5.43106684366123e-05
"2356",5.43106684366126e-05
"2357",0.000108757725399775
"2358",5.43106684366131e-05
"2359",5.43106684366124e-05
"2360",0.000163016759503566
"2361",5.43106684366154e-05
"2362",0.000108533009201354
"2363",5.4310668436612e-05
"2364",5.4310668436613e-05
"2365",5.43106684366143e-05
"2366",0.000108757725399774
"2367",5.43106684366127e-05
"2368",0.000108473844330315
"2369",0.000217046870748337
"2370",5.43106684366128e-05
"2371",0.000108473844330318
"2372",5.4310668436612e-05
"2373",0.000217046870748335
"2374",0.000108757725399775
"2375",0.000108414110868118
"2376",5.43106684366153e-05
"2377",0.000163117996452317
"2378",5.43106684366118e-05
"2379",5.43106684366141e-05
"2380",5.4310668436614e-05
"2381",5.43106684366116e-05
"2382",5.43106684366121e-05
"2383",5.43106684366124e-05
"2384",5.43106684366123e-05
"2385",5.43106684366121e-05
"2386",5.43106684366123e-05
"2387",5.43106684366121e-05
"2388",0.000108733997020617
"2389",0.000108757725399773
"2390",5.4310668436612e-05
"2391",5.43106684366127e-05
"2392",5.43106684366137e-05
"2393",0.000271420944849434
"2394",5.43106684366119e-05
"2395",5.43106684366131e-05
"2396",5.43106684366137e-05
"2397",0.000217046870748334
"2398",5.43106684366124e-05
"2399",5.43106684366127e-05
"2400",5.43106684366116e-05
"2401",0.000108675933288741
"2402",5.43106684366123e-05
"2403",0.000108757725399775
"2404",5.43106684366115e-05
"2405",5.43106684366125e-05
"2406",5.43851604611723e-05
"2407",0.000108701540964803
"2408",5.43851604611777e-05
"2409",5.43851604611745e-05
"2410",0.000108810765804665
"2411",0.000108710192296106
"2412",5.43851604611774e-05
"2413",5.43851604611773e-05
"2414",5.43851604611768e-05
"2415",5.4385160461177e-05
"2416",5.43851604611768e-05
"2417",5.43851604611759e-05
"2418",5.43851604611768e-05
"2419",5.43851604611739e-05
"2420",5.4385160461178e-05
"2421",5.4385160461176e-05
"2422",0.000108710192296105
"2423",5.43851604611752e-05
"2424",5.43851604611776e-05
"2425",5.43851604611739e-05
"2426",5.4385160461174e-05
"2427",5.43851604611755e-05
"2428",5.43851604611763e-05
"2429",0.000108750188026435
"2430",5.43851604611769e-05
"2431",0.000163122470678669
"2432",0.000217101043555864
"2433",5.43170278420965e-05
"2434",0.000379662622946006
"2435",0.000108583923045562
"2436",0.000108501374002862
"2437",5.4317027842095e-05
"2438",0.00016261786942307
"2439",5.43170278420944e-05
"2440",0.000108583923045563
"2441",0.000108583923045562
"2442",5.43170278420957e-05
"2443",0.000162617869423068
"2444",5.43170278420936e-05
"2445",0.000162668177846964
"2446",0.000162723522935667
"2447",0.000108583923045563
"2448",5.43170278420957e-05
"2449",5.43170278420948e-05
"2450",0.000108583923045564
"2451",5.43170278420952e-05
"2452",0.00010847905593154
"2453",0.000271089072337649
"2454",0.000162731377281068
"2455",0.000108579012682836
"2456",5.43170278420951e-05
"2457",0.00010866924490264
"2458",0.000271089072337647
"2459",5.43170278420956e-05
"2460",0.000216981231743607
"2461",5.43170278420945e-05
"2462",0.000162617869423066
"2463",0.00032559195603397
"2464",0.000108767662549535
"2465",0.000108284974336061
"2466",0.000162818281568451
"2467",0.000108767662549534
"2468",0.000162617869423065
"2469",0.000162617869423069
"2470",0.000216738659012559
"2471",0.000108479055931538
"2472",5.43170278420943e-05
"2473",5.43170278420955e-05
"2474",0.000163061673583611
"2475",0.000162617869423067
"2476",0.000162617869423067
"2477",5.43170278420969e-05
"2478",5.4317027842097e-05
"2479",0.000216738659012566
"2480",0.000162617869423069
"2481",0.000217044739919433
"2482",0.00021706969364957
"2483",0.000108479055931539
"2484",0.000108375002863148
"2485",5.43170278420962e-05
"2486",0.00016273137728107
"2487",0.000108583923045563
"2488",0.000162731377281071
"2489",5.43280180300962e-05
"2490",5.43280180300965e-05
"2491",5.43280180300965e-05
"2492",5.43280180300949e-05
"2493",5.4328018030094e-05
"2494",5.43280180300955e-05
"2495",5.43280180300949e-05
"2496",5.4328018030095e-05
"2497",5.43280180300966e-05
"2498",5.43280180300951e-05
"2499",5.4328018030097e-05
"2500",0.000108737711683905
"2501",0.000162703812146127
"2502",5.42953011880817e-05
"2503",0.00010864504084935
"2504",0.000108349942755242
"2505",0.000108645040849352
"2506",5.42953011880833e-05
"2507",0.000162799894790441
"2508",5.42953011880826e-05
"2509",0.000108645040849351
"2510",5.42953011880814e-05
"2511",0.000162703812146126
"2512",5.42953011880836e-05
"2513",0.000108463143335036
"2514",5.42953011880812e-05
"2515",0.00021702446379744
"2516",5.42953011880812e-05
"2517",5.42953011880818e-05
"2518",5.42953011880831e-05
"2519",0.000108463143335035
"2520",5.42953011880825e-05
"2521",5.42953011880819e-05
"2522",5.42953011880808e-05
"2523",0.000108349942755244
"2524",5.42953011880817e-05
"2525",5.4295301188081e-05
"2526",5.42953011880806e-05
"2527",5.42953011880814e-05
"2528",5.4295301188081e-05
"2529",0.000108463143335037
"2530",5.42953011880806e-05
"2531",5.42953011880811e-05
"2532",0.000108482995872918
"2533",5.40790217999891e-05
"2534",5.40790217999906e-05
"2535",5.40790217999919e-05
"2536",5.40790217999892e-05
"2537",5.40790217999894e-05
"2538",0.000108250292360391
"2539",5.40790217999891e-05
"2540",5.407902179999e-05
"2541",5.40790217999903e-05
"2542",5.40790217999909e-05
"2543",5.40790217999891e-05
"2544",5.40790217999891e-05
"2545",5.40790217999898e-05
"2546",5.40790217999892e-05
"2547",5.40790217999912e-05
"2548",5.40790217999897e-05
"2549",0.000108523335279285
"2550",5.41759869443892e-05
"2551",0.000162741345848418
"2552",5.41759869443897e-05
"2553",5.41759869443896e-05
"2554",5.41759869443891e-05
"2555",5.41759869443898e-05
"2556",5.41759869443896e-05
"2557",5.41759869443894e-05
"2558",5.41759869443898e-05
"2559",5.41759869443898e-05
"2560",0.000108363722430324
"2561",0.000108363722430323
"2562",5.41759869443892e-05
"2563",0.000108363722430324
"2564",0.000108363722430325
"2565",5.41759869443905e-05
"2566",5.41759869443893e-05
"2567",0.000108363722430324
"2568",5.41759869443895e-05
"2569",0.000108529477213113
"2570",5.41759869443896e-05
"2571",5.41759869443912e-05
"2572",0.000108363722430324
"2573",5.41759869443904e-05
"2574",0.000108363722430325
"2575",5.41759869443901e-05
"2576",5.41759869443904e-05
"2577",0.000108363722430323
"2578",0.000108363722430324
"2579",5.41759869443907e-05
"2580",0.000162839418177643
"2581",0.000162839418177642
"2582",5.41759869443902e-05
"2583",5.41759869443901e-05
"2584",5.41759869443895e-05
"2585",5.417598694439e-05
"2586",0.000108363722430325
"2587",5.43302365615715e-05
"2588",5.43302365615708e-05
"2589",5.43302365615713e-05
"2590",5.43302365615707e-05
"2591",0.000108738700359937
"2592",5.4330236561572e-05
"2593",5.43302365615724e-05
"2594",5.43302365615714e-05
"2595",5.43302365615699e-05
"2596",5.43302365615735e-05
"2597",5.43302365615727e-05
"2598",5.43302365615701e-05
"2599",0.000108738700359939
"2600",5.43302365615708e-05
"2601",5.43302365615732e-05
"2602",5.43302365615719e-05
"2603",5.43302365615706e-05
"2604",5.43302365615702e-05
"2605",5.43302365615745e-05
"2606",5.43302365615734e-05
"2607",5.43302365615722e-05
"2608",5.43302365615693e-05
"2609",5.43302365615707e-05
"2610",5.43302365615705e-05
"2611",5.4330236561573e-05
"2612",5.39697838057779e-05
"2613",5.39697838057771e-05
"2614",5.42372540247627e-05
"2615",5.42372540247602e-05
"2616",5.42372540247615e-05
"2617",5.42372540247621e-05
"2618",5.4237254024762e-05
"2619",5.4237254024763e-05
"2620",5.4237254024762e-05
"2621",5.4237254024762e-05
"2622",5.42372540247615e-05
"2623",5.42372540247594e-05
"2624",5.42372540247623e-05
"2625",5.42372540247614e-05
"2626",5.42372540247609e-05
"2627",5.42372540247593e-05
"2628",5.42372540247594e-05
"2629",5.42372540247603e-05
"2630",5.42372540247601e-05
"2631",5.42372540247607e-05
"2632",5.42372540247606e-05
"2633",5.42372540247601e-05
"2634",5.42372540247619e-05
"2635",5.4237254024761e-05
"2636",5.42372540247599e-05
"2637",0.000108689461843622
"2638",5.42372540247607e-05
"2639",5.42372540247593e-05
"2640",5.42372540247613e-05
"2641",5.42372540247599e-05
"2642",5.42372540247616e-05
"2643",5.42372540247594e-05
"2644",5.42372540247602e-05
"2645",5.42372540247607e-05
"2646",5.42372540247612e-05
"2647",5.42372540247603e-05
"2648",5.42372540247595e-05
"2649",5.42372540247616e-05
"2650",5.42372540247594e-05
"2651",5.42372540247607e-05
"2652",5.42372540247594e-05
"2653",5.42372540247604e-05
"2654",5.42372540247593e-05
"2655",5.42372540247606e-05
"2656",5.42372540247596e-05
"2657",5.42372540247592e-05
"2658",5.423725402476e-05
"2659",5.42372540247601e-05
"2660",5.42372540247595e-05
"2661",5.42372540247603e-05
"2662",5.42372540247604e-05
"2663",5.42372540247595e-05
"2664",5.42372540247598e-05
"2665",5.42372540247602e-05
"2666",5.423725402476e-05
"2667",5.42372540247597e-05
"2668",5.42372540247611e-05
"2669",5.42372540247595e-05
"2670",5.42372540247609e-05
"2671",5.42372540247598e-05
"2672",5.42372540247606e-05
"2673",5.42372540247604e-05
"2674",5.42372540247592e-05
"2675",5.42372540247606e-05
"2676",0.000108604194184631
"2677",5.42372540247603e-05
"2678",5.42372540247605e-05
"2679",5.42372540247602e-05
"2680",5.42372540247607e-05
"2681",5.42372540247604e-05
"2682",5.42372540247602e-05
"2683",5.423725402476e-05
"2684",5.42372540247596e-05
"2685",5.44218201722986e-05
"2686",5.44218201723001e-05
"2687",5.44218201722986e-05
"2688",5.44218201722989e-05
"2689",5.44218201722996e-05
"2690",5.44218201723e-05
"2691",5.44218201722998e-05
"2692",5.44218201722992e-05
"2693",5.44218201722995e-05
"2694",5.44218201722993e-05
"2695",5.44218201722989e-05
"2696",5.44218201722985e-05
"2697",5.44218201722993e-05
"2698",5.44218201723002e-05
"2699",5.44218201723e-05
"2700",5.44218201723009e-05
"2701",5.44218201722993e-05
"2702",5.44218201723005e-05
"2703",5.44218201722993e-05
"2704",5.44218201722998e-05
"2705",5.44218201722998e-05
"2706",5.44218201722997e-05
"2707",5.44218201722997e-05
"2708",5.44218201722996e-05
"2709",5.44218201723002e-05
"2710",5.44218201723004e-05
"2711",5.44218201722997e-05
"2712",5.44218201723004e-05
"2713",5.44218201723005e-05
"2714",5.44218201723e-05
"2715",5.44218201722996e-05
"2716",5.44218201722997e-05
"2717",5.44218201722999e-05
"2718",5.44218201722997e-05
"2719",5.44218201723005e-05
"2720",5.44218201723003e-05
"2721",5.44218201723002e-05
"2722",5.44218201723003e-05
"2723",5.44218201723002e-05
"2724",5.43427906691013e-05
"2725",5.43427906691012e-05
"2726",5.43427906691014e-05
"2727",5.43427906691015e-05
"2728",5.43427906691012e-05
"2729",5.43427906691009e-05
"2730",0.000108520114549213
"2731",0.000108520114549213
"2732",5.43427906691006e-05
"2733",5.43427906691013e-05
"2734",5.43427906691011e-05
"2735",5.43427906691013e-05
"2736",5.43427906691013e-05
"2737",0.000108520114549213
"2738",5.4342790669101e-05
"2739",5.43427906691013e-05
"2740",5.43427906691012e-05
"2741",5.43427906691013e-05
"2742",5.43427906691015e-05
"2743",0.000108520114549213
"2744",5.43427906691014e-05
"2745",5.41903793288016e-05
"2746",5.41903793288014e-05
"2747",5.41903793288017e-05
"2748",5.41903793288018e-05
"2749",5.41903793288017e-05
"2750",5.41903793288018e-05
"2751",5.41903793288018e-05
"2752",0.00147260626582296
"2753",0.00530654836355532
"2754",0.0142871732907076
"2755",0.0138602853802663
"2756",0.0129265906872245
"2757",0.00662170003558066
"2758",0.0103016868268381
"2759",0.0163225773169022
"2760",0.0088479966036651
"2761",0.00848016180454039
"2762",4.36033523839682e-05
"2763",0.0132376920049239
"2764",0.0104201368075157
"2765",0.000885623617175858
"2766",4.9555827372108e-05
"2767",0.000357376641892142
"2768",0.000743691057892645
"2769",0.00190912666324454
"2770",0.00250818336252491
"2771",0.00361316405266555
"2772",0.00958679635819025
"2773",0.00537545377404325
"2774",0.00076009720592123
"2775",0.0213089504737552
"2776",0.0148071548651332
"2777",0.00306990600218709
"2778",0.00258880500146259
"2779",0.00399826543263436
"2780",0.00171326342423468
"2781",0.00498169812728389
"2782",0.00281694867914863
"2783",0.00683823209145775
"2784",0.00559797824144189
"2785",0.0150901152068468
"2786",0.00193486868665513
"2787",0.000738238554395546
"2788",0.0289498368549532
"2789",0.0206865939127997
"2790",0.0244682433516111
"2791",0.00178728827350425
"2792",0.0152632319997735
"2793",0.0291278182265273
"2794",0.00387741097949172
"2795",0.00110704367957526
"2796",0.000520098156819229
"2797",7.99428642093823e-05
