"","influenza_dif"
"1",2304
"2",693
"3",372
"4",2376
"5",1916
"6",1916
"7",321
"8",2974
"9",185
"10",1663
"11",1984
"12",1590
"13",557
"14",321
"15",990
"16",185
"17",321
"18",4063
"19",907
"20",1319
"21",1336
"22",725
"23",185
"24",2811
"25",907
"26",1445
"27",4185
"28",219
"29",404
"30",1122
"31",404
"32",1876
"33",321
"34",2364
"35",586
"36",321
"37",2696
"38",1311
"39",185
"40",404
"41",404
"42",153
"43",185
"44",185
"45",765
"46",1060
"47",185
"48",1504
"49",586
"50",153
"51",586
"52",185
"53",2127
"54",185
"55",586
"56",2318
"57",4265
"58",2619
"59",3975
"60",513
"61",1046
"62",2884
"63",385
"64",385
"65",385
"66",385
"67",6498
"68",1766
"69",4637
"70",185
"71",374
"72",242
"73",242
"74",242
"75",5419
"76",321
"77",4652
"78",366
"79",5129
"80",627
"81",3795
"82",309
"83",309
"84",309
"85",694
"86",694
"87",694
"88",751
"89",694
"90",630
"91",309
"92",513
"93",1682
"94",2618
"95",404
"96",513
"97",513
"98",815
"99",404
"100",4582
"101",513
"102",4844
"103",3111
"104",815
"105",706
"106",706
"107",706
"108",513
"109",706
"110",1780
"111",815
"112",815
"113",3744
"114",706
"115",615
"116",302
"117",2214
"118",231
"119",4506
"120",615
"121",519
"122",302
"123",302
"124",302
"125",302
"126",302
"127",288
"128",302
"129",302
"130",302
"131",302
"132",302
"133",646
"134",1381
"135",778
"136",185
"137",2935
"138",6249
"139",4343
"140",3337
"141",4969
"142",1574
"143",2097
"144",404
"145",1229
"146",185
"147",404
"148",404
"149",1510
"150",513
"151",586
"152",321
"153",372
"154",586
"155",1183
"156",3076
"157",185
"158",40
"159",796
"160",185
"161",1420
"162",185
"163",372
"164",40
"165",185
"166",321
"167",185
"168",1183
"169",586
"170",1183
"171",404
"172",231
"173",739
"174",185
"175",586
"176",1223
"177",338
"178",11
"179",1084
"180",3434
"181",2870
"182",1063
"183",2162
"184",4542
"185",1860
"186",756
"187",3832
"188",4112
"189",3291
"190",1331
"191",404
"192",4802
"193",1352
"194",513
"195",3912
"196",3131
"197",3965
"198",4794
"199",4522
"200",3832
"201",922
"202",4050
"203",4522
"204",4781
"205",4005
"206",4195
"207",4237
"208",3854
"209",4112
"210",4538
"211",513
"212",4604
"213",4021
"214",1491
"215",4099
"216",3861
"217",2015
"218",825
"219",3033
"220",4241
"221",4587
"222",2701
"223",1326
"224",708
"225",5475
"226",4416
"227",4604
"228",4221
"229",4190
"230",3249
"231",4604
"232",2316
"233",3618
"234",549
"235",2718
"236",3941
"237",2641
"238",3262
"239",973
"240",404
"241",4194
"242",4797
"243",4768
"244",646
"245",4894
"246",4183
"247",537
"248",4531
"249",4078
"250",4571
"251",4653
"252",1855
"253",3709
"254",4374
"255",4703
"256",3988
"257",2916
"258",4393
"259",4331
"260",2368
"261",4249
"262",133
"263",3268
"264",3268
"265",71
"266",4331
"267",2045
"268",4735
"269",4004
"270",4374
"271",133
"272",3700
"273",4081
"274",3645
"275",4292
"276",275
"277",3595
"278",4184
"279",133
"280",4374
"281",1117
"282",4249
"283",133
"284",4170
"285",4574
"286",3837
"287",6390
"288",3268
"289",133
"290",2689
"291",1029
"292",4249
"293",3897
"294",4531
"295",4015
"296",133
"297",4559
"298",71
"299",133
"300",4249
"301",133
"302",4374
"303",4249
"304",4285
"305",3863
"306",4460
"307",438
"308",404
"309",3140
"310",1151
"311",989
"312",756
"313",4064
"314",4604
"315",475
"316",1001
"317",1614
"318",62
"319",62
"320",304
"321",4322
"322",62
"323",5809
"324",2273
"325",776
"326",1269
"327",1288
"328",4815
"329",3834
"330",2316
"331",3946
"332",404
"333",404
"334",1175
"335",4927
"336",404
"337",1949
"338",623
"339",2379
"340",2668
"341",5054
"342",404
"343",1360
"344",404
"345",979
"346",4321
"347",692
"348",2316
"349",424
"350",2857
"351",4124
"352",6051
"353",1741
"354",2498
"355",1655
"356",513
"357",2668
"358",2316
"359",3073
"360",692
"361",1080
"362",404
"363",2795
"364",404
"365",1432
"366",1488
"367",3419
"368",3314
"369",404
"370",1378
"371",2748
"372",200
"373",200
"374",57
"375",57
"376",57
"377",57
"378",57
"379",4495
"380",385
"381",385
"382",185
"383",321
"384",321
"385",57
"386",57
"387",841
"388",309
"389",3765
"390",3238
"391",694
"392",2550
"393",309
"394",513
"395",513
"396",674
"397",1577
"398",1421
"399",404
"400",2328
"401",404
"402",815
"403",1390
"404",635
"405",475
"406",706
"407",109
"408",302
"409",302
"410",302
"411",2664
"412",798
"413",2017
"414",1958
"415",597
"416",597
"417",597
"418",597
"419",597
"420",597
"421",1949
"422",597
"423",597
"424",597
"425",597
"426",597
"427",597
"428",597
"429",597
"430",5250
"431",597
"432",597
"433",597
"434",597
"435",597
"436",597
"437",597
"438",597
"439",597
"440",597
"441",597
"442",597
"443",597
"444",597
"445",597
"446",597
"447",597
"448",597
"449",597
"450",597
"451",597
"452",597
"453",597
"454",597
"455",597
"456",597
"457",597
"458",597
"459",597
"460",597
"461",5778
"462",597
"463",3041
"464",3211
"465",3908
"466",1141
"467",3860
"468",1658
"469",597
"470",597
"471",4303
"472",597
"473",597
"474",668
"475",3582
"476",4099
"477",4138
"478",597
"479",597
"480",597
"481",597
"482",597
"483",738
"484",5145
"485",4089
"486",597
"487",597
"488",597
"489",597
"490",597
"491",597
"492",597
"493",597
"494",597
"495",597
"496",597
"497",597
"498",597
"499",597
"500",597
"501",597
"502",597
"503",597
"504",597
"505",597
"506",597
"507",597
"508",597
"509",597
"510",1133
"511",597
"512",597
"513",597
"514",597
"515",597
"516",597
"517",597
"518",597
"519",597
"520",597
"521",597
"522",782
"523",597
"524",597
"525",597
"526",597
"527",597
"528",597
"529",597
"530",597
"531",597
"532",597
"533",597
"534",597
"535",597
"536",597
"537",597
"538",597
"539",597
"540",597
"541",949
"542",969
"543",597
"544",597
"545",597
"546",5395
"547",4526
"548",597
"549",4213
"550",597
"551",3227
"552",597
"553",597
"554",4303
"555",597
"556",597
"557",597
"558",597
"559",597
"560",597
"561",597
"562",597
"563",597
"564",597
"565",597
"566",597
"567",1282
"568",831
"569",2617
"570",420
"571",219
"572",3680
"573",2976
"574",837
"575",4020
"576",3978
"577",2537
"578",2637
"579",2629
"580",2624
"581",2838
"582",3449
"583",2323
"584",1059
"585",2116
"586",1761
"587",2113
"588",1932
"589",219
"590",3903
"591",917
"592",3737
"593",1293
"594",604
"595",2198
"596",60
"597",721
"598",1801
"599",2695
"600",2400
"601",1390
"602",1492
"603",40
"604",425
"605",1718
"606",4002
"607",40
"608",2748
"609",3173
"610",701
"611",2484
"612",40
"613",40
"614",1627
"615",2005
"616",2393
"617",689
"618",2372
"619",1310
"620",778
"621",952
"622",1985
"623",1975
"624",3080
"625",4753
"626",1310
"627",731
"628",2054
"629",1497
"630",699
"631",1602
"632",717
"633",2904
"634",1938
"635",1962
"636",465
"637",1643
"638",1217
"639",2393
"640",5854
"641",465
"642",1310
"643",904
"644",1962
"645",685
"646",1217
"647",778
"648",1346
"649",1310
"650",1310
"651",1310
"652",1310
"653",1846
"654",465
"655",603
"656",782
"657",1310
"658",685
"659",2765
"660",372
"661",2410
"662",1217
"663",1310
"664",1217
"665",1915
"666",778
"667",443
"668",1310
"669",3500
"670",1947
"671",1630
"672",317
"673",1039
"674",954
"675",4836
"676",2209
"677",317
"678",317
"679",685
"680",1893
"681",1217
"682",685
"683",685
"684",372
"685",4102
"686",3669
"687",3725
"688",372
"689",1002
"690",2409
"691",454
"692",961
"693",728
"694",685
"695",5035
"696",231
"697",153
"698",746
"699",538
"700",342
"701",342
"702",3988
"703",3929
"704",2624
"705",3936
"706",1180
"707",153
"708",342
"709",816
"710",2330
"711",2545
"712",3764
"713",995
"714",1188
"715",995
"716",2294
"717",420
"718",3750
"719",1517
"720",2518
"721",1653
"722",4267
"723",3010
"724",3167
"725",342
"726",2273
"727",2443
"728",342
"729",3265
"730",2235
"731",342
"732",2098
"733",2019
"734",342
"735",342
"736",4053
"737",1079
"738",977
"739",1018
"740",1997
"741",153
"742",2228
"743",342
"744",342
"745",977
"746",153
"747",1649
"748",342
"749",342
"750",1179
"751",420
"752",153
"753",342
"754",153
"755",342
"756",1018
"757",342
"758",153
"759",342
"760",1363
"761",153
"762",1332
"763",342
"764",697
"765",2851
"766",698
"767",663
"768",2929
"769",995
"770",420
"771",4079
"772",4901
"773",153
"774",957
"775",878
"776",342
"777",737
"778",1266
"779",4330
"780",3866
"781",342
"782",4129
"783",529
"784",342
"785",1321
"786",995
"787",3157
"788",3243
"789",3660
"790",342
"791",1504
"792",2136
"793",917
"794",907
"795",1846
"796",1045
"797",1015
"798",231
"799",231
"800",1525
"801",153
"802",1688
"803",3592
"804",995
"805",1759
"806",420
"807",663
"808",409
"809",153
"810",4868
"811",441
"812",153
"813",1406
"814",153
"815",153
"816",404
"817",2465
"818",404
"819",563
"820",404
"821",231
"822",616
"823",231
"824",231
"825",231
"826",185
"827",185
"828",1354
"829",540
"830",2856
"831",1885
"832",2414
"833",2212
"834",2087
"835",1910
"836",1615
"837",2125
"838",3949
"839",1491
"840",638
"841",2584
"842",2250
"843",1942
"844",1615
"845",3688
"846",2582
"847",1615
"848",3558
"849",321
"850",1615
"851",3100
"852",5583
"853",1945
"854",3570
"855",1260
"856",5222
"857",2587
"858",817
"859",321
"860",4132
"861",2127
"862",1064
"863",1928
"864",659
"865",1615
"866",609
"867",1921
"868",994
"869",2212
"870",4207
"871",4906
"872",1190
"873",321
"874",706
"875",1526
"876",2377
"877",1615
"878",1615
"879",1010
"880",4527
"881",1529
"882",1144
"883",994
"884",1698
"885",1610
"886",2761
"887",994
"888",1359
"889",638
"890",934
"891",1615
"892",1615
"893",2795
"894",706
"895",851
"896",1349
"897",1474
"898",847
"899",4820
"900",321
"901",1294
"902",355
"903",1294
"904",1294
"905",355
"906",643
"907",643
"908",1294
"909",355
"910",1169
"911",784
"912",355
"913",1638
"914",784
"915",1028
"916",740
"917",496
"918",355
"919",1169
"920",1028
"921",643
"922",2310
"923",909
"924",1169
"925",784
"926",4785
"927",1240
"928",2545
"929",355
"930",643
"931",643
"932",930
"933",2965
"934",355
"935",643
"936",355
"937",1109
"938",1294
"939",1028
"940",970
"941",909
"942",643
"943",1169
"944",355
"945",355
"946",1169
"947",355
"948",2606
"949",1044
"950",1083
"951",410
"952",176
"953",406
"954",1314
"955",478
"956",1288
"957",93
"958",1010
"959",93
"960",2537
"961",93
"962",93
"963",481
"964",187
"965",653
"966",2326
"967",78
"968",78
"969",78
"970",2326
"971",78
"972",78
"973",1170
"974",1518
"975",1518
"976",78
"977",1606
"978",267
"979",78
"980",78
"981",309
"982",610
"983",1002
"984",93
"985",93
"986",93
"987",1135
"988",93
"989",93
"990",78
"991",78
"992",78
"993",78
"994",83
"995",242
"996",83
"997",133
"998",83
"999",133
"1000",83
"1001",83
"1002",133
"1003",530
"1004",83
"1005",734
"1006",83
"1007",83
"1008",83
"1009",83
"1010",658
"1011",83
"1012",83
"1013",704
"1014",83
"1015",83
"1016",1111
"1017",314
"1018",83
"1019",371
"1020",1039
"1021",951
"1022",2077
"1023",83
"1024",468
"1025",83
"1026",744
"1027",83
"1028",487
"1029",364
"1030",83
"1031",83
"1032",1072
"1033",687
"1034",83
"1035",83
"1036",125
"1037",1973
"1038",125
"1039",939
"1040",651
"1041",4619
"1042",1672
"1043",125
"1044",939
"1045",266
"1046",798
"1047",510
"1048",554
"1049",125
"1050",266
"1051",125
"1052",1783
"1053",413
"1054",413
"1055",1727
"1056",125
"1057",480
"1058",726
"1059",125
"1060",801
"1061",579
"1062",4162
"1063",939
"1064",1737
"1065",1536
"1066",1643
"1067",125
"1068",2700
"1069",510
"1070",768
"1071",125
"1072",429
"1073",429
"1074",526
"1075",429
"1076",538
"1077",429
"1078",496
"1079",1090
"1080",141
"1081",802
"1082",526
"1083",141
"1084",141
"1085",429
"1086",454
"1087",429
"1088",141
"1089",2148
"1090",429
"1091",1093
"1092",1486
"1093",814
"1094",141
"1095",429
"1096",630
"1097",313
"1098",313
"1099",2414
"1100",845
"1101",2800
"1102",1064
"1103",989
"1104",1267
"1105",1221
"1106",1893
"1107",313
"1108",1262
"1109",313
"1110",532
"1111",1162
"1112",313
"1113",313
"1114",630
"1115",313
"1116",313
"1117",313
"1118",313
"1119",313
"1120",313
"1121",313
"1122",313
"1123",3713
"1124",189
"1125",313
"1126",313
"1127",313
"1128",845
"1129",313
"1130",313
"1131",313
"1132",313
"1133",313
"1134",313
"1135",313
"1136",1162
"1137",313
"1138",685
"1139",50
"1140",50
"1141",338
"1142",1142
"1143",1342
"1144",50
"1145",50
"1146",50
"1147",2437
"1148",189
"1149",189
"1150",189
"1151",189
"1152",189
"1153",189
"1154",189
"1155",1440
"1156",50
"1157",50
"1158",50
"1159",435
"1160",385
"1161",385
"1162",385
"1163",1179
"1164",385
"1165",698
"1166",673
"1167",385
"1168",385
"1169",698
"1170",385
"1171",288
"1172",288
"1173",288
"1174",288
"1175",288
"1176",288
"1177",288
"1178",288
"1179",288
"1180",288
"1181",288
"1182",755
"1183",385
"1184",385
"1185",385
"1186",385
"1187",385
"1188",385
"1189",673
"1190",986
"1191",385
"1192",385
"1193",385
"1194",385
"1195",601
"1196",288
"1197",288
"1198",288
"1199",288
"1200",288
"1201",624
"1202",288
"1203",1808
"1204",288
"1205",1810
"1206",288
"1207",122
"1208",526
"1209",1786
"1210",122
"1211",2609
"1212",2156
"1213",1260
"1214",1921
"1215",1260
"1216",1657
"1217",5130
"1218",4178
"1219",4677
"1220",1260
"1221",1260
"1222",597
"1223",597
"1224",1129
"1225",1129
"1226",597
"1227",2434
"1228",597
"1229",597
"1230",2180
"1231",1001
"1232",597
"1233",597
"1234",3145
"1235",597
"1236",4216
"1237",1484
"1238",1273
"1239",5290
"1240",597
"1241",3691
"1242",3909
"1243",3149
"1244",3973
"1245",597
"1246",2261
"1247",597
"1248",3221
"1249",4056
"1250",1273
"1251",918
"1252",597
"1253",597
"1254",3633
"1255",6914
"1256",597
"1257",2668
"1258",3481
"1259",2883
"1260",1334
"1261",597
"1262",597
"1263",597
"1264",597
"1265",597
"1266",597
"1267",597
"1268",597
"1269",782
"1270",597
"1271",597
"1272",3834
"1273",2249
"1274",892
"1275",4393
"1276",109
"1277",5168
"1278",2222
"1279",3804
"1280",673
"1281",1334
"1282",673
"1283",313
"1284",676
"1285",865
"1286",2279
"1287",71
"1288",1649
"1289",4187
"1290",82
"1291",385
"1292",82
"1293",1713
"1294",1061
"1295",696
"1296",2699
"1297",385
"1298",385
"1299",1433
"1300",2691
"1301",989
"1302",109
"1303",34
"1304",3419
"1305",604
"1306",1408
"1307",1652
"1308",2264
"1309",1506
"1310",1567
"1311",109
"1312",1637
"1313",2757
"1314",578
"1315",552
"1316",313
"1317",313
"1318",845
"1319",3490
"1320",395
"1321",71
"1322",109
"1323",1003
"1324",2668
"1325",2661
"1326",1025
"1327",313
"1328",385
"1329",385
"1330",1695
"1331",4079
"1332",3880
"1333",673
"1334",1908
"1335",1440
"1336",2591
"1337",2864
"1338",4242
"1339",845
"1340",4115
"1341",532
"1342",2486
"1343",2992
"1344",288
"1345",82
"1346",1406
"1347",1721
"1348",676
"1349",385
"1350",891
"1351",385
"1352",385
"1353",959
"1354",3812
"1355",288
"1356",2182
"1357",3400
"1358",4523
"1359",673
"1360",845
"1361",1162
"1362",71
"1363",1833
"1364",845
"1365",385
"1366",676
"1367",46
"1368",3577
"1369",849
"1370",4298
"1371",4125
"1372",673
"1373",3932
"1374",2261
"1375",2763
"1376",385
"1377",486
"1378",532
"1379",5174
"1380",764
"1381",82
"1382",5055
"1383",2270
"1384",4026
"1385",3157
"1386",3025
"1387",5605
"1388",71
"1389",673
"1390",4342
"1391",2975
"1392",1549
"1393",2907
"1394",3266
"1395",2034
"1396",1445
"1397",2509
"1398",2120
"1399",3328
"1400",4052
"1401",969
"1402",313
"1403",82
"1404",3446
"1405",1811
"1406",385
"1407",4624
"1408",4274
"1409",3508
"1410",352
"1411",758
"1412",2818
"1413",34
"1414",1182
"1415",1912
"1416",2237
"1417",1324
"1418",288
"1419",757
"1420",4089
"1421",3107
"1422",3834
"1423",385
"1424",764
"1425",1580
"1426",5267
"1427",46
"1428",385
"1429",46
"1430",532
"1431",342
"1432",940
"1433",2518
"1434",5470
"1435",764
"1436",3156
"1437",3944
"1438",3231
"1439",845
"1440",845
"1441",313
"1442",189
"1443",385
"1444",917
"1445",313
"1446",34
"1447",313
"1448",46
"1449",684
"1450",385
"1451",82
"1452",4113
"1453",2954
"1454",3460
"1455",82
"1456",673
"1457",82
"1458",1587
"1459",532
"1460",313
"1461",82
"1462",1506
"1463",4360
"1464",288
"1465",2825
"1466",593
"1467",313
"1468",352
"1469",313
"1470",399
"1471",1061
"1472",764
"1473",313
"1474",46
"1475",1823
"1476",618
"1477",1913
"1478",385
"1479",640
"1480",313
"1481",3347
"1482",313
"1483",288
"1484",2594
"1485",1162
"1486",20
"1487",313
"1488",71
"1489",313
"1490",71
"1491",764
"1492",1946
"1493",2184
"1494",313
"1495",46
"1496",313
"1497",575
"1498",2103
"1499",71
"1500",313
"1501",313
"1502",20
"1503",288
"1504",614
"1505",313
"1506",845
"1507",82
"1508",313
"1509",34
"1510",71
"1511",313
"1512",3392
"1513",685
"1514",3998
"1515",385
"1516",109
"1517",1162
"1518",385
"1519",288
"1520",313
"1521",1747
"1522",82
"1523",313
"1524",82
"1525",536
"1526",1217
"1527",82
"1528",3230
"1529",2757
"1530",1162
"1531",288
"1532",661
"1533",327
"1534",2970
"1535",510
"1536",82
"1537",3377
"1538",385
"1539",313
"1540",3909
"1541",661
"1542",385
"1543",757
"1544",71
"1545",3031
"1546",3582
"1547",385
"1548",385
"1549",385
"1550",845
"1551",4702
"1552",71
"1553",3146
"1554",3255
"1555",404
"1556",317
"1557",385
"1558",385
"1559",2868
"1560",2467
"1561",385
"1562",4043
"1563",1725
"1564",3818
"1565",4181
"1566",385
"1567",4239
"1568",2163
"1569",313
"1570",71
"1571",385
"1572",2239
"1573",892
"1574",82
"1575",1671
"1576",931
"1577",757
"1578",1065
"1579",3434
"1580",388
"1581",1722
"1582",5200
"1583",4149
"1584",3654
"1585",82
"1586",1950
"1587",735
"1588",71
"1589",2509
"1590",46
"1591",5584
"1592",3706
"1593",676
"1594",2237
"1595",3952
"1596",4707
"1597",46
"1598",1251
"1599",385
"1600",1253
"1601",845
"1602",820
"1603",385
"1604",385
"1605",82
"1606",109
"1607",385
"1608",5473
"1609",5694
"1610",385
"1611",1175
"1612",82
"1613",1650
"1614",2133
"1615",71
"1616",189
"1617",845
"1618",313
"1619",845
"1620",998
"1621",46
"1622",352
"1623",1709
"1624",385
"1625",1074
"1626",757
"1627",82
"1628",313
"1629",2061
"1630",385
"1631",6181
"1632",2234
"1633",189
"1634",82
"1635",845
"1636",1419
"1637",109
"1638",917
"1639",917
"1640",313
"1641",2083
"1642",288
"1643",82
"1644",771
"1645",109
"1646",1215
"1647",385
"1648",313
"1649",630
"1650",46
"1651",385
"1652",189
"1653",2335
"1654",4245
"1655",3588
"1656",684
"1657",82
"1658",1616
"1659",1823
"1660",71
"1661",845
"1662",1784
"1663",82
"1664",385
"1665",717
"1666",3410
"1667",288
"1668",20
"1669",1033
"1670",3064
"1671",1213
"1672",956
"1673",2535
"1674",2306
"1675",917
"1676",313
"1677",71
"1678",676
"1679",454
"1680",20
"1681",336
"1682",385
"1683",1369
"1684",1002
"1685",385
"1686",2446
"1687",676
"1688",751
"1689",313
"1690",34
"1691",34
"1692",385
"1693",532
"1694",82
"1695",82
"1696",2248
"1697",2512
"1698",317
"1699",1792
"1700",845
"1701",46
"1702",109
"1703",845
"1704",702
"1705",2195
"1706",82
"1707",109
"1708",267
"1709",82
"1710",385
"1711",288
"1712",46
"1713",313
"1714",685
"1715",917
"1716",786
"1717",1823
"1718",20
"1719",828
"1720",385
"1721",2172
"1722",313
"1723",1838
"1724",313
"1725",1442
"1726",82
"1727",1217
"1728",82
"1729",2509
"1730",313
"1731",189
"1732",189
"1733",46
"1734",313
"1735",775
"1736",189
"1737",385
"1738",385
"1739",71
"1740",46
"1741",109
"1742",385
"1743",3343
"1744",109
"1745",313
"1746",313
"1747",288
"1748",1784
"1749",1321
"1750",845
"1751",1381
"1752",1652
"1753",2248
"1754",4344
"1755",3174
"1756",575
"1757",3517
"1758",385
"1759",385
"1760",46
"1761",721
"1762",630
"1763",404
"1764",317
"1765",313
"1766",71
"1767",685
"1768",917
"1769",313
"1770",288
"1771",189
"1772",1761
"1773",845
"1774",676
"1775",82
"1776",385
"1777",82
"1778",288
"1779",313
"1780",231
"1781",82
"1782",575
"1783",313
"1784",1778
"1785",4
"1786",385
"1787",845
"1788",385
"1789",1289
"1790",363
"1791",317
"1792",313
"1793",313
"1794",1217
"1795",385
"1796",313
"1797",1162
"1798",82
"1799",1028
"1800",1258
"1801",385
"1802",342
"1803",630
"1804",661
"1805",385
"1806",385
"1807",597
"1808",3361
"1809",385
"1810",3475
"1811",385
"1812",1534
"1813",313
"1814",4973
"1815",1882
"1816",313
"1817",313
"1818",313
"1819",355
"1820",696
"1821",82
"1822",109
"1823",46
"1824",3250
"1825",2297
"1826",1522
"1827",313
"1828",1221
"1829",1919
"1830",46
"1831",2180
"1832",385
"1833",532
"1834",1172
"1835",385
"1836",845
"1837",1162
"1838",313
"1839",685
"1840",1074
"1841",405
"1842",684
"1843",861
"1844",597
"1845",109
"1846",3281
"1847",385
"1848",1020
"1849",5977
"1850",109
"1851",313
"1852",313
"1853",630
"1854",313
"1855",385
"1856",34
"1857",82
"1858",593
"1859",2482
"1860",385
"1861",824
"1862",2468
"1863",46
"1864",288
"1865",385
"1866",845
"1867",385
"1868",764
"1869",82
"1870",317
"1871",46
"1872",3728
"1873",3771
"1874",4260
"1875",4138
"1876",3802
"1877",3606
"1878",3978
"1879",6128
"1880",4260
"1881",5571
"1882",4260
"1883",5340
"1884",3649
"1885",3446
"1886",82
"1887",4405
"1888",4221
"1889",1955
"1890",122
"1891",2386
"1892",3646
"1893",3319
"1894",1731
"1895",4221
"1896",4178
"1897",4178
"1898",2983
"1899",3646
"1900",2034
"1901",1229
"1902",4371
"1903",697
"1904",458
"1905",2958
"1906",122
"1907",122
"1908",1722
"1909",3646
"1910",2631
"1911",122
"1912",3665
"1913",1033
"1914",43
"1915",43
"1916",43
"1917",2861
"1918",43
"1919",3524
"1920",43
"1921",2575
"1922",327
"1923",3478
"1924",4476
"1925",1837
"1926",2575
"1927",3147
"1928",2643
"1929",1003
"1930",988
"1931",3123
"1932",1520
"1933",2239
"1934",3188
"1935",4056
"1936",2863
"1937",2511
"1938",663
"1939",1456
"1940",859
"1941",4056
"1942",3700
"1943",2468
"1944",3172
"1945",4056
"1946",2575
"1947",4988
"1948",2927
"1949",3928
"1950",2196
"1951",3126
"1952",2575
"1953",3226
"1954",2175
"1955",3479
"1956",4300
"1957",2591
"1958",3524
"1959",3172
"1960",1003
"1961",3704
"1962",3172
"1963",1664
"1964",2771
"1965",327
"1966",327
"1967",2575
"1968",327
"1969",327
"1970",2470
"1971",327
"1972",2000
"1973",1520
"1974",2239
"1975",327
"1976",2597
"1977",679
"1978",1454
"1979",2771
"1980",3819
"1981",1792
"1982",859
"1983",1792
"1984",3021
"1985",1937
"1986",3123
"1987",4056
"1988",327
"1989",5216
"1990",575
"1991",575
"1992",575
"1993",575
"1994",1623
"1995",575
"1996",1912
"1997",1912
"1998",1236
"1999",575
"2000",1912
"2001",2248
"2002",1251
"2003",2264
"2004",1236
"2005",1251
"2006",575
"2007",575
"2008",2112
"2009",1251
"2010",3729
"2011",1704
"2012",2796
"2013",575
"2014",3419
"2015",1251
"2016",1912
"2017",2861
"2018",1251
"2019",575
"2020",1603
"2021",2264
"2022",1912
"2023",575
"2024",2861
"2025",2796
"2026",1944
"2027",2861
"2028",575
"2029",575
"2030",1655
"2031",1912
"2032",1912
"2033",2002
"2034",1912
"2035",2264
"2036",1912
"2037",3428
"2038",575
"2039",3197
"2040",1251
"2041",3729
"2042",1587
"2043",2861
"2044",1912
"2045",1251
"2046",2980
"2047",2845
"2048",1236
"2049",575
"2050",2197
"2051",3896
"2052",1912
"2053",3041
"2054",947
"2055",2284
"2056",2796
"2057",3175
"2058",2264
"2059",1587
"2060",1251
"2061",1912
"2062",2509
"2063",2264
"2064",2135
"2065",2509
"2066",1603
"2067",1912
"2068",575
"2069",2328
"2070",1251
"2071",2284
"2072",896
"2073",575
"2074",2597
"2075",1236
"2076",575
"2077",2668
"2078",1251
"2079",1912
"2080",1107
"2081",575
"2082",1912
"2083",2284
"2084",2483
"2085",1251
"2086",1912
"2087",927
"2088",1591
"2089",575
"2090",575
"2091",575
"2092",1912
"2093",575
"2094",575
"2095",575
"2096",575
"2097",575
"2098",2845
"2099",2509
"2100",1251
"2101",1251
"2102",575
"2103",1783
"2104",575
"2105",575
"2106",3449
"2107",575
"2108",1768
"2109",575
"2110",1524
"2111",1587
"2112",911
"2113",2259
"2114",575
"2115",1251
"2116",1251
"2117",4316
"2118",575
"2119",2184
"2120",575
"2121",1912
"2122",1251
"2123",1251
"2124",2433
"2125",896
"2126",2585
"2127",911
"2128",2509
"2129",1912
"2130",701
"2131",661
"2132",661
"2133",661
"2134",661
"2135",661
"2136",1412
"2137",661
"2138",1193
"2139",1337
"2140",661
"2141",1689
"2142",1193
"2143",1510
"2144",661
"2145",661
"2146",1869
"2147",1835
"2148",1689
"2149",2405
"2150",1569
"2151",1350
"2152",661
"2153",1033
"2154",2190
"2155",661
"2156",1337
"2157",880
"2158",1033
"2159",661
"2160",661
"2161",661
"2162",1337
"2163",1869
"2164",1193
"2165",661
"2166",1193
"2167",1033
"2168",1337
"2169",2777
"2170",661
"2171",661
"2172",2186
"2173",1337
"2174",661
"2175",1337
"2176",1882
"2177",661
"2178",1284
"2179",661
"2180",1790
"2181",661
"2182",1565
"2183",3386
"2184",661
"2185",1689
"2186",1193
"2187",1901
"2188",1617
"2189",661
"2190",4905
"2191",661
"2192",1594
"2193",661
"2194",661
"2195",1193
"2196",1197
"2197",1337
"2198",1337
"2199",1889
"2200",978
"2201",661
"2202",1193
"2203",661
"2204",661
"2205",2221
"2206",661
"2207",661
"2208",1016
"2209",1337
"2210",1882
"2211",1594
"2212",1193
"2213",661
"2214",661
"2215",1193
"2216",1013
"2217",1252
"2218",661
"2219",1193
"2220",4184
"2221",1193
"2222",1337
"2223",2006
"2224",1337
"2225",661
"2226",1337
"2227",1337
"2228",532
"2229",532
"2230",532
"2231",868
"2232",532
"2233",532
"2234",532
"2235",532
"2236",1167
"2237",849
"2238",532
"2239",849
"2240",532
"2241",1208
"2242",1744
"2243",2351
"2244",904
"2245",532
"2246",532
"2247",532
"2248",1084
"2249",532
"2250",532
"2251",532
"2252",532
"2253",849
"2254",532
"2255",904
"2256",532
"2257",532
"2258",1129
"2259",532
"2260",532
"2261",904
"2262",532
"2263",532
"2264",532
"2265",849
"2266",532
"2267",532
"2268",904
"2269",532
"2270",532
"2271",1440
"2272",532
"2273",532
"2274",532
"2275",532
"2276",532
"2277",532
"2278",1386
"2279",532
"2280",532
"2281",849
"2282",532
"2283",532
"2284",532
"2285",532
"2286",532
"2287",849
"2288",532
"2289",532
"2290",849
"2291",532
"2292",532
"2293",532
"2294",532
"2295",532
"2296",1440
"2297",532
"2298",532
"2299",532
"2300",532
"2301",532
"2302",532
"2303",1525
"2304",1208
"2305",532
"2306",532
"2307",532
"2308",532
"2309",532
"2310",532
"2311",532
"2312",532
"2313",532
"2314",532
"2315",532
"2316",532
"2317",532
"2318",532
"2319",532
"2320",532
"2321",532
"2322",532
"2323",532
"2324",532
"2325",532
"2326",532
"2327",532
"2328",849
"2329",849
"2330",849
"2331",372
"2332",924
"2333",689
"2334",372
"2335",1048
"2336",372
"2337",591
"2338",372
"2339",372
"2340",372
"2341",693
"2342",372
"2343",372
"2344",1988
"2345",878
"2346",372
"2347",372
"2348",372
"2349",372
"2350",372
"2351",372
"2352",689
"2353",372
"2354",1312
"2355",372
"2356",372
"2357",1048
"2358",372
"2359",372
"2360",1131
"2361",372
"2362",689
"2363",372
"2364",372
"2365",372
"2366",1048
"2367",372
"2368",591
"2369",1312
"2370",372
"2371",591
"2372",372
"2373",1312
"2374",1048
"2375",557
"2376",372
"2377",1403
"2378",372
"2379",372
"2380",372
"2381",372
"2382",372
"2383",372
"2384",372
"2385",372
"2386",372
"2387",372
"2388",969
"2389",1048
"2390",372
"2391",372
"2392",372
"2393",1667
"2394",372
"2395",372
"2396",372
"2397",1312
"2398",372
"2399",372
"2400",372
"2401",776
"2402",372
"2403",1048
"2404",372
"2405",372
"2406",597
"2407",933
"2408",597
"2409",597
"2410",1273
"2411",949
"2412",597
"2413",597
"2414",597
"2415",597
"2416",597
"2417",597
"2418",597
"2419",597
"2420",597
"2421",597
"2422",949
"2423",597
"2424",597
"2425",597
"2426",597
"2427",597
"2428",597
"2429",1001
"2430",597
"2431",1625
"2432",1295
"2433",355
"2434",2032
"2435",676
"2436",574
"2437",355
"2438",861
"2439",355
"2440",676
"2441",676
"2442",355
"2443",861
"2444",355
"2445",857
"2446",907
"2447",676
"2448",355
"2449",355
"2450",676
"2451",355
"2452",586
"2453",1496
"2454",944
"2455",672
"2456",355
"2457",759
"2458",1496
"2459",355
"2460",1265
"2461",355
"2462",861
"2463",1847
"2464",1031
"2465",508
"2466",990
"2467",1031
"2468",861
"2469",861
"2470",1092
"2471",586
"2472",355
"2473",355
"2474",1352
"2475",861
"2476",861
"2477",355
"2478",355
"2479",1092
"2480",861
"2481",1224
"2482",1311
"2483",586
"2484",540
"2485",355
"2486",944
"2487",676
"2488",944
"2489",336
"2490",336
"2491",336
"2492",336
"2493",336
"2494",336
"2495",336
"2496",336
"2497",336
"2498",336
"2499",336
"2500",1012
"2501",910
"2502",321
"2503",725
"2504",506
"2505",725
"2506",321
"2507",956
"2508",321
"2509",725
"2510",321
"2511",910
"2512",321
"2513",552
"2514",321
"2515",1227
"2516",321
"2517",321
"2518",321
"2519",552
"2520",321
"2521",321
"2522",321
"2523",506
"2524",321
"2525",321
"2526",321
"2527",321
"2528",321
"2529",552
"2530",321
"2531",321
"2532",540
"2533",185
"2534",185
"2535",185
"2536",185
"2537",185
"2538",416
"2539",185
"2540",185
"2541",185
"2542",185
"2543",185
"2544",185
"2545",185
"2546",185
"2547",185
"2548",185
"2549",861
"2550",219
"2551",940
"2552",219
"2553",219
"2554",219
"2555",219
"2556",219
"2557",219
"2558",219
"2559",219
"2560",536
"2561",536
"2562",219
"2563",536
"2564",536
"2565",219
"2566",219
"2567",536
"2568",219
"2569",623
"2570",219
"2571",219
"2572",536
"2573",219
"2574",536
"2575",219
"2576",219
"2577",536
"2578",536
"2579",219
"2580",1212
"2581",1212
"2582",219
"2583",219
"2584",219
"2585",219
"2586",536
"2587",352
"2588",352
"2589",352
"2590",352
"2591",1028
"2592",352
"2593",352
"2594",352
"2595",352
"2596",352
"2597",352
"2598",352
"2599",1028
"2600",352
"2601",352
"2602",352
"2603",352
"2604",352
"2605",352
"2606",352
"2607",352
"2608",352
"2609",352
"2610",352
"2611",352
"2612",153
"2613",153
"2614",317
"2615",317
"2616",317
"2617",317
"2618",317
"2619",317
"2620",317
"2621",317
"2622",317
"2623",317
"2624",317
"2625",317
"2626",317
"2627",317
"2628",317
"2629",317
"2630",317
"2631",317
"2632",317
"2633",317
"2634",317
"2635",317
"2636",317
"2637",993
"2638",317
"2639",317
"2640",317
"2641",317
"2642",317
"2643",317
"2644",317
"2645",317
"2646",317
"2647",317
"2648",317
"2649",317
"2650",317
"2651",317
"2652",317
"2653",317
"2654",317
"2655",317
"2656",317
"2657",317
"2658",317
"2659",317
"2660",317
"2661",317
"2662",317
"2663",317
"2664",317
"2665",317
"2666",317
"2667",317
"2668",317
"2669",317
"2670",317
"2671",317
"2672",317
"2673",317
"2674",317
"2675",317
"2676",721
"2677",317
"2678",317
"2679",317
"2680",317
"2681",317
"2682",317
"2683",317
"2684",317
"2685",676
"2686",676
"2687",676
"2688",676
"2689",676
"2690",676
"2691",676
"2692",676
"2693",676
"2694",676
"2695",676
"2696",676
"2697",676
"2698",676
"2699",676
"2700",676
"2701",676
"2702",676
"2703",676
"2704",676
"2705",676
"2706",676
"2707",676
"2708",676
"2709",676
"2710",676
"2711",676
"2712",676
"2713",676
"2714",676
"2715",676
"2716",676
"2717",676
"2718",676
"2719",676
"2720",676
"2721",676
"2722",676
"2723",676
"2724",404
"2725",404
"2726",404
"2727",404
"2728",404
"2729",404
"2730",635
"2731",635
"2732",404
"2733",404
"2734",404
"2735",404
"2736",404
"2737",635
"2738",404
"2739",404
"2740",404
"2741",404
"2742",404
"2743",635
"2744",404
"2745",231
"2746",231
"2747",231
"2748",231
"2749",231
"2750",231
"2751",231
"2752",306
"2753",985
"2754",2598
"2755",2394
"2756",2459
"2757",1303
"2758",1827
"2759",2926
"2760",1578
"2761",1559
"2762",6
"2763",2445
"2764",1942
"2765",192
"2766",12
"2767",76
"2768",155
"2769",292
"2770",493
"2771",683
"2772",1606
"2773",1183
"2774",173
"2775",4248
"2776",3090
"2777",683
"2778",555
"2779",791
"2780",334
"2781",949
"2782",563
"2783",1283
"2784",1036
"2785",3207
"2786",421
"2787",121
"2788",5188
"2789",3625
"2790",4577
"2791",415
"2792",3186
"2793",5199
"2794",919
"2795",220
"2796",87
"2797",12
