"","influenza_sub"
"1",25901695828217409536
"2",649431987666817536
"3",175973583088175200
"4",16990693885034674176
"5",7235493663478916096
"6",7235493663479165952
"7",171947186189313472
"8",31055353289850257408
"9",52597684535322640
"10",8003778313342367744
"11",10521979668027052032
"12",3344227022596114944
"13",581653278267450496
"14",171947186189320416
"15",1680197444157924096
"16",52597684535322760
"17",171947186189320416
"18",6.9506396175465e+19
"19",1218860271354875904
"20",2450329118571256320
"21",3879647374461672448
"22",1043532840745831552
"23",52597684535322760
"24",26556697218349645824
"25",1218860271354875904
"26",6408202316894448640
"27",59752198376874614784
"28",76175948394433184
"29",368290471918233344
"30",1607821243338772992
"31",368290471918233152
"32",7012151250209162240
"33",171947186189320416
"34",22920203101658423296
"35",475210179224960256
"36",171947186189320416
"37",15119829048837677056
"38",2927142718926120448
"39",52597684535322744
"40",368290471918233152
"41",368290471918233152
"42",24271323577347736
"43",52597684535322744
"44",52597684535322744
"45",1130766734713593472
"46",1587127827373078784
"47",52597684535322744
"48",4966455749341474816
"49",475210179224960256
"50",24271323577347736
"51",475210179224960256
"52",52597684535322744
"53",7169348296081339392
"54",52597684535322744
"55",475210179224960256
"56",22657839440020566016
"57",59291961562819600384
"58",19566930743450243072
"59",49869613981396279296
"60",236378255390245120
"61",3366339578345142272
"62",22029849924177403904
"63",161469420152376160
"64",161469420152376160
"65",161469420152376160
"66",161469420152376160
"67",1.39346215947218e+20
"68",4353897903050805248
"69",94828727924529250304
"70",52597684535322744
"71",221704070927723840
"72",75201534415794400
"73",75201534415794400
"74",75201534415794400
"75",1.15800591499803e+20
"76",171947186189320416
"77",99273284856527667200
"78",114055330277609840
"79",1.02358171486774e+20
"80",457059231392927040
"81",34687651524623302656
"82",85751550453077200
"83",85751550453077200
"84",85751550453077200
"85",482561176482668544
"86",482561176482668544
"87",482561176482668544
"88",546939179260783936
"89",482561176482668544
"90",500554560572336704
"91",85751550453077200
"92",579329571221420288
"93",3910522176280230400
"94",23901857545695612928
"95",368290471918233152
"96",579329571221420288
"97",579329571221420288
"98",1136192156080909312
"99",368290471918233152
"100",9.465950824122e+19
"101",579329571221420288
"102",1.06297540603433e+20
"103",37474661436794134528
"104",1136192156080909312
"105",831115795930697984
"106",831115795930697984
"107",831115795930697984
"108",579329571221420288
"109",831115795930697984
"110",4143766132328461312
"111",1136192156080909312
"112",1136192156080909312
"113",4.9408788886239e+19
"114",831115795930697984
"115",287025736212196960
"116",92894580277328896
"117",19857879322520227840
"118",72154494090964848
"119",81492217513593274378
"120",287025736212196960
"121",300197672085841152
"122",92894580277328896
"123",92894580277328896
"124",92894580277328896
"125",92894580277328896
"126",92894580277328896
"127",98284141464982720
"128",92894580277328896
"129",92894580277328896
"130",92894580277328896
"131",92894580277328896
"132",92894580277328896
"133",732627862376825984
"134",3166166822566471680
"135",533748620204182272
"136",52597684535322744
"137",26225271648099090432
"138",1.32984482606298e+20
"139",90733118602016817152
"140",43167780301755785216
"141",63406171672357249024
"142",5259705426469625856
"143",19191178913788420096
"144",368290471918233152
"145",1882979564137028864
"146",52597684535322744
"147",368290471918233152
"148",368290471918233152
"149",7146545710057350144
"150",579329571221420288
"151",475210179224960256
"152",171947186189320416
"153",175973583087698848
"154",475210179224960256
"155",3290195057333862400
"156",11790494859839504384
"157",52597684535322744
"158",1750636635600099
"159",1428418952017015296
"160",52597684535322744
"161",5564913647040620544
"162",52597684535322744
"163",175973583087698848
"164",1750636635600099
"165",52597684535322744
"166",171947186189320416
"167",52597684535322744
"168",3290195057333862400
"169",475210179224960256
"170",3290195057333862400
"171",368290471918233152
"172",72154494090964848
"173",714274240163931648
"174",52597684535322744
"175",475210179224960256
"176",5184490301995285504
"177",762348856152370176
"178",188046259514449
"179",1897673851573346560
"180",42931871086824488960
"181",30135294156142092288
"182",3461632449281669120
"183",20282207185294798848
"184",93338025815585669120
"185",7713365439224946688
"186",2258911999442773248
"187",66406285873977319424
"188",80699549368460787712
"189",48200457138243903498
"190",7680672713716256768
"191",368290471918233152
"192",83930440495896690698
"193",6589338451471888384
"194",579329571221420288
"195",67835819859109666816
"196",35623444040604475392
"197",60919989862530277376
"198",65645763822837645312
"199",90962815429555748864
"200",66406285873977319424
"201",1217716195234476032
"202",7.8395981073868e+19
"203",90962815429555748864
"204",96490654580302462986
"205",36787894776279056384
"206",75308202930605735936
"207",8.7317869917564e+19
"208",67404040532668555264
"209",80699549368460787712
"210",88146999551367397376
"211",579329571221420288
"212",95850032399189426186
"213",70400791880347254784
"214",4156653838696964096
"215",77731538547997655040
"216",55925950946460368896
"217",14824793643794583552
"218",962275265385779584
"219",35870357470465773568
"220",77703779953234624512
"221",78908025226199597056
"222",26626981952260161536
"223",3390524678275568128
"224",970380881057451392
"225",1.07662582377909e+20
"226",83159685245011247104
"227",95850032399189426186
"228",83495010311808516096
"229",79519831925112553472
"230",45936240934140338176
"231",95850032399189426186
"232",22641431567736893440
"233",56059034648170151936
"234",634282970159057920
"235",23687133613119229952
"236",6.4578871164643e+19
"237",29576901263168376832
"238",4.4338329088697e+19
"239",2128259529299590656
"240",368290471918233152
"241",8.5306521406841e+19
"242",1.05780084040203e+20
"243",75646885093062410240
"244",732627862376825984
"245",99140551940765597606
"246",83849239952398057472
"247",492339681126837440
"248",91813397726453776384
"249",74554713662143873024
"250",8.1802678764008e+19
"251",98068261792138641418
"252",4172479523821236224
"253",63040637603400212480
"254",9.3261183832026e+19
"255",95727081670263767040
"256",79482294125164265472
"257",4.0251269759209e+19
"258",93665138225650139146
"259",91182118364803530752
"260",27009794716004327424
"261",86416967180852674560
"262",91671224035678976
"263",52424654438998761472
"264",52424654438998761472
"265",30147470809729784
"266",91182118364803530752
"267",19839937649704509440
"268",1.03140319169247e+20
"269",75507756513793703936
"270",9.3261183832026e+19
"271",91671224035678976
"272",69510447113399476224
"273",79992035942573621258
"274",57214174947185065984
"275",88441288332372099072
"276",558758819555775744
"277",6.5608381361706e+19
"278",82366589920732332032
"279",91671224035678976
"280",9.3261183832026e+19
"281",4033626356004277248
"282",86416967180852674560
"283",91671224035678976
"284",82506549061630083072
"285",9.3899607262477e+19
"286",50305814600484544512
"287",1.47035727579121e+20
"288",52424654438998761472
"289",91671224035678976
"290",31403296282227650560
"291",1644747831106285056
"292",86416967180852674560
"293",7.0559569029686e+19
"294",91813397726453776384
"295",77734053542590939136
"296",91671224035678976
"297",91602638313219833856
"298",30147470809729784
"299",91671224035678976
"300",86416967180852674560
"301",91671224035678976
"302",9.3261183832026e+19
"303",86416967180852674560
"304",48911477923958800384
"305",68620778138694909952
"306",88516118727771504640
"307",399317218731089984
"308",368290471918233152
"309",22978990455136145408
"310",4381111519082161152
"311",2237666365449642496
"312",2258911999442773248
"313",61163339410603458560
"314",95850032399189426186
"315",413499977458833408
"316",2997759762679428096
"317",3663249817668683776
"318",16677731359996690
"319",16677731359996690
"320",143042593498828064
"321",86759720683687624704
"322",16677731359996690
"323",1.19351787119537e+20
"324",19053466895526690816
"325",1053417838638728704
"326",5282886282619777024
"327",5655497721852482560
"328",96610018214165725184
"329",43861763736150425600
"330",22641431567736893440
"331",57694237979576811520
"332",368290471918233152
"333",368290471918233152
"334",1937415369346281728
"335",1.01263833408901e+20
"336",368290471918233152
"337",14524141634901676032
"338",779458216905388800
"339",21538561372240420864
"340",31972235518404247552
"341",71079023328792150016
"342",368290471918233152
"343",3223792222205343744
"344",368290471918233152
"345",3516766343853217280
"346",87394890333556834304
"347",785273330939773952
"348",22641431567736893440
"349",384034507194016896
"350",34761783348853149696
"351",7.2479826398719e+19
"352",1.17714217355609e+20
"353",12179167497176563712
"354",18586368100842913792
"355",11058120112279453696
"356",579329571221420288
"357",31972235518404247552
"358",22641431567736893440
"359",31132225868619702272
"360",785273330939773952
"361",4231003202663850496
"362",368290471918233152
"363",22138280230634766336
"364",368290471918233152
"365",8720436859012140032
"366",4688574952602570752
"367",46315658805939609600
"368",44542027492963074048
"369",368290471918233152
"370",5156338521773255680
"371",33280153117217525760
"372",65140190040056576
"373",65140190040056576
"374",2014854521503537
"375",2014854521503537
"376",2014854521503537
"377",2014854521503537
"378",2014854521503537
"379",81057067683130851338
"380",161469420152376160
"381",161469420152376160
"382",52597684535322744
"383",171947186189320416
"384",171947186189320416
"385",2014854521503537
"386",2014854521503537
"387",1364212234578908928
"388",85751550453077200
"389",41135553431534510080
"390",4.056939995423e+19
"391",482561176482668544
"392",9374457647374061568
"393",85751550453077200
"394",579329571221420288
"395",579329571221420288
"396",828649046490402432
"397",6416964562406224896
"398",3095041807767034880
"399",368290471918233152
"400",26001033618339278848
"401",368290471918233152
"402",1136192156080909312
"403",5449227637244209152
"404",766474490206198784
"405",413499977458833408
"406",831115795930697984
"407",23798499383221996
"408",92894580277328896
"409",92894580277328896
"410",92894580277328896
"411",1.4354399846856e+19
"412",705656207515609984
"413",13054632332108351488
"414",15519478070193641472
"415",1264578029332944640
"416",1264578029332944640
"417",1264578029332944640
"418",1264578029332944640
"419",1264578029332944640
"420",1264578029332944640
"421",7761487280047518720
"422",1264578029332944640
"423",1264578029332944640
"424",1264578029332944640
"425",1264578029332944640
"426",1264578029332944640
"427",1264578029332944640
"428",1264578029332944640
"429",1264578029332944640
"430",1.012714932233e+20
"431",1264578029332944640
"432",1264578029332944640
"433",1264578029332944640
"434",1264578029332944640
"435",1264578029332944640
"436",1264578029332944640
"437",1264578029332944640
"438",1264578029332944640
"439",1264578029332944640
"440",1264578029332944640
"441",1264578029332944640
"442",1264578029332944640
"443",1264578029332944640
"444",1264578029332944640
"445",1264578029332944640
"446",1264578029332944640
"447",1264578029332944640
"448",1264578029332944640
"449",1264578029332944640
"450",1264578029332944640
"451",1264578029332944640
"452",1264578029332944640
"453",1264578029332944640
"454",1264578029332944640
"455",1264578029332944640
"456",1264578029332944640
"457",1264578029332944640
"458",1264578029332944640
"459",1264578029332944640
"460",1264578029332944640
"461",1.13814733604582e+20
"462",1264578029332944640
"463",37836373463359389696
"464",2.509743483135e+19
"465",71896904552027586560
"466",2637740357749173760
"467",5.9319554567026e+19
"468",8859183225269168128
"469",1264578029332944640
"470",1264578029332944640
"471",89937772705185792000
"472",1264578029332944640
"473",1264578029332944640
"474",1347235678776815360
"475",49833936549315805184
"476",79382420844322799616
"477",81980190660538236938
"478",1264578029332944640
"479",1264578029332944640
"480",1264578029332944640
"481",1264578029332944640
"482",1264578029332944640
"483",1535227312088059648
"484",1.04604036102078e+20
"485",69008996456071856138
"486",1264578029332944640
"487",1264578029332944640
"488",1264578029332944640
"489",1264578029332944640
"490",1264578029332944640
"491",1264578029332944640
"492",1264578029332944640
"493",1264578029332944640
"494",1264578029332944640
"495",1264578029332944640
"496",1264578029332944640
"497",1264578029332944640
"498",1264578029332944640
"499",1264578029332944640
"500",1264578029332944640
"501",1264578029332944640
"502",1264578029332944640
"503",1264578029332944640
"504",1264578029332944640
"505",1264578029332944640
"506",1264578029332944640
"507",1264578029332944640
"508",1264578029332944640
"509",1264578029332944640
"510",2900817326062239744
"511",1264578029332944640
"512",1264578029332944640
"513",1264578029332944640
"514",1264578029332944640
"515",1264578029332944640
"516",1264578029332944640
"517",1264578029332944640
"518",1264578029332944640
"519",1264578029332944640
"520",1264578029332944640
"521",1264578029332944640
"522",1832981398673662720
"523",1264578029332944640
"524",1264578029332944640
"525",1264578029332944640
"526",1264578029332944640
"527",1264578029332944640
"528",1264578029332944640
"529",1264578029332944640
"530",1264578029332944640
"531",1264578029332944640
"532",1264578029332944640
"533",1264578029332944640
"534",1264578029332944640
"535",1264578029332944640
"536",1264578029332944640
"537",1264578029332944640
"538",1264578029332944640
"539",1264578029332944640
"540",1264578029332944640
"541",4082957363331611648
"542",2384018253893328896
"543",1264578029332944640
"544",1264578029332944640
"545",1264578029332944640
"546",92535416062879416320
"547",74539185515952816138
"548",1264578029332944640
"549",64552330675757932544
"550",1264578029332944640
"551",47486767134169497600
"552",1264578029332944640
"553",1264578029332944640
"554",89937772705185792000
"555",1264578029332944640
"556",1264578029332944640
"557",1264578029332944640
"558",1264578029332944640
"559",1264578029332944640
"560",1264578029332944640
"561",1264578029332944640
"562",1264578029332944640
"563",1264578029332944640
"564",1264578029332944640
"565",1264578029332944640
"566",1264578029332944640
"567",3150583617159658496
"568",865046838721028224
"569",7277645900231945216
"570",236257030227958624
"571",76175948394433184
"572",24459953699527839744
"573",9482677130343587840
"574",649288923025091840
"575",41502070167413669888
"576",19518309075511603200
"577",11132568401183635456
"578",7197831842479221760
"579",7676946106880440320
"580",9605128103215468544
"581",15262523249459859456
"582",22825881697227399168
"583",5722187300418102272
"584",1507251126360347904
"585",4910420908956304384
"586",4258479156911257600
"587",6319700553258060800
"588",6390911897813158912
"589",76175948394433184
"590",36709960320800108544
"591",825906880808481408
"592",41300697567884189696
"593",1959912201725783552
"594",459456876031488512
"595",6173031785139240960
"596",2989507058492301
"597",2212961296938835968
"598",3451537771115532288
"599",9315227247445223424
"600",12631086987956312064
"601",4915431928205960192
"602",2235037333890242560
"603",1750636635600099
"604",196845896991194848
"605",8193237288151695360
"606",71389936817026277376
"607",1750636635600099
"608",19170736696383188992
"609",32160695720584609792
"610",2174936991397150208
"611",10392966824614318080
"612",1750636635600099
"613",1750636635600099
"614",3641938758075491328
"615",4687416048438604800
"616",6126587233895303168
"617",521480632679505792
"618",5648395977135408128
"619",2578408405327179264
"620",533748620204182272
"621",1361645943815705600
"622",13447766734387265536
"623",9674282528407332864
"624",19525543916494082048
"625",58250856971377205258
"626",2578408405327179264
"627",463346979345356096
"628",6249981565804843008
"629",5239072559402773504
"630",1635597916608835584
"631",3715054421839343104
"632",693103460140850048
"633",10574182026147420160
"634",5929851179685426176
"635",3975493935218186240
"636",249619453600935744
"637",2778001637667923456
"638",2327501333740658176
"639",6126587233895303168
"640",92406480026944307200
"641",249619453600935744
"642",2578408405327179264
"643",1676127324504698112
"644",3975493935218186240
"645",423090094515787648
"646",2327501333740658176
"647",533748620204182272
"648",4340471840484896768
"649",2578408405327179264
"650",2578408405327179264
"651",2578408405327179264
"652",2578408405327179264
"653",4771543657720840192
"654",249619453600935744
"655",461144344392856256
"656",643626586043896320
"657",2578408405327179264
"658",423090094515787648
"659",21994715361173299200
"660",175973583087698848
"661",6223679476800498688
"662",2327501333740658176
"663",2578408405327179264
"664",2327501333740658176
"665",4785915425030533120
"666",533748620204182272
"667",207628122582825088
"668",2578408405327179264
"669",20332212985483673600
"670",3790606585256031744
"671",6142709972825100288
"672",91593454723022416
"673",3178936187777462784
"674",1057561840741344128
"675",54688705833742327818
"676",12400517376834263040
"677",91593454723022416
"678",91593454723022416
"679",423090094515787648
"680",8854706675191033856
"681",2327501333740658176
"682",423090094515787648
"683",423090094515787648
"684",175973583087698848
"685",38657079584509894656
"686",51550371154954592256
"687",52297261385545695232
"688",175973583087698848
"689",908395542520834176
"690",7683504581884213248
"691",232707041205644960
"692",1576790795079694336
"693",575631666339592960
"694",423090094515787648
"695",88442617705513795584
"696",59804711001257960
"697",24271323577347736
"698",1008366899208806912
"699",310945800062210176
"700",157851527411445152
"701",157851527411445152
"702",74728874546516312064
"703",56988291611358617600
"704",23563507076575539200
"705",65999526567655694336
"706",3935619423438978048
"707",24271323577347736
"708",157851527411445152
"709",2606335615196647424
"710",13191288519690403840
"711",2.1725710684858e+19
"712",3.9304554450168e+19
"713",3078262233095803392
"714",1689142382304439808
"715",3078262233095803392
"716",1.5327668001785e+19
"717",236257030227958624
"718",42106713022973476864
"719",3697434753788709888
"720",1.7911074466869e+19
"721",4444485251731371520
"722",64165506347554922496
"723",22377688426336473088
"724",26468965672483315712
"725",157851527411445152
"726",1.4576232616289e+19
"727",1.2867036234017e+19
"728",157851527411445152
"729",44313270542130864128
"730",12809659052611145728
"731",157851527411445152
"732",10821795467400538112
"733",8785968734044340224
"734",157851527411445152
"735",157851527411445152
"736",64280613218318442496
"737",1715911937524817664
"738",1619995965098899456
"739",3412798760500794368
"740",13858350227051143168
"741",24271323577347736
"742",11401628233648054272
"743",157851527411445152
"744",157851527411445152
"745",1619995965098899456
"746",24271323577347736
"747",4393316060189318144
"748",157851527411445152
"749",157851527411445152
"750",2291200506224755968
"751",236257030227958624
"752",24271323577347736
"753",157851527411445152
"754",24271323577347736
"755",157851527411445152
"756",1519572703435532032
"757",157851527411445152
"758",24271323577347736
"759",157851527411445152
"760",5288678893660594176
"761",24271323577347736
"762",2868042627121706496
"763",157851527411445152
"764",669196554274599680
"765",32186013436111167488
"766",1702850564009871616
"767",659296063442238848
"768",33200981622733606912
"769",3078262233095803392
"770",236257030227958624
"771",66969849318209568778
"772",84591503059119718400
"773",24271323577347736
"774",1410707291530835712
"775",692313688887339264
"776",157851527411445152
"777",622058557908246144
"778",2411663928530615296
"779",65630080032720052224
"780",6.9281903205847e+19
"781",157851527411445152
"782",76721740806638714880
"783",410023029921617216
"784",157851527411445152
"785",5164754695684099072
"786",3078262233095803392
"787",27938986854311223296
"788",28671042421755752448
"789",38326170653764673536
"790",157851527411445152
"791",3261897702266586112
"792",10719010539973292032
"793",2774690626528496640
"794",2953884094793126912
"795",4053092026033312256
"796",1132615021717351040
"797",1173214596275883520
"798",72154494090964848
"799",72154494090964848
"800",2555407193897382400
"801",24271323577347736
"802",6679314680657783808
"803",56493777587140182016
"804",3078262233095803392
"805",7162519138791565312
"806",236257030227958624
"807",659296063442238848
"808",177497610700332128
"809",24271323577347736
"810",90537236176746741760
"811",189294307811776576
"812",24271323577347736
"813",3133311259945954304
"814",24271323577347736
"815",24271323577347736
"816",368290471918233152
"817",7167636957519492096
"818",368290471918233152
"819",632867481365477120
"820",368290471918233152
"821",72154494090964848
"822",449501141513945728
"823",72154494090964848
"824",72154494090964848
"825",72154494090964848
"826",52597684535322744
"827",52597684535322744
"828",2090074088497698816
"829",422605132070681856
"830",27842350212203581440
"831",11226013903255367680
"832",8479870105869773824
"833",8232009949900281856
"834",7593148020859331584
"835",4189564059266889728
"836",3043675802390807552
"837",6282629675866242048
"838",40541030541360234496
"839",2653178667697976320
"840",514532567564383552
"841",10815153062992291840
"842",6864916962799508480
"843",6780952867275005952
"844",3043675802390807552
"845",36544562628276895744
"846",16011308710448930816
"847",3043675802390807552
"848",24527532162104672256
"849",171947186189320416
"850",3043675802390807552
"851",25853067754522550272
"852",89984674080235470858
"853",3897971497594309120
"854",35614812334936649728
"855",1752643301368546048
"856",66651070183500652544
"857",8697501249337598976
"858",902333726513457920
"859",171947186189320416
"860",4.9834731986158e+19
"861",7728065425781037056
"862",3649996591963261952
"863",3902896874602572800
"864",530486295564162176
"865",3043675802390807552
"866",481569712331355136
"867",7599948987881353216
"868",1200744367216942592
"869",8232009949900281856
"870",50140377216565673984
"871",84182569542488342538
"872",1419154806627478784
"873",171947186189320416
"874",666668537762531584
"875",3884628625337340416
"876",14188983858514774016
"877",3043675802390807552
"878",3043675802390807552
"879",1292317215783113216
"880",61194193051111563264
"881",2534901481765263360
"882",1348015388662094336
"883",1200744367216942592
"884",3258099058620592128
"885",4456958912323120128
"886",18041644420947554304
"887",1200744367216942592
"888",2751392647140592128
"889",446711115820979840
"890",862799833321233152
"891",3043675802390807552
"892",3043675802390807552
"893",14583720930452084736
"894",666668537762531584
"895",950544264655025152
"896",2299844536032532480
"897",2657242469052154880
"898",866772257346292224
"899",4.6386893194195e+19
"900",171947186189320416
"901",1768762263065336576
"902",177021318792073216
"903",1768762263065336576
"904",1768762263065336576
"905",177021318792073216
"906",490036549466613632
"907",490036549466613632
"908",1768762263065336576
"909",177021318792073216
"910",1479548685166677760
"911",663466330206298240
"912",177021318792073216
"913",4009555574233695232
"914",663466330206298240
"915",1214092558483014656
"916",676624024496099584
"917",286489708756108800
"918",177021318792073216
"919",1479548685166677760
"920",1214092558483014656
"921",490036549466613632
"922",7484926057611660288
"923",861398643025623296
"924",1479548685166677760
"925",663466330206298240
"926",69668831138319073280
"927",3329021704782383616
"928",13953268376141256704
"929",177021318792073216
"930",490036549466613632
"931",490036549466613632
"932",2853308616999243776
"933",26835621315664248832
"934",177021318792073216
"935",490036549466613632
"936",177021318792073216
"937",3739553113211746816
"938",1768762263065336576
"939",1214092558483014656
"940",2431850055894404608
"941",861398643025623296
"942",490036549466613632
"943",1479548685166677760
"944",177021318792073216
"945",177021318792073216
"946",1479548685166677760
"947",177021318792073216
"948",13995493713518555136
"949",1306163664277261568
"950",1302265429473830912
"951",146513914586838144
"952",19749918204099760
"953",96776342206909488
"954",2813753695251132416
"955",232285279964507648
"956",1552503062144275456
"957",6420377012662104
"958",1841777785961662720
"959",6420377012662104
"960",2.607859417876e+19
"961",6420377012662104
"962",6420377012662104
"963",175512061782441248
"964",59061186648792752
"965",1841971163528140544
"966",26368034369902448640
"967",7877885200603586
"968",7877885200603586
"969",7877885200603586
"970",26368034369902448640
"971",7877885200603586
"972",7877885200603586
"973",2022423452618956544
"974",9295035095487956992
"975",9295035095487956992
"976",7877885200603586
"977",5814573536762892288
"978",109078417157681488
"979",7877885200603586
"980",7877885200603586
"981",127715702188141328
"982",929139373893874432
"983",1419745028506681856
"984",6420377012662104
"985",6420377012662104
"986",6420377012662104
"987",2162965414700145920
"988",6420377012662104
"989",6420377012662104
"990",7877885200603586
"991",7877885200603586
"992",7877885200603586
"993",7877885200603586
"994",3649023428736587
"995",62034584927543432
"996",3649023428736587
"997",8987003597519379
"998",3649023428736587
"999",8987003597519379
"1000",3649023428736587
"1001",3649023428736587
"1002",8987003597519379
"1003",279158500326414144
"1004",3649023428736587
"1005",476554485936667584
"1006",3649023428736587
"1007",3649023428736587
"1008",3649023428736587
"1009",3649023428736587
"1010",1765821268822724096
"1011",3649023428736587
"1012",3649023428736587
"1013",605658896481150976
"1014",3649023428736587
"1015",3649023428736587
"1016",5791609609231323136
"1017",286959548471095200
"1018",3649023428736587
"1019",115392175584168864
"1020",1560075790213143552
"1021",1030522487358078208
"1022",19933539309761052672
"1023",3649023428736587
"1024",213665562832921696
"1025",3649023428736587
"1026",2230044331624104704
"1027",3649023428736587
"1028",445257993945481792
"1029",132070966477615088
"1030",3649023428736587
"1031",3649023428736587
"1032",1008034094487827072
"1033",362616457655325888
"1034",3649023428736587
"1035",3649023428736587
"1036",12900692541098662
"1037",15654854321649526784
"1038",12900692541098662
"1039",826661375173213952
"1040",396801867135779520
"1041",90384653473446871040
"1042",3702472180999501312
"1043",12900692541098662
"1044",826661375173213952
"1045",52024835960092184
"1046",631549495034595072
"1047",265651377772809568
"1048",257431040685149664
"1049",12900692541098662
"1050",52024835960092184
"1051",12900692541098662
"1052",11636581274163558400
"1053",154345506490507264
"1054",154345506490507264
"1055",4165798805878598144
"1056",12900692541098662
"1057",285498108777701088
"1058",389163885839426688
"1059",12900692541098662
"1060",2445007779605774848
"1061",210728042396088928
"1062",42465602440591278080
"1063",826661375173213952
"1064",4255211481086945792
"1065",4136113779639040512
"1066",3613131487502765056
"1067",12900692541098662
"1068",36230986729049923584
"1069",265651377772809568
"1070",661956874068838528
"1071",12900692541098662
"1072",155074825310353504
"1073",155074825310353504
"1074",266607921298245760
"1075",155074825310353504
"1076",300373087542587776
"1077",155074825310353504
"1078",286489708756108800
"1079",3336911647392790016
"1080",13112155201893026
"1081",2394553428729588224
"1082",266607921298245760
"1083",13112155201893026
"1084",13112155201893026
"1085",155074825310353504
"1086",119349538861493344
"1087",155074825310353504
"1088",13112155201893026
"1089",9558431636243652608
"1090",155074825310353504
"1091",2754876008808228864
"1092",3080563490089540096
"1093",633023894719082880
"1094",13112155201893026
"1095",155074825310353504
"1096",284735163155352064
"1097",53343310019090304
"1098",53343310019090304
"1099",12511679330850633728
"1100",1223508121887252736
"1101",21443096794193620992
"1102",1910263766825387264
"1103",2825870455011620352
"1104",1585937145977693184
"1105",1510681334823387648
"1106",8854706675191033856
"1107",53343310019090304
"1108",5069678322414055424
"1109",53343310019090304
"1110",257010077372448736
"1111",1984624796915624960
"1112",53343310019090304
"1113",53343310019090304
"1114",284735163155352064
"1115",53343310019090304
"1116",53343310019090304
"1117",53343310019090304
"1118",53343310019090304
"1119",53343310019090304
"1120",53343310019090304
"1121",53343310019090304
"1122",53343310019090304
"1123",66712672272169697280
"1124",58328416564474704
"1125",53343310019090304
"1126",53343310019090304
"1127",53343310019090304
"1128",1223508121887252736
"1129",53343310019090304
"1130",53343310019090304
"1131",53343310019090304
"1132",53343310019090304
"1133",53343310019090304
"1134",53343310019090304
"1135",53343310019090304
"1136",1984624796915624960
"1137",53343310019090304
"1138",423090094515787648
"1139",1182855120081334
"1140",1182855120081334
"1141",98394986867673792
"1142",1870752541461461760
"1143",2372355548262855680
"1144",1182855120081334
"1145",1182855120081334
"1146",1182855120081334
"1147",27960159974215233536
"1148",58328416564474704
"1149",58328416564474704
"1150",58328416564474704
"1151",58328416564474704
"1152",58328416564474704
"1153",58328416564474704
"1154",58328416564474704
"1155",8761709804857401344
"1156",1182855120081334
"1157",1182855120081334
"1158",1182855120081334
"1159",190292458365084960
"1160",161469420152376160
"1161",161469420152376160
"1162",161469420152376160
"1163",1755960687931063296
"1164",161469420152376160
"1165",400428605970444096
"1166",463924002797564480
"1167",161469420152376160
"1168",161469420152376160
"1169",400428605970444096
"1170",161469420152376160
"1171",78001279332811648
"1172",78001279332811648
"1173",78001279332811648
"1174",78001279332811648
"1175",78001279332811648
"1176",78001279332811648
"1177",78001279332811648
"1178",78001279332811648
"1179",78001279332811648
"1180",78001279332811648
"1181",78001279332811648
"1182",553572898236489024
"1183",161469420152376160
"1184",161469420152376160
"1185",161469420152376160
"1186",161469420152376160
"1187",161469420152376160
"1188",161469420152376160
"1189",463924002797564480
"1190",831892435169066240
"1191",161469420152376160
"1192",161469420152376160
"1193",161469420152376160
"1194",161469420152376160
"1195",260353835905335200
"1196",78001279332811648
"1197",78001279332811648
"1198",78001279332811648
"1199",78001279332811648
"1200",78001279332811648
"1201",1378461843772889088
"1202",78001279332811648
"1203",11880343800410089472
"1204",78001279332811648
"1205",11503126512278407168
"1206",78001279332811648
"1207",103048244699778080
"1208",860962569148948224
"1209",14490357667070937088
"1210",103048244699778080
"1211",25099399321313529856
"1212",20810380853598121984
"1213",8287141426695246848
"1214",18590461140264824832
"1215",8287141426695246848
"1216",10971293316851761152
"1217",98513562270935859200
"1218",83218955426799222784
"1219",71565813564400910336
"1220",8287141426695246848
"1221",8287141426695246848
"1222",1264578029332944640
"1223",1264578029332944640
"1224",3998783655714371072
"1225",3998783655714371072
"1226",1264578029332944640
"1227",11479443732486445056
"1228",1264578029332944640
"1229",1264578029332944640
"1230",9342379632985585664
"1231",2997759762679428096
"1232",1264578029332944640
"1233",1264578029332944640
"1234",44065754101284536320
"1235",1264578029332944640
"1236",57139799196293914624
"1237",5858505129299449856
"1238",6628593138079037440
"1239",1.0238695746933e+20
"1240",1264578029332944640
"1241",25841472703811252224
"1242",57875016390638796800
"1243",41619941741145399296
"1244",65500183316558290944
"1245",1264578029332944640
"1246",2.3687148734627e+19
"1247",1264578029332944640
"1248",30816526211813728256
"1249",77465189765881741312
"1250",6628593138079037440
"1251",2369135815399962112
"1252",1264578029332944640
"1253",1264578029332944640
"1254",65295085248376659978
"1255",1.47499039216691e+20
"1256",1264578029332944640
"1257",18776629314832273408
"1258",56746031586251120640
"1259",26509510462738272256
"1260",4150010551687768064
"1261",1264578029332944640
"1262",1264578029332944640
"1263",1264578029332944640
"1264",1264578029332944640
"1265",1264578029332944640
"1266",1264578029332944640
"1267",1264578029332944640
"1268",1264578029332944640
"1269",1832981398673662720
"1270",1264578029332944640
"1271",1264578029332944640
"1272",6.4819558720646e+19
"1273",21574008267973746688
"1274",916077880737965440
"1275",73749599998427488256
"1276",23798499383221996
"1277",1.03703338169533e+20
"1278",18376814327009583104
"1279",48923685258788347904
"1280",463924002797564480
"1281",4469189709545073152
"1282",463924002797564480
"1283",53343310019090304
"1284",2102705470148536576
"1285",2861455132997203456
"1286",15473708362006390784
"1287",1308286002464840
"1288",1.3284904558155e+19
"1289",7.329640224828e+19
"1290",3957055173674221
"1291",161469420152376160
"1292",3957055173674221
"1293",4227081207522110464
"1294",3429546300380102144
"1295",2140095793444147712
"1296",30237461432417497088
"1297",161469420152376160
"1298",161469420152376160
"1299",2744750301632488960
"1300",22393652396636315648
"1301",2825870455011620352
"1302",23798499383221996
"1303",627307767077986
"1304",48289546116916101120
"1305",459456876031488512
"1306",8521537345458843648
"1307",11600712275121072128
"1308",16418907738424885248
"1309",6446770647773073408
"1310",6689651468425100288
"1311",23798499383221996
"1312",6402168526215336960
"1313",27641883980295589888
"1314",819755496307379584
"1315",466872973090743808
"1316",53343310019090304
"1317",53343310019090304
"1318",1223508121887252736
"1319",36701263626701307904
"1320",86357716797853536
"1321",1308286002464840
"1322",23798499383221996
"1323",5333715260152876032
"1324",19369333950864187392
"1325",21181297876406415360
"1326",2487616604090476032
"1327",53343310019090304
"1328",161469420152376160
"1329",161469420152376160
"1330",5792579659079393280
"1331",63647188294938804224
"1332",64784356604494258176
"1333",463924002797564480
"1334",7900510834651974656
"1335",4764081818999269376
"1336",34891977644687220736
"1337",20762519482433196032
"1338",61729806969869787136
"1339",1223508121887252736
"1340",70399834675385622538
"1341",765907314060289280
"1342",13749680021193818112
"1343",29585961867422134272
"1344",78001279332811648
"1345",3957055173674221
"1346",2433497878811787776
"1347",10114475881755344896
"1348",2102705470148536576
"1349",161469420152376160
"1350",1291325880570436096
"1351",161469420152376160
"1352",161469420152376160
"1353",1206859337983891968
"1354",67331164088624472064
"1355",78001279332811648
"1356",15913078470742904832
"1357",53441424300802637824
"1358",89418278462242537472
"1359",463924002797564480
"1360",1223508121887252736
"1361",1984624796915624960
"1362",1308286002464840
"1363",11549544487857709056
"1364",1223508121887252736
"1365",161469420152376160
"1366",2102705470148536576
"1367",914590160908397
"1368",44882531813114347520
"1369",655461420273985536
"1370",82732050575037186058
"1371",61338115084050817024
"1372",463924002797564480
"1373",52022645136700653578
"1374",17560174037134264320
"1375",24040037187152859136
"1376",161469420152376160
"1377",448597922425743040
"1378",765907314060289280
"1379",1.13174488307315e+20
"1380",2279942050744056832
"1381",3957055173674221
"1382",74107515585388314624
"1383",16394375572538894336
"1384",70538905580661186560
"1385",47292484458193559552
"1386",40664754063879176192
"1387",1.14081555872252e+20
"1388",1308286002464840
"1389",463924002797564480
"1390",89079764530497323018
"1391",35127142836743483392
"1392",12853400578206251008
"1393",34329981223142633472
"1394",37176959271461797888
"1395",20002748302758760448
"1396",5713357181002031104
"1397",23508271542677639168
"1398",19531425727841783808
"1399",46604619073175281664
"1400",43624987915622055936
"1401",4134994899056307200
"1402",53343310019090304
"1403",3957055173674221
"1404",48680052322363924480
"1405",8700356046843340800
"1406",161469420152376160
"1407",94557455975926546432
"1408",58576516901317926912
"1409",58207453671450640384
"1410",802992213704215936
"1411",2289096311051808512
"1412",17173188774644766720
"1413",627307767077986
"1414",3976944207556014080
"1415",17234387066709538816
"1416",16042680260497936384
"1417",10157804777645441024
"1418",78001279332811648
"1419",674574149348669696
"1420",69008996456071856138
"1421",45979224347926192128
"1422",56579886805706457098
"1423",161469420152376160
"1424",2279942050744056832
"1425",5759070769534246912
"1426",97857232463986884618
"1427",914590160908397
"1428",161469420152376160
"1429",914590160908397
"1430",765907314060289280
"1431",157851527411445152
"1432",1405442056434314496
"1433",18248953670030125056
"1434",1.09756078909355e+20
"1435",2279942050744056832
"1436",45337094858060414976
"1437",74702511865295273984
"1438",50295088317501145098
"1439",1223508121887252736
"1440",1223508121887252736
"1441",53343310019090304
"1442",58328416564474704
"1443",161469420152376160
"1444",1630713380251403776
"1445",53343310019090304
"1446",627307767077986
"1447",53343310019090304
"1448",914590160908397
"1449",2024082556456055040
"1450",161469420152376160
"1451",3957055173674221
"1452",79245138200673419264
"1453",4.0005956337793e+19
"1454",53428184657946787840
"1455",3957055173674221
"1456",463924002797564480
"1457",3957055173674221
"1458",13055921267230285824
"1459",765907314060289280
"1460",53343310019090304
"1461",3957055173674221
"1462",6446770647773073408
"1463",62301162602312900618
"1464",78001279332811648
"1465",20302858995758874624
"1466",719752305589966336
"1467",53343310019090304
"1468",802992213704215936
"1469",53343310019090304
"1470",133626242520034672
"1471",3429546300380102144
"1472",2279942050744056832
"1473",53343310019090304
"1474",914590160908397
"1475",8075220626630235136
"1476",411585299764352448
"1477",14062431387651624960
"1478",161469420152376160
"1479",1381530881705822208
"1480",53343310019090304
"1481",56528246797308649472
"1482",53343310019090304
"1483",78001279332811648
"1484",30734957386561646592
"1485",1984624796915624960
"1486",164757118639244
"1487",53343310019090304
"1488",1308286002464840
"1489",53343310019090304
"1490",1308286002464840
"1491",2279942050744056832
"1492",5338906749310467072
"1493",22447056055017807872
"1494",53343310019090304
"1495",914590160908397
"1496",53343310019090304
"1497",1608927174576743168
"1498",13421845860200910848
"1499",1308286002464840
"1500",53343310019090304
"1501",53343310019090304
"1502",164757118639244
"1503",78001279332811648
"1504",879968637956456960
"1505",53343310019090304
"1506",1223508121887252736
"1507",3957055173674221
"1508",53343310019090304
"1509",627307767077986
"1510",1308286002464840
"1511",53343310019090304
"1512",48245041113155051520
"1513",423090094515787648
"1514",68706563878830391296
"1515",161469420152376160
"1516",23798499383221996
"1517",1984624796915624960
"1518",161469420152376160
"1519",78001279332811648
"1520",53343310019090304
"1521",4484013487617533440
"1522",3957055173674221
"1523",53343310019090304
"1524",3957055173674221
"1525",334828892882730496
"1526",2327501333740658176
"1527",3957055173674221
"1528",43198954374007652352
"1529",27641883980295589888
"1530",1984624796915624960
"1531",78001279332811648
"1532",2053277347011817728
"1533",738590558154212224
"1534",47747898338174697472
"1535",430569457516038080
"1536",3957055173674221
"1537",52896391146538770432
"1538",161469420152376160
"1539",53343310019090304
"1540",69357289402409140224
"1541",2053277347011817728
"1542",161469420152376160
"1543",674574149348669696
"1544",1308286002464840
"1545",34748550965013680128
"1546",55781322462629437440
"1547",161469420152376160
"1548",161469420152376160
"1549",161469420152376160
"1550",1223508121887252736
"1551",72187851484785729536
"1552",1308286002464840
"1553",3.6351771502963e+19
"1554",33578917190319628288
"1555",368290471918233152
"1556",91593454723022416
"1557",161469420152376160
"1558",161469420152376160
"1559",34521635737550860288
"1560",14400146298950408192
"1561",161469420152376160
"1562",50470022579337879552
"1563",7924501257335812096
"1564",53572500868330364938
"1565",65878936433538195456
"1566",161469420152376160
"1567",82731090261352792064
"1568",14789677103264774144
"1569",53343310019090304
"1570",1308286002464840
"1571",161469420152376160
"1572",25108566055533150208
"1573",916077880737965440
"1574",3957055173674221
"1575",9234954884207622144
"1576",761275178760696576
"1577",674574149348669696
"1578",3437402533770105344
"1579",56619290481129283584
"1580",114795158421154976
"1581",1.079010533492e+19
"1582",1.04244118244292e+20
"1583",48020888487949639680
"1584",42828222440161280000
"1585",3957055173674221
"1586",9793220000886423552
"1587",566073183215908928
"1588",1308286002464840
"1589",23508271542677639168
"1590",914590160908397
"1591",1.18187259005839e+20
"1592",52972018448096215040
"1593",2102705470148536576
"1594",9503427309776840704
"1595",71172044641631051776
"1596",89956078579213156352
"1597",914590160908397
"1598",7390273682405894144
"1599",161469420152376160
"1600",2006401769524865536
"1601",1223508121887252736
"1602",1332751103768159744
"1603",161469420152376160
"1604",161469420152376160
"1605",3957055173674221
"1606",23798499383221996
"1607",161469420152376160
"1608",89411833132967182336
"1609",1.16722496038147e+20
"1610",161469420152376160
"1611",1937415369346281728
"1612",3957055173674221
"1613",4299186586984036352
"1614",12205247039250126848
"1615",1308286002464840
"1616",58328416564474704
"1617",1223508121887252736
"1618",53343310019090304
"1619",1223508121887252736
"1620",1592430930428048896
"1621",914590160908397
"1622",802992213704215936
"1623",10906433934409074688
"1624",161469420152376160
"1625",1263305720897475584
"1626",674574149348669696
"1627",3957055173674221
"1628",53343310019090304
"1629",20115781363332902912
"1630",161469420152376160
"1631",1.28693514695308e+20
"1632",13755566756866222080
"1633",58328416564474704
"1634",3957055173674221
"1635",1223508121887252736
"1636",8678339340861859840
"1637",23798499383221996
"1638",1630713380251403776
"1639",1630713380251403776
"1640",53343310019090304
"1641",6369072894111763456
"1642",78001279332811648
"1643",3957055173674221
"1644",616289823420789376
"1645",23798499383221996
"1646",3119051717443407360
"1647",161469420152376160
"1648",53343310019090304
"1649",284735163155352064
"1650",914590160908397
"1651",161469420152376160
"1652",58328416564474704
"1653",25844010714850897920
"1654",81774834146942124032
"1655",54089521671181385738
"1656",2024082556456055040
"1657",3957055173674221
"1658",10499907138827642880
"1659",8075220626630235136
"1660",1308286002464840
"1661",1223508121887252736
"1662",10710048669620596736
"1663",3957055173674221
"1664",161469420152376160
"1665",701960967636621056
"1666",41666910168922259456
"1667",78001279332811648
"1668",164757118639244
"1669",3431453193085782016
"1670",14555358321177153536
"1671",5386684643390537728
"1672",1664488151844255488
"1673",29590196561365327872
"1674",22217066033438781440
"1675",1630713380251403776
"1676",53343310019090304
"1677",1308286002464840
"1678",2102705470148536576
"1679",232707041205644960
"1680",164757118639244
"1681",800652825202959360
"1682",161469420152376160
"1683",5217697792937507840
"1684",908395542520834176
"1685",161469420152376160
"1686",13872366386119585792
"1687",2102705470148536576
"1688",1325172140039501312
"1689",53343310019090304
"1690",627307767077986
"1691",627307767077986
"1692",161469420152376160
"1693",765907314060289280
"1694",3957055173674221
"1695",3957055173674221
"1696",25464376523216756736
"1697",10448583045181648896
"1698",91593454723022416
"1699",7806715390384540672
"1700",1223508121887252736
"1701",914590160908397
"1702",23798499383221996
"1703",1223508121887252736
"1704",496287396832397568
"1705",10635329696338700288
"1706",3957055173674221
"1707",23798499383221996
"1708",85408296834740112
"1709",3957055173674221
"1710",161469420152376160
"1711",78001279332811648
"1712",914590160908397
"1713",53343310019090304
"1714",423090094515787648
"1715",1630713380251403776
"1716",1866085363259174400
"1717",8075220626630235136
"1718",164757118639244
"1719",863724799418794240
"1720",161469420152376160
"1721",1.5980962269041e+19
"1722",53343310019090304
"1723",8172954532908461056
"1724",53343310019090304
"1725",4975833315379575808
"1726",3957055173674221
"1727",2327501333740658176
"1728",3957055173674221
"1729",27835822647391367168
"1730",53343310019090304
"1731",58328416564474704
"1732",58328416564474704
"1733",914590160908397
"1734",53343310019090304
"1735",866514614101019392
"1736",58328416564474704
"1737",161469420152376160
"1738",161469420152376160
"1739",1308286002464840
"1740",914590160908397
"1741",23798499383221996
"1742",161469420152376160
"1743",4.3970984928619e+19
"1744",23798499383221996
"1745",53343310019090304
"1746",53343310019090304
"1747",78001279332811648
"1748",4926261903127257088
"1749",3548940883537118208
"1750",1223508121887252736
"1751",2838439931619037184
"1752",12392148270890694656
"1753",25464376523216756736
"1754",8.2459443216145e+19
"1755",40998748965727518720
"1756",1608927174576743168
"1757",52118526369476378624
"1758",161469420152376160
"1759",161469420152376160
"1760",914590160908397
"1761",1246960988251667968
"1762",284735163155352064
"1763",368290471918233152
"1764",91593454723022416
"1765",53343310019090304
"1766",1308286002464840
"1767",423090094515787648
"1768",1630713380251403776
"1769",53343310019090304
"1770",78001279332811648
"1771",58328416564474704
"1772",14727679586474348544
"1773",1223508121887252736
"1774",2102705470148536576
"1775",3957055173674221
"1776",161469420152376160
"1777",3957055173674221
"1778",78001279332811648
"1779",53343310019090304
"1780",72154494090964848
"1781",3957055173674221
"1782",1608927174576743168
"1783",53343310019090304
"1784",12478563430024255488
"1785",4494020908461.65
"1786",161469420152376160
"1787",1223508121887252736
"1788",161469420152376160
"1789",2878064536804403712
"1790",110813287026859744
"1791",91593454723022416
"1792",53343310019090304
"1793",53343310019090304
"1794",2327501333740658176
"1795",161469420152376160
"1796",53343310019090304
"1797",1984624796915624960
"1798",3957055173674221
"1799",5504509812676502528
"1800",4239304146624474624
"1801",161469420152376160
"1802",157851527411445152
"1803",284735163155352064
"1804",2053277347011817728
"1805",161469420152376160
"1806",161469420152376160
"1807",1264578029332944640
"1808",52877391856949764096
"1809",161469420152376160
"1810",53291260170203815936
"1811",161469420152376160
"1812",3342531603637816832
"1813",53343310019090304
"1814",88857864111297527818
"1815",9182255152718474240
"1816",53343310019090304
"1817",53343310019090304
"1818",53343310019090304
"1819",177021318792073216
"1820",2140095793444147712
"1821",3957055173674221
"1822",23798499383221996
"1823",914590160908397
"1824",35991862669089300480
"1825",12834702616795090944
"1826",9686653111785584640
"1827",53343310019090304
"1828",1510681334823387648
"1829",12482439505742848000
"1830",914590160908397
"1831",1.1390347115962e+19
"1832",161469420152376160
"1833",765907314060289280
"1834",5726303097725486080
"1835",161469420152376160
"1836",1223508121887252736
"1837",1984624796915624960
"1838",53343310019090304
"1839",423090094515787648
"1840",1263305720897475584
"1841",171949842319172320
"1842",2024082556456055040
"1843",1133684077024190336
"1844",1264578029332944640
"1845",23798499383221996
"1846",51616165288976744458
"1847",161469420152376160
"1848",2870076614142820352
"1849",1.08603471953437e+20
"1850",23798499383221996
"1851",53343310019090304
"1852",53343310019090304
"1853",284735163155352064
"1854",53343310019090304
"1855",161469420152376160
"1856",627307767077986
"1857",3957055173674221
"1858",719752305589966336
"1859",33953268064169361408
"1860",161469420152376160
"1861",1247684655359032832
"1862",18012561769515524096
"1863",914590160908397
"1864",78001279332811648
"1865",161469420152376160
"1866",1223508121887252736
"1867",161469420152376160
"1868",2279942050744056832
"1869",3957055173674221
"1870",91593454723022416
"1871",914590160908397
"1872",7.2252401462607e+19
"1873",74104403179137318912
"1874",87896298253453541376
"1875",81980190660538236938
"1876",66577427640772648960
"1877",66898167180141477898
"1878",73936300809115729920
"1879",1.37710833406079e+20
"1880",87896298253453541376
"1881",1.22903653483627e+20
"1882",87896298253453541376
"1883",1.17019953405334e+20
"1884",68680669839083601920
"1885",51366809278564409344
"1886",63938262515506224
"1887",86023575490758623232
"1888",85205685562828406784
"1889",17196837230557104128
"1890",103048244699778080
"1891",2.8821238290083e+19
"1892",68017645499203911680
"1893",54580596282935320576
"1894",14367198680043151360
"1895",85205685562828406784
"1896",83218955426799222784
"1897",83218955426799222784
"1898",42160037572922163200
"1899",68017645499203911680
"1900",20002748302758760448
"1901",6074290241617643520
"1902",85910943522266087424
"1903",2526339272054159872
"1904",1478177764807081984
"1905",41684981029610881024
"1906",103048244699778080
"1907",103048244699778080
"1908",14100247542102345728
"1909",68017645499203911680
"1910",31326160465303433216
"1911",103048244699778080
"1912",47500403419767758858
"1913",6171439794502451200
"1914",11718101117886434
"1915",11718101117886434
"1916",11718101117886434
"1917",34657256395837259776
"1918",11718101117886434
"1919",58388646049593565184
"1920",11718101117886434
"1921",34876547211694542848
"1922",738590558154212224
"1923",51880954396537298944
"1924",78063543046984613898
"1925",12041902683445084160
"1926",34876547211694542848
"1927",36107851559269728256
"1928",31558713360672755712
"1929",5333715260152876032
"1930",5254818381105470464
"1931",4.5996941176967e+19
"1932",10033058598108884992
"1933",25108566055533150208
"1934",49441679433973211136
"1935",77465189765881741312
"1936",42163511945894174720
"1937",31329155355865886720
"1938",3077235083011359232
"1939",8174503162218450944
"1940",3008747732254645760
"1941",77465189765881741312
"1942",60980420014773665792
"1943",27081321585168273408
"1944",49423311106727346176
"1945",77465189765881741312
"1946",34876547211694542848
"1947",93685436847118827520
"1948",4.6263602133409e+19
"1949",72814464870869327872
"1950",21321963978084864000
"1951",39775034585355624448
"1952",34876547211694542848
"1953",29844910199201820672
"1954",22113066845346082816
"1955",56025468464385343498
"1956",8.0149606625132e+19
"1957",34891977644687220736
"1958",62825753148736200704
"1959",49423311106727346176
"1960",5333715260152876032
"1961",6.249428655528e+19
"1962",49423311106727346176
"1963",14005631959451246592
"1964",34645068419220148224
"1965",738590558154212224
"1966",738590558154212224
"1967",34876547211694542848
"1968",738590558154212224
"1969",738590558154212224
"1970",27872705598612586496
"1971",738590558154212224
"1972",21503642113271652352
"1973",10033058598108884992
"1974",25108566055533150208
"1975",738590558154212224
"1976",33197608114488635392
"1977",3081819724165443072
"1978",7902445580134896640
"1979",34645068419220148224
"1980",56231523003054858240
"1981",14091771685661421568
"1982",3008747732254645760
"1983",14091771685661421568
"1984",4.0509676952944e+19
"1985",18601727255969931264
"1986",4.5996941176967e+19
"1987",77465189765881741312
"1988",738590558154212224
"1989",85981502467000631296
"1990",1608927174576743168
"1991",1608927174576743168
"1992",1608927174576743168
"1993",1608927174576743168
"1994",9847030406037768192
"1995",1608927174576743168
"1996",17234387066709538816
"1997",17234387066709538816
"1998",7297351682533293056
"1999",1608927174576743168
"2000",17234387066709538816
"2001",25464376523216756736
"2002",7390273682405894144
"2003",25477561703556608000
"2004",7297351682533293056
"2005",7390273682405894144
"2006",1608927174576743168
"2007",1608927174576743168
"2008",14312994140994179072
"2009",7390273682405894144
"2010",63075653176747081738
"2011",10680679069160339456
"2012",35078275375796240384
"2013",1608927174576743168
"2014",46315658805939609600
"2015",7390273682405894144
"2016",17234387066709538816
"2017",38094384404532862976
"2018",7390273682405894144
"2019",1608927174576743168
"2020",13065362867272349696
"2021",25477561703556608000
"2022",17234387066709538816
"2023",1608927174576743168
"2024",38094384404532862976
"2025",35078275375796240384
"2026",12621414268610646016
"2027",38094384404532862976
"2028",1608927174576743168
"2029",1608927174576743168
"2030",11058120112279453696
"2031",17234387066709538816
"2032",17234387066709538816
"2033",14974322648952363008
"2034",17234387066709538816
"2035",25477561703556608000
"2036",17234387066709538816
"2037",53809160959024267264
"2038",1608927174576743168
"2039",49940466419641688064
"2040",7390273682405894144
"2041",63075653176747081738
"2042",13055921267230285824
"2043",38094384404532862976
"2044",17234387066709538816
"2045",7390273682405894144
"2046",31418684609355165696
"2047",38078261329939800064
"2048",7297351682533293056
"2049",1608927174576743168
"2050",14705205975011364864
"2051",4.7449487720646e+19
"2052",17234387066709538816
"2053",3.2243184440779e+19
"2054",2849097503380963840
"2055",20893346053327716352
"2056",35078275375796240384
"2057",3.102832016359e+19
"2058",25477561703556608000
"2059",13055921267230285824
"2060",7390273682405894144
"2061",17234387066709538816
"2062",27835822647391367168
"2063",25477561703556608000
"2064",2.0157993496609e+19
"2065",27835822647391367168
"2066",13065362867272349696
"2067",17234387066709538816
"2068",1608927174576743168
"2069",21616824263644872704
"2070",7390273682405894144
"2071",20893346053327716352
"2072",2832825878465330176
"2073",1608927174576743168
"2074",2.6857122609364e+19
"2075",7297351682533293056
"2076",1608927174576743168
"2077",30834387608428781568
"2078",7390273682405894144
"2079",17234387066709538816
"2080",4595004833690449408
"2081",1608927174576743168
"2082",17234387066709538816
"2083",20893346053327716352
"2084",28339973404918145024
"2085",7390273682405894144
"2086",17234387066709538816
"2087",4685204230619453440
"2088",9747508994203561984
"2089",1608927174576743168
"2090",1608927174576743168
"2091",1608927174576743168
"2092",17234387066709538816
"2093",1608927174576743168
"2094",1608927174576743168
"2095",1608927174576743168
"2096",1608927174576743168
"2097",1608927174576743168
"2098",38078261329939800064
"2099",27835822647391367168
"2100",7390273682405894144
"2101",7390273682405894144
"2102",1608927174576743168
"2103",12914443143149789184
"2104",1608927174576743168
"2105",1608927174576743168
"2106",50696218851681501184
"2107",1608927174576743168
"2108",1.279151238455e+19
"2109",1608927174576743168
"2110",10817967274062651392
"2111",13055921267230285824
"2112",4679551002120690688
"2113",18806801724479463424
"2114",1608927174576743168
"2115",7390273682405894144
"2116",7390273682405894144
"2117",50265254057744760832
"2118",1608927174576743168
"2119",22447056055017807872
"2120",1608927174576743168
"2121",17234387066709538816
"2122",7390273682405894144
"2123",7390273682405894144
"2124",2.7831594902647e+19
"2125",2832825878465330176
"2126",29835578656402096128
"2127",4679551002120690688
"2128",27835822647391367168
"2129",17234387066709538816
"2130",2174936991397150208
"2131",2053277347011817728
"2132",2053277347011817728
"2133",2053277347011817728
"2134",2053277347011817728
"2135",2053277347011817728
"2136",6677507494578906112
"2137",2053277347011817728
"2138",5327267703975088128
"2139",8311671693507463168
"2140",2053277347011817728
"2141",1.4281561488016e+19
"2142",5327267703975088128
"2143",6815919284419009536
"2144",2053277347011817728
"2145",2053277347011817728
"2146",14123753852100927488
"2147",10844720485281476608
"2148",1.4281561488016e+19
"2149",18807854338789543936
"2150",5910063484474607616
"2151",4644293546506376192
"2152",2053277347011817728
"2153",3431453193085782016
"2154",17412455582613133312
"2155",2053277347011817728
"2156",8311671693507463168
"2157",2920428260030853632
"2158",3431453193085782016
"2159",2053277347011817728
"2160",2053277347011817728
"2161",2053277347011817728
"2162",8311671693507463168
"2163",14123753852100927488
"2164",5327267703975088128
"2165",2053277347011817728
"2166",5327267703975088128
"2167",3431453193085782016
"2168",8311671693507463168
"2169",22622336137100587008
"2170",2053277347011817728
"2171",2053277347011817728
"2172",1.6490116221915e+19
"2173",8311671693507463168
"2174",2053277347011817728
"2175",8311671693507463168
"2176",9182255152718474240
"2177",2053277347011817728
"2178",5362908599695603712
"2179",2053277347011817728
"2180",11782894064564692992
"2181",2053277347011817728
"2182",7439689977405765632
"2183",29166754180825288704
"2184",2053277347011817728
"2185",1.4281561488016e+19
"2186",5327267703975088128
"2187",13121575759998703616
"2188",7415146090562948096
"2189",2053277347011817728
"2190",70804053905666613258
"2191",2053277347011817728
"2192",11918049318207281152
"2193",2053277347011817728
"2194",2053277347011817728
"2195",5327267703975088128
"2196",4046414508347937792
"2197",8311671693507463168
"2198",8311671693507463168
"2199",1.2718339006127e+19
"2200",3012204105563626496
"2201",2053277347011817728
"2202",5327267703975088128
"2203",2053277347011817728
"2204",2053277347011817728
"2205",21662104815202242560
"2206",2053277347011817728
"2207",2053277347011817728
"2208",3436074535051655168
"2209",8311671693507463168
"2210",9182255152718474240
"2211",11918049318207281152
"2212",5327267703975088128
"2213",2053277347011817728
"2214",2053277347011817728
"2215",5327267703975088128
"2216",5424355012696622080
"2217",4530163641288741376
"2218",2053277347011817728
"2219",5327267703975088128
"2220",5.1811064022411e+19
"2221",5327267703975088128
"2222",8311671693507463168
"2223",16660596788974931968
"2224",8311671693507463168
"2225",2053277347011817728
"2226",8311671693507463168
"2227",8311671693507463168
"2228",765907314060289280
"2229",765907314060289280
"2230",765907314060289280
"2231",3132734911807843840
"2232",765907314060289280
"2233",765907314060289280
"2234",765907314060289280
"2235",765907314060289280
"2236",3064763503318199808
"2237",1387225590675423488
"2238",765907314060289280
"2239",1387225590675423488
"2240",765907314060289280
"2241",5406704585839015936
"2242",8432496804074251264
"2243",13719654160833161216
"2244",1676127324504698112
"2245",765907314060289280
"2246",765907314060289280
"2247",765907314060289280
"2248",2428742534092400640
"2249",765907314060289280
"2250",765907314060289280
"2251",765907314060289280
"2252",765907314060289280
"2253",1387225590675423488
"2254",765907314060289280
"2255",1676127324504698112
"2256",765907314060289280
"2257",765907314060289280
"2258",3998783655714371072
"2259",765907314060289280
"2260",765907314060289280
"2261",1676127324504698112
"2262",765907314060289280
"2263",765907314060289280
"2264",765907314060289280
"2265",1387225590675423488
"2266",765907314060289280
"2267",765907314060289280
"2268",1676127324504698112
"2269",765907314060289280
"2270",765907314060289280
"2271",3509243046917022720
"2272",765907314060289280
"2273",765907314060289280
"2274",765907314060289280
"2275",765907314060289280
"2276",765907314060289280
"2277",765907314060289280
"2278",4107296044602390016
"2279",765907314060289280
"2280",765907314060289280
"2281",1387225590675423488
"2282",765907314060289280
"2283",765907314060289280
"2284",765907314060289280
"2285",765907314060289280
"2286",765907314060289280
"2287",1387225590675423488
"2288",765907314060289280
"2289",765907314060289280
"2290",1387225590675423488
"2291",765907314060289280
"2292",765907314060289280
"2293",765907314060289280
"2294",765907314060289280
"2295",765907314060289280
"2296",3509243046917022720
"2297",765907314060289280
"2298",765907314060289280
"2299",765907314060289280
"2300",765907314060289280
"2301",765907314060289280
"2302",765907314060289280
"2303",6905733651824268288
"2304",5406704585839015936
"2305",765907314060289280
"2306",765907314060289280
"2307",765907314060289280
"2308",765907314060289280
"2309",765907314060289280
"2310",765907314060289280
"2311",765907314060289280
"2312",765907314060289280
"2313",765907314060289280
"2314",765907314060289280
"2315",765907314060289280
"2316",765907314060289280
"2317",765907314060289280
"2318",765907314060289280
"2319",765907314060289280
"2320",765907314060289280
"2321",765907314060289280
"2322",765907314060289280
"2323",765907314060289280
"2324",765907314060289280
"2325",765907314060289280
"2326",765907314060289280
"2327",765907314060289280
"2328",1387225590675423488
"2329",1387225590675423488
"2330",1387225590675423488
"2331",175973583087698848
"2332",1216108485548189184
"2333",521480632679505792
"2334",175973583087698848
"2335",1574764518399031808
"2336",175973583087698848
"2337",483709066666052544
"2338",175973583087698848
"2339",175973583087698848
"2340",175973583087698848
"2341",695818239539265280
"2342",175973583087698848
"2343",175973583087698848
"2344",5955599175067357184
"2345",1131030237635539456
"2346",175973583087698848
"2347",175973583087698848
"2348",175973583087698848
"2349",175973583087698848
"2350",175973583087698848
"2351",175973583087698848
"2352",521480632679505792
"2353",175973583087698848
"2354",2576042553207513088
"2355",175973583087698848
"2356",175973583087698848
"2357",3495265448063885312
"2358",175973583087698848
"2359",175973583087698848
"2360",2094099773186090240
"2361",175973583087698848
"2362",521480632679505792
"2363",175973583087698848
"2364",175973583087698848
"2365",175973583087698848
"2366",3495265448063885312
"2367",175973583087698848
"2368",483709066666052544
"2369",2576042553207513088
"2370",175973583087698848
"2371",483709066666052544
"2372",175973583087698848
"2373",2576042553207513088
"2374",3495265448063885312
"2375",420985435549924224
"2376",175973583087698848
"2377",5245482872396665856
"2378",175973583087698848
"2379",175973583087698848
"2380",175973583087698848
"2381",175973583087698848
"2382",175973583087698848
"2383",175973583087698848
"2384",175973583087698848
"2385",175973583087698848
"2386",175973583087698848
"2387",175973583087698848
"2388",2384018253893328896
"2389",3495265448063885312
"2390",175973583087698848
"2391",175973583087698848
"2392",175973583087698848
"2393",4103640711231677952
"2394",175973583087698848
"2395",175973583087698848
"2396",175973583087698848
"2397",2576042553207513088
"2398",175973583087698848
"2399",175973583087698848
"2400",175973583087698848
"2401",1053417838638728704
"2402",175973583087698848
"2403",3495265448063885312
"2404",175973583087698848
"2405",175973583087698848
"2406",1264578029332944640
"2407",4077680080577124864
"2408",1264578029332944640
"2409",1264578029332944640
"2410",6628593138079037440
"2411",4082957363331611648
"2412",1264578029332944640
"2413",1264578029332944640
"2414",1264578029332944640
"2415",1264578029332944640
"2416",1264578029332944640
"2417",1264578029332944640
"2418",1264578029332944640
"2419",1264578029332944640
"2420",1264578029332944640
"2421",1264578029332944640
"2422",4082957363331611648
"2423",1264578029332944640
"2424",1264578029332944640
"2425",1264578029332944640
"2426",1264578029332944640
"2427",1264578029332944640
"2428",1264578029332944640
"2429",2997759762679428096
"2430",1264578029332944640
"2431",12045784600901455872
"2432",2580046867520923136
"2433",177021318792073216
"2434",6344732855384544256
"2435",697900118111531136
"2436",485445124795187264
"2437",177021318792073216
"2438",1133684077024190336
"2439",177021318792073216
"2440",697900118111531136
"2441",697900118111531136
"2442",177021318792073216
"2443",1133684077024190336
"2444",177021318792073216
"2445",907684871316085120
"2446",1218860271354876672
"2447",697900118111531136
"2448",177021318792073216
"2449",177021318792073216
"2450",697900118111531136
"2451",177021318792073216
"2452",475210179224960256
"2453",3764497510619129856
"2454",1579923976785386496
"2455",523283139383221056
"2456",177021318792073216
"2457",1055979059528036096
"2458",3764497510619129856
"2459",177021318792073216
"2460",2794298104377170944
"2461",177021318792073216
"2462",1133684077024190336
"2463",5241963486288978944
"2464",3499929547543758336
"2465",332388663610017344
"2466",1680197444157924608
"2467",3499929547543758336
"2468",1133684077024190336
"2469",1133684077024190336
"2470",1777853959069145856
"2471",475210179224960256
"2472",177021318792073216
"2473",177021318792073216
"2474",5223396035285266432
"2475",1133684077024190336
"2476",1133684077024190336
"2477",177021318792073216
"2478",177021318792073216
"2479",1777853959069145856
"2480",1133684077024190336
"2481",1978704047640083456
"2482",2927142718926120448
"2483",475210179224960256
"2484",422605132070681856
"2485",177021318792073216
"2486",1579923976785386496
"2487",697900118111531136
"2488",1579923976785386496
"2489",800652825202959360
"2490",800652825202959360
"2491",800652825202959360
"2492",800652825202959360
"2493",800652825202959360
"2494",800652825202959360
"2495",800652825202959360
"2496",800652825202959360
"2497",800652825202959360
"2498",800652825202959360
"2499",800652825202959360
"2500",5498382052631938048
"2501",1564691774893946112
"2502",171947186189320416
"2503",1043532840745832448
"2504",414745016358693376
"2505",1043532840745832448
"2506",171947186189320416
"2507",1664488151844255488
"2508",171947186189320416
"2509",1043532840745832448
"2510",171947186189320416
"2511",1564691774893946112
"2512",171947186189320416
"2513",466872973090743808
"2514",171947186189320416
"2515",2413425969963891712
"2516",171947186189320416
"2517",171947186189320416
"2518",171947186189320416
"2519",466872973090743808
"2520",171947186189320416
"2521",171947186189320416
"2522",171947186189320416
"2523",414745016358693376
"2524",171947186189320416
"2525",171947186189320416
"2526",171947186189320416
"2527",171947186189320416
"2528",171947186189320416
"2529",466872973090743808
"2530",171947186189320416
"2531",171947186189320416
"2532",477018219547406976
"2533",52597684535322744
"2534",52597684535322744
"2535",52597684535322744
"2536",52597684535322744
"2537",52597684535322744
"2538",247961907427898656
"2539",52597684535322744
"2540",52597684535322744
"2541",52597684535322744
"2542",52597684535322744
"2543",52597684535322744
"2544",52597684535322744
"2545",52597684535322744
"2546",52597684535322744
"2547",52597684535322744
"2548",52597684535322744
"2549",2820427019092326912
"2550",76175948394433184
"2551",1405442056434314496
"2552",76175948394433184
"2553",76175948394433184
"2554",76175948394433184
"2555",76175948394433184
"2556",76175948394433184
"2557",76175948394433184
"2558",76175948394433184
"2559",76175948394433184
"2560",334828892882730496
"2561",334828892882730496
"2562",76175948394433184
"2563",334828892882730496
"2564",334828892882730496
"2565",76175948394433184
"2566",76175948394433184
"2567",334828892882730496
"2568",76175948394433184
"2569",779458216905388800
"2570",76175948394433184
"2571",76175948394433184
"2572",334828892882730496
"2573",76175948394433184
"2574",334828892882730496
"2575",76175948394433184
"2576",76175948394433184
"2577",334828892882730496
"2578",334828892882730496
"2579",76175948394433184
"2580",4115683988906886144
"2581",4115683988906886144
"2582",76175948394433184
"2583",76175948394433184
"2584",76175948394433184
"2585",76175948394433184
"2586",334828892882730496
"2587",802992213704215936
"2588",802992213704215936
"2589",802992213704215936
"2590",802992213704215936
"2591",5504509812676502528
"2592",802992213704215936
"2593",802992213704215936
"2594",802992213704215936
"2595",802992213704215936
"2596",802992213704215936
"2597",802992213704215936
"2598",802992213704215936
"2599",5504509812676502528
"2600",802992213704215936
"2601",802992213704215936
"2602",802992213704215936
"2603",802992213704215936
"2604",802992213704215936
"2605",802992213704215936
"2606",802992213704215936
"2607",802992213704215936
"2608",802992213704215936
"2609",802992213704215936
"2610",802992213704215936
"2611",802992213704215936
"2612",24271323577347736
"2613",24271323577347736
"2614",91593454723022416
"2615",91593454723022416
"2616",91593454723022416
"2617",91593454723022416
"2618",91593454723022416
"2619",91593454723022416
"2620",91593454723022416
"2621",91593454723022416
"2622",91593454723022416
"2623",91593454723022416
"2624",91593454723022416
"2625",91593454723022416
"2626",91593454723022416
"2627",91593454723022416
"2628",91593454723022416
"2629",91593454723022416
"2630",91593454723022416
"2631",91593454723022416
"2632",91593454723022416
"2633",91593454723022416
"2634",91593454723022416
"2635",91593454723022416
"2636",91593454723022416
"2637",3072009714241675776
"2638",91593454723022416
"2639",91593454723022416
"2640",91593454723022416
"2641",91593454723022416
"2642",91593454723022416
"2643",91593454723022416
"2644",91593454723022416
"2645",91593454723022416
"2646",91593454723022416
"2647",91593454723022416
"2648",91593454723022416
"2649",91593454723022416
"2650",91593454723022416
"2651",91593454723022416
"2652",91593454723022416
"2653",91593454723022416
"2654",91593454723022416
"2655",91593454723022416
"2656",91593454723022416
"2657",91593454723022416
"2658",91593454723022416
"2659",91593454723022416
"2660",91593454723022416
"2661",91593454723022416
"2662",91593454723022416
"2663",91593454723022416
"2664",91593454723022416
"2665",91593454723022416
"2666",91593454723022416
"2667",91593454723022416
"2668",91593454723022416
"2669",91593454723022416
"2670",91593454723022416
"2671",91593454723022416
"2672",91593454723022416
"2673",91593454723022416
"2674",91593454723022416
"2675",91593454723022416
"2676",827214821681882880
"2677",91593454723022416
"2678",91593454723022416
"2679",91593454723022416
"2680",91593454723022416
"2681",91593454723022416
"2682",91593454723022416
"2683",91593454723022416
"2684",91593454723022416
"2685",2102705470148536576
"2686",2102705470148536576
"2687",2102705470148536576
"2688",2102705470148536576
"2689",2102705470148536576
"2690",2102705470148536576
"2691",2102705470148536576
"2692",2102705470148536576
"2693",2102705470148536576
"2694",2102705470148536576
"2695",2102705470148536576
"2696",2102705470148536576
"2697",2102705470148536576
"2698",2102705470148536576
"2699",2102705470148536576
"2700",2102705470148536576
"2701",2102705470148536576
"2702",2102705470148536576
"2703",2102705470148536576
"2704",2102705470148536576
"2705",2102705470148536576
"2706",2102705470148536576
"2707",2102705470148536576
"2708",2102705470148536576
"2709",2102705470148536576
"2710",2102705470148536576
"2711",2102705470148536576
"2712",2102705470148536576
"2713",2102705470148536576
"2714",2102705470148536576
"2715",2102705470148536576
"2716",2102705470148536576
"2717",2102705470148536576
"2718",2102705470148536576
"2719",2102705470148536576
"2720",2102705470148536576
"2721",2102705470148536576
"2722",2102705470148536576
"2723",2102705470148536576
"2724",368290471918233152
"2725",368290471918233152
"2726",368290471918233152
"2727",368290471918233152
"2728",368290471918233152
"2729",368290471918233152
"2730",766474490206198784
"2731",766474490206198784
"2732",368290471918233152
"2733",368290471918233152
"2734",368290471918233152
"2735",368290471918233152
"2736",368290471918233152
"2737",766474490206198784
"2738",368290471918233152
"2739",368290471918233152
"2740",368290471918233152
"2741",368290471918233152
"2742",368290471918233152
"2743",766474490206198784
"2744",368290471918233152
"2745",72154494090964848
"2746",72154494090964848
"2747",72154494090964848
"2748",72154494090964848
"2749",72154494090964848
"2750",72154494090964848
"2751",72154494090964848
"2752",4834077288737081344
"2753",6.7021020737674e+19
"2754",4.88813451109515e+20
"2755",4.85920312421717e+20
"2756",4.7480212053019e+20
"2757",1.45239318827286e+20
"2758",2.52919326660957e+20
"2759",1.01696981119242e+21
"2760",1.99242032437831e+20
"2761",2.10346575941656e+20
"2762",8205421917849888
"2763",4.45869599478635e+20
"2764",2.15386907844581e+20
"2765",1732200830859990528
"2766",18060028392727412
"2767",519256900894464896
"2768",1087039897406250752
"2769",3612603284986621440
"2770",10076140830946283520
"2771",17728749555882577920
"2772",1.47298232975769e+20
"2773",2.84549728929888e+20
"2774",1053869947163029248
"2775",3.49191135265869e+21
"2776",2.03948882162261e+21
"2777",83246974969027149824
"2778",46052642162812706816
"2779",65715399324602941440
"2780",3266247799214361088
"2781",35623008815989702656
"2782",21753404002204430336
"2783",1.61063734514959e+20
"2784",36206925893690892288
"2785",2.21086293199348e+21
"2786",10926716701615489024
"2787",506729246859627712
"2788",5.80625389033404e+21
"2789",2.11491927184997e+21
"2790",4.44277137189783e+21
"2791",32357489509067816960
"2792",2.2173227447924e+21
"2793",5.66976676174273e+21
"2794",1.76554344251593e+20
"2795",2525480980911965696
"2796",454948005985731136
"2797",12409453797309990
