"","influenza_geo"
"1",1055
"2",592
"3",412
"4",1521
"5",1342
"6",1342
"7",361
"8",1559
"9",225
"10",1151
"11",1244
"12",1060
"13",552
"14",361
"15",773
"16",225
"17",361
"18",1599
"19",631
"20",897
"21",1084
"22",666
"23",225
"24",1481
"25",631
"26",1023
"27",1758
"28",257
"29",447
"30",836
"31",447
"32",1327
"33",361
"34",1174
"35",519
"36",361
"37",1578
"38",866
"39",225
"40",447
"41",447
"42",192
"43",225
"44",225
"45",687
"46",719
"47",225
"48",1102
"49",519
"50",192
"51",519
"52",225
"53",1231
"54",225
"55",519
"56",1198
"57",1854
"58",1396
"59",1818
"60",538
"61",984
"62",1626
"63",428
"64",428
"65",428
"66",428
"67",2284
"68",1229
"69",1753
"70",225
"71",391
"72",253
"73",253
"74",253
"75",2017
"76",361
"77",1700
"78",355
"79",1921
"80",613
"81",1927
"82",328
"83",328
"84",328
"85",556
"86",556
"87",556
"88",580
"89",556
"90",551
"91",328
"92",499
"93",1094
"94",1463
"95",447
"96",499
"97",499
"98",660
"99",447
"100",1696
"101",499
"102",1732
"103",1391
"104",660
"105",612
"106",612
"107",612
"108",499
"109",612
"110",1295
"111",660
"112",660
"113",1685
"114",612
"115",604
"116",304
"117",1167
"118",270
"119",1787
"120",604
"121",538
"122",304
"123",304
"124",304
"125",304
"126",304
"127",302
"128",304
"129",304
"130",304
"131",304
"132",304
"133",570
"134",1002
"135",644
"136",225
"137",1466
"138",2210
"139",1543
"140",1507
"141",2110
"142",1182
"143",1099
"144",447
"145",944
"146",225
"147",447
"148",447
"149",1075
"150",499
"151",519
"152",361
"153",412
"154",519
"155",1007
"156",1625
"157",225
"158",78
"159",711
"160",225
"161",1141
"162",225
"163",412
"164",78
"165",225
"166",361
"167",225
"168",1007
"169",519
"170",1007
"171",447
"172",270
"173",612
"174",225
"175",519
"176",942
"177",373
"178",32
"179",848
"180",1532
"181",1556
"182",934
"183",1135
"184",1690
"185",1275
"186",693
"187",1512
"188",1516
"189",1521
"190",947
"191",447
"192",1829
"193",961
"194",499
"195",1550
"196",1563
"197",1691
"198",2003
"199",1700
"200",1512
"201",842
"202",1504
"203",1700
"204",1821
"205",1893
"206",1687
"207",1524
"208",1518
"209",1516
"210",1738
"211",499
"212",1702
"213",1572
"214",950
"215",1532
"216",1617
"217",1160
"218",752
"219",1481
"220",1674
"221",1823
"222",1441
"223",930
"224",586
"225",2015
"226",1701
"227",1702
"228",1539
"229",1582
"230",1449
"231",1702
"232",1198
"233",1517
"234",522
"235",1464
"236",1672
"237",1351
"238",1457
"239",877
"240",447
"241",1517
"242",1712
"243",1957
"244",570
"245",1835
"246",1520
"247",524
"248",1700
"249",1643
"250",1891
"251",1707
"252",1214
"253",1483
"254",1540
"255",1794
"256",1409
"257",1272
"258",1542
"259",1533
"260",1164
"261",1531
"262",151
"263",1306
"264",1306
"265",102
"266",1533
"267",1020
"268",1708
"269",1519
"270",1540
"271",151
"272",1342
"273",1518
"274",1586
"275",1539
"276",241
"277",1323
"278",1580
"279",151
"280",1540
"281",1003
"282",1531
"283",151
"284",1529
"285",1707
"286",1692
"287",2186
"288",1306
"289",151
"290",1302
"291",846
"292",1531
"293",1500
"294",1700
"295",1453
"296",151
"297",1670
"298",102
"299",151
"300",1531
"301",151
"302",1540
"303",1531
"304",1916
"305",1487
"306",1688
"307",474
"308",447
"309",1864
"310",1004
"311",736
"312",693
"313",1728
"314",1702
"315",498
"316",921
"317",1002
"318",92
"319",92
"320",281
"321",1586
"322",92
"323",2120
"324",1332
"325",741
"326",1050
"327",1033
"328",1839
"329",1757
"330",1198
"331",1692
"332",447
"333",447
"334",968
"335",1896
"336",447
"337",1241
"338",597
"339",1324
"340",1234
"341",2144
"342",447
"343",942
"344",447
"345",865
"346",1567
"347",696
"348",1198
"349",464
"350",1299
"351",1672
"352",2257
"353",1117
"354",1515
"355",1058
"356",499
"357",1234
"358",1198
"359",1593
"360",696
"361",961
"362",447
"363",1564
"364",447
"365",1009
"366",1154
"367",1517
"368",1492
"369",447
"370",1189
"371",1300
"372",229
"373",229
"374",64
"375",64
"376",64
"377",64
"378",64
"379",1764
"380",428
"381",428
"382",225
"383",361
"384",361
"385",64
"386",64
"387",817
"388",328
"389",1686
"390",1511
"391",556
"392",1429
"393",328
"394",499
"395",499
"396",597
"397",1060
"398",1030
"399",447
"400",1165
"401",447
"402",660
"403",1027
"404",582
"405",498
"406",612
"407",145
"408",304
"409",304
"410",304
"411",1649
"412",605
"413",1318
"414",1227
"415",638
"416",638
"417",638
"418",638
"419",638
"420",638
"421",1438
"422",638
"423",638
"424",638
"425",638
"426",638
"427",638
"428",638
"429",638
"430",1930
"431",638
"432",638
"433",638
"434",638
"435",638
"436",638
"437",638
"438",638
"439",638
"440",638
"441",638
"442",638
"443",638
"444",638
"445",638
"446",638
"447",638
"448",638
"449",638
"450",638
"451",638
"452",638
"453",638
"454",638
"455",638
"456",638
"457",638
"458",638
"459",638
"460",638
"461",2147
"462",638
"463",1442
"464",1840
"465",1489
"466",1091
"467",1704
"468",1272
"469",638
"470",638
"471",1527
"472",638
"473",638
"474",703
"475",1584
"476",1515
"477",1510
"478",638
"479",638
"480",638
"481",638
"482",638
"483",757
"484",1827
"485",1700
"486",638
"487",638
"488",638
"489",638
"490",638
"491",638
"492",638
"493",638
"494",638
"495",638
"496",638
"497",638
"498",638
"499",638
"500",638
"501",638
"502",638
"503",638
"504",638
"505",638
"506",638
"507",638
"508",638
"509",638
"510",1008
"511",638
"512",638
"513",638
"514",638
"515",638
"516",638
"517",638
"518",638
"519",638
"520",638
"521",638
"522",778
"523",638
"524",638
"525",638
"526",638
"527",638
"528",638
"529",638
"530",638
"531",638
"532",638
"533",638
"534",638
"535",638
"536",638
"537",638
"538",638
"539",638
"540",638
"541",763
"542",947
"543",638
"544",638
"545",638
"546",2171
"547",1877
"548",638
"549",1800
"550",638
"551",1414
"552",638
"553",638
"554",1527
"555",638
"556",638
"557",638
"558",638
"559",638
"560",638
"561",638
"562",638
"563",638
"564",638
"565",638
"566",638
"567",1135
"568",671
"569",1427
"570",302
"571",257
"572",1841
"573",1548
"574",755
"575",1811
"576",1871
"577",1573
"578",1420
"579",1376
"580",1490
"581",1669
"582",1785
"583",1306
"584",795
"585",1274
"586",1209
"587",1220
"588",1269
"589",257
"590",1855
"591",824
"592",1745
"593",947
"594",592
"595",1299
"596",93
"597",740
"598",1170
"599",1585
"600",1506
"601",1028
"602",1051
"603",78
"604",457
"605",1189
"606",1575
"607",78
"608",1543
"609",1561
"610",729
"611",1628
"612",78
"613",78
"614",1096
"615",1136
"616",1303
"617",614
"618",1352
"619",965
"620",644
"621",819
"622",1210
"623",1292
"624",1699
"625",1991
"626",965
"627",648
"628",1382
"629",1189
"630",693
"631",1174
"632",668
"633",1593
"634",1326
"635",1196
"636",441
"637",1118
"638",946
"639",1303
"640",2180
"641",441
"642",965
"643",817
"644",1196
"645",620
"646",946
"647",644
"648",1119
"649",965
"650",965
"651",965
"652",965
"653",1144
"654",441
"655",594
"656",640
"657",965
"658",620
"659",1533
"660",412
"661",1303
"662",946
"663",965
"664",946
"665",1292
"666",644
"667",478
"668",965
"669",1747
"670",1200
"671",1232
"672",356
"673",983
"674",714
"675",2180
"676",1350
"677",356
"678",356
"679",620
"680",1327
"681",946
"682",620
"683",620
"684",412
"685",1909
"686",1567
"687",1689
"688",412
"689",784
"690",1343
"691",476
"692",848
"693",656
"694",620
"695",1881
"696",222
"697",192
"698",611
"699",574
"700",276
"701",276
"702",1426
"703",1585
"704",1344
"705",1468
"706",874
"707",192
"708",276
"709",621
"710",1483
"711",1417
"712",1741
"713",765
"714",791
"715",765
"716",1316
"717",302
"718",1634
"719",976
"720",1361
"721",997
"722",1769
"723",1599
"724",1529
"725",276
"726",1419
"727",1479
"728",276
"729",1383
"730",1407
"731",276
"732",1360
"733",1324
"734",276
"735",276
"736",1555
"737",748
"738",731
"739",877
"740",1157
"741",192
"742",1305
"743",276
"744",276
"745",731
"746",192
"747",1007
"748",276
"749",276
"750",856
"751",302
"752",192
"753",276
"754",192
"755",276
"756",713
"757",276
"758",192
"759",276
"760",1040
"761",192
"762",908
"763",276
"764",577
"765",1346
"766",570
"767",557
"768",1364
"769",765
"770",302
"771",1617
"772",1960
"773",192
"774",707
"775",610
"776",276
"777",609
"778",827
"779",1768
"780",1415
"781",276
"782",1526
"783",381
"784",276
"785",969
"786",765
"787",1646
"788",1629
"789",1711
"790",276
"791",1139
"792",1286
"793",746
"794",887
"795",983
"796",777
"797",700
"798",270
"799",270
"800",911
"801",192
"802",1142
"803",1401
"804",765
"805",1344
"806",302
"807",557
"808",416
"809",192
"810",1846
"811",468
"812",192
"813",942
"814",192
"815",192
"816",447
"817",1411
"818",447
"819",524
"820",447
"821",270
"822",632
"823",270
"824",270
"825",270
"826",225
"827",225
"828",872
"829",497
"830",1428
"831",1285
"832",1410
"833",1325
"834",1312
"835",1252
"836",906
"837",1181
"838",1868
"839",1006
"840",636
"841",1520
"842",1197
"843",1119
"844",906
"845",1656
"846",1586
"847",906
"848",1889
"849",361
"850",906
"851",1627
"852",2140
"853",1196
"854",1855
"855",793
"856",2128
"857",1475
"858",588
"859",361
"860",1896
"861",1213
"862",992
"863",1145
"864",578
"865",906
"866",550
"867",1276
"868",753
"869",1325
"870",1835
"871",1954
"872",952
"873",361
"874",637
"875",1158
"876",1502
"877",906
"878",906
"879",836
"880",1847
"881",1053
"882",918
"883",753
"884",952
"885",1215
"886",1637
"887",753
"888",1017
"889",491
"890",646
"891",906
"892",906
"893",1735
"894",637
"895",617
"896",875
"897",897
"898",681
"899",2125
"900",361
"901",802
"902",396
"903",802
"904",802
"905",396
"906",564
"907",564
"908",802
"909",396
"910",784
"911",584
"912",396
"913",1153
"914",584
"915",769
"916",671
"917",450
"918",396
"919",784
"920",769
"921",564
"922",1241
"923",612
"924",784
"925",584
"926",1946
"927",1039
"928",1545
"929",396
"930",564
"931",564
"932",889
"933",1582
"934",396
"935",564
"936",396
"937",1029
"938",802
"939",769
"940",820
"941",612
"942",564
"943",784
"944",396
"945",396
"946",784
"947",396
"948",1683
"949",860
"950",759
"951",425
"952",208
"953",397
"954",982
"955",480
"956",934
"957",130
"958",898
"959",130
"960",1259
"961",130
"962",130
"963",490
"964",210
"965",657
"966",1060
"967",111
"968",111
"969",111
"970",1060
"971",111
"972",111
"973",752
"974",945
"975",945
"976",111
"977",1244
"978",258
"979",111
"980",111
"981",335
"982",646
"983",820
"984",130
"985",130
"986",130
"987",928
"988",130
"989",130
"990",111
"991",111
"992",111
"993",111
"994",115
"995",236
"996",115
"997",142
"998",115
"999",142
"1000",115
"1001",115
"1002",142
"1003",486
"1004",115
"1005",557
"1006",115
"1007",115
"1008",115
"1009",115
"1010",684
"1011",115
"1012",115
"1013",586
"1014",115
"1015",115
"1016",843
"1017",322
"1018",115
"1019",387
"1020",785
"1021",772
"1022",1056
"1023",115
"1024",493
"1025",115
"1026",769
"1027",115
"1028",506
"1029",369
"1030",115
"1031",115
"1032",665
"1033",460
"1034",115
"1035",115
"1036",159
"1037",1200
"1038",159
"1039",602
"1040",501
"1041",1726
"1042",1207
"1043",159
"1044",602
"1045",231
"1046",583
"1047",465
"1048",392
"1049",159
"1050",231
"1051",159
"1052",1162
"1053",370
"1054",370
"1055",1201
"1056",159
"1057",463
"1058",630
"1059",159
"1060",827
"1061",497
"1062",1876
"1063",602
"1064",1179
"1065",1090
"1066",1149
"1067",159
"1068",1145
"1069",465
"1070",599
"1071",159
"1072",359
"1073",359
"1074",476
"1075",359
"1076",456
"1077",359
"1078",450
"1079",961
"1080",177
"1081",825
"1082",476
"1083",177
"1084",177
"1085",359
"1086",464
"1087",359
"1088",177
"1089",1392
"1090",359
"1091",951
"1092",1048
"1093",582
"1094",177
"1095",359
"1096",596
"1097",351
"1098",351
"1099",1426
"1100",754
"1101",1510
"1102",874
"1103",982
"1104",871
"1105",848
"1106",1327
"1107",351
"1108",1041
"1109",351
"1110",528
"1111",933
"1112",351
"1113",351
"1114",596
"1115",351
"1116",351
"1117",351
"1118",351
"1119",351
"1120",351
"1121",351
"1122",351
"1123",1383
"1124",226
"1125",351
"1126",351
"1127",351
"1128",754
"1129",351
"1130",351
"1131",351
"1132",351
"1133",351
"1134",351
"1135",351
"1136",933
"1137",351
"1138",620
"1139",85
"1140",85
"1141",360
"1142",734
"1143",888
"1144",85
"1145",85
"1146",85
"1147",1104
"1148",226
"1149",226
"1150",226
"1151",226
"1152",226
"1153",226
"1154",226
"1155",923
"1156",85
"1157",85
"1158",85
"1159",465
"1160",428
"1161",428
"1162",428
"1163",839
"1164",428
"1165",687
"1166",556
"1167",428
"1168",428
"1169",687
"1170",428
"1171",327
"1172",327
"1173",327
"1174",327
"1175",327
"1176",327
"1177",327
"1178",327
"1179",327
"1180",327
"1181",327
"1182",630
"1183",428
"1184",428
"1185",428
"1186",428
"1187",428
"1188",428
"1189",556
"1190",810
"1191",428
"1192",428
"1193",428
"1194",428
"1195",601
"1196",327
"1197",327
"1198",327
"1199",327
"1200",327
"1201",626
"1202",327
"1203",1206
"1204",327
"1205",1215
"1206",327
"1207",157
"1208",533
"1209",1058
"1210",157
"1211",1424
"1212",1196
"1213",771
"1214",1050
"1215",771
"1216",1042
"1217",1978
"1218",1518
"1219",1962
"1220",771
"1221",771
"1222",638
"1223",638
"1224",987
"1225",987
"1226",638
"1227",1581
"1228",638
"1229",638
"1230",1464
"1231",921
"1232",638
"1233",638
"1234",1411
"1235",638
"1236",1871
"1237",1231
"1238",1001
"1239",1998
"1240",638
"1241",2013
"1242",1737
"1243",1465
"1244",1659
"1245",638
"1246",1172
"1247",638
"1248",1696
"1249",1507
"1250",1001
"1251",870
"1252",638
"1253",638
"1254",1358
"1255",2399
"1256",638
"1257",1518
"1258",1431
"1259",1632
"1260",1061
"1261",638
"1262",638
"1263",638
"1264",638
"1265",638
"1266",638
"1267",638
"1268",638
"1269",778
"1270",638
"1271",638
"1272",1552
"1273",1280
"1274",713
"1275",1805
"1276",145
"1277",1887
"1278",1348
"1279",1791
"1280",556
"1281",1095
"1282",556
"1283",351
"1284",720
"1285",839
"1286",1436
"1287",97
"1288",924
"1289",1718
"1290",116
"1291",428
"1292",116
"1293",1183
"1294",1016
"1295",734
"1296",1399
"1297",428
"1298",428
"1299",999
"1300",1445
"1301",982
"1302",145
"1303",64
"1304",1548
"1305",592
"1306",950
"1307",1048
"1308",1327
"1309",1115
"1310",1204
"1311",145
"1312",1257
"1313",1372
"1314",607
"1315",489
"1316",351
"1317",351
"1318",754
"1319",1723
"1320",426
"1321",97
"1322",145
"1323",787
"1324",1550
"1325",1493
"1326",838
"1327",351
"1328",428
"1329",428
"1330",1246
"1331",1782
"1332",1585
"1333",556
"1334",1343
"1335",1213
"1336",1069
"1337",1727
"1338",1818
"1339",754
"1340",1649
"1341",574
"1342",1517
"1343",1500
"1344",327
"1345",116
"1346",1080
"1347",1220
"1348",720
"1349",428
"1350",782
"1351",428
"1352",428
"1353",797
"1354",1498
"1355",327
"1356",1277
"1357",1384
"1358",1733
"1359",556
"1360",754
"1361",933
"1362",97
"1363",1165
"1364",754
"1365",428
"1366",720
"1367",71
"1368",1758
"1369",689
"1370",1620
"1371",1815
"1372",556
"1373",1757
"1374",1306
"1375",1522
"1376",428
"1377",514
"1378",574
"1379",1884
"1380",710
"1381",116
"1382",2131
"1383",1353
"1384",1605
"1385",1344
"1386",1334
"1387",2104
"1388",97
"1389",556
"1390",1572
"1391",1564
"1392",845
"1393",1453
"1394",1658
"1395",1007
"1396",1187
"1397",1314
"1398",1165
"1399",1524
"1400",1983
"1401",779
"1402",351
"1403",116
"1404",1555
"1405",1227
"1406",428
"1407",1737
"1408",1887
"1409",1377
"1410",394
"1411",783
"1412",1611
"1413",64
"1414",1072
"1415",993
"1416",1385
"1417",806
"1418",327
"1419",703
"1420",1700
"1421",1262
"1422",1664
"1423",428
"1424",710
"1425",1272
"1426",2023
"1427",71
"1428",428
"1429",71
"1430",574
"1431",276
"1432",783
"1433",1503
"1434",2054
"1435",710
"1436",1344
"1437",1440
"1438",1314
"1439",754
"1440",754
"1441",351
"1442",226
"1443",428
"1444",870
"1445",351
"1446",64
"1447",351
"1448",71
"1449",673
"1450",428
"1451",116
"1452",1566
"1453",1308
"1454",1467
"1455",116
"1456",556
"1457",116
"1458",885
"1459",574
"1460",351
"1461",116
"1462",1115
"1463",1903
"1464",327
"1465",1620
"1466",574
"1467",351
"1468",394
"1469",351
"1470",414
"1471",1016
"1472",710
"1473",351
"1474",71
"1475",1268
"1476",520
"1477",1253
"1478",428
"1479",646
"1480",351
"1481",1224
"1482",351
"1483",327
"1484",1224
"1485",933
"1486",42
"1487",351
"1488",97
"1489",351
"1490",97
"1491",710
"1492",1278
"1493",1127
"1494",351
"1495",71
"1496",351
"1497",619
"1498",1378
"1499",97
"1500",351
"1501",351
"1502",42
"1503",327
"1504",633
"1505",351
"1506",754
"1507",116
"1508",351
"1509",64
"1510",97
"1511",351
"1512",1532
"1513",620
"1514",1621
"1515",428
"1516",145
"1517",933
"1518",428
"1519",327
"1520",351
"1521",1211
"1522",116
"1523",351
"1524",116
"1525",467
"1526",946
"1527",116
"1528",1507
"1529",1372
"1530",933
"1531",327
"1532",704
"1533",368
"1534",1096
"1535",519
"1536",116
"1537",1366
"1538",428
"1539",351
"1540",1554
"1541",704
"1542",428
"1543",703
"1544",97
"1545",1435
"1546",1539
"1547",428
"1548",428
"1549",428
"1550",754
"1551",1981
"1552",97
"1553",1496
"1554",1641
"1555",447
"1556",356
"1557",428
"1558",428
"1559",1443
"1560",1547
"1561",428
"1562",1833
"1563",1204
"1564",1729
"1565",1818
"1566",428
"1567",1566
"1568",1288
"1569",351
"1570",97
"1571",428
"1572",1030
"1573",713
"1574",116
"1575",1154
"1576",740
"1577",703
"1578",1017
"1579",1355
"1580",423
"1581",1162
"1582",1977
"1583",1926
"1584",1797
"1585",116
"1586",1354
"1587",641
"1588",97
"1589",1314
"1590",71
"1591",2025
"1592",1630
"1593",720
"1594",1496
"1595",1562
"1596",1777
"1597",71
"1598",839
"1599",428
"1600",995
"1601",754
"1602",817
"1603",428
"1604",428
"1605",116
"1606",145
"1607",428
"1608",2174
"1609",2103
"1610",428
"1611",968
"1612",116
"1613",1098
"1614",1381
"1615",97
"1616",226
"1617",754
"1618",351
"1619",754
"1620",898
"1621",71
"1622",394
"1623",1121
"1624",428
"1625",890
"1626",703
"1627",116
"1628",351
"1629",1130
"1630",428
"1631",2218
"1632",1439
"1633",226
"1634",116
"1635",754
"1636",950
"1637",145
"1638",870
"1639",870
"1640",351
"1641",1280
"1642",327
"1643",116
"1644",666
"1645",145
"1646",1057
"1647",428
"1648",351
"1649",596
"1650",71
"1651",428
"1652",226
"1653",1089
"1654",1580
"1655",1483
"1656",673
"1657",116
"1658",1070
"1659",1268
"1660",97
"1661",754
"1662",1235
"1663",116
"1664",428
"1665",736
"1666",1542
"1667",327
"1668",42
"1669",955
"1670",1652
"1671",965
"1672",751
"1673",1274
"1674",1309
"1675",870
"1676",351
"1677",97
"1678",720
"1679",476
"1680",42
"1681",377
"1682",428
"1683",1170
"1684",784
"1685",428
"1686",1512
"1687",720
"1688",716
"1689",351
"1690",64
"1691",64
"1692",428
"1693",574
"1694",116
"1695",116
"1696",1024
"1697",1529
"1698",356
"1699",1311
"1700",754
"1701",71
"1702",145
"1703",754
"1704",692
"1705",1386
"1706",116
"1707",145
"1708",300
"1709",116
"1710",428
"1711",327
"1712",71
"1713",351
"1714",620
"1715",870
"1716",768
"1717",1268
"1718",42
"1719",657
"1720",428
"1721",1380
"1722",351
"1723",1332
"1724",351
"1725",1159
"1726",116
"1727",946
"1728",116
"1729",1237
"1730",351
"1731",226
"1732",226
"1733",71
"1734",351
"1735",655
"1736",226
"1737",428
"1738",428
"1739",97
"1740",71
"1741",145
"1742",428
"1743",1581
"1744",145
"1745",351
"1746",351
"1747",327
"1748",1053
"1749",1150
"1750",754
"1751",999
"1752",1054
"1753",1024
"1754",1687
"1755",1497
"1756",619
"1757",1513
"1758",428
"1759",428
"1760",71
"1761",746
"1762",596
"1763",447
"1764",356
"1765",351
"1766",97
"1767",620
"1768",870
"1769",351
"1770",327
"1771",226
"1772",999
"1773",754
"1774",720
"1775",116
"1776",428
"1777",116
"1778",327
"1779",351
"1780",270
"1781",116
"1782",619
"1783",351
"1784",1122
"1785",7
"1786",428
"1787",754
"1788",428
"1789",1059
"1790",387
"1791",356
"1792",351
"1793",351
"1794",946
"1795",428
"1796",351
"1797",933
"1798",116
"1799",777
"1800",1061
"1801",428
"1802",276
"1803",596
"1804",704
"1805",428
"1806",428
"1807",638
"1808",1351
"1809",428
"1810",1478
"1811",428
"1812",1080
"1813",351
"1814",1977
"1815",1275
"1816",351
"1817",351
"1818",351
"1819",396
"1820",734
"1821",116
"1822",145
"1823",71
"1824",1530
"1825",1511
"1826",1009
"1827",351
"1828",848
"1829",1218
"1830",71
"1831",1392
"1832",428
"1833",574
"1834",931
"1835",428
"1836",754
"1837",933
"1838",351
"1839",620
"1840",890
"1841",445
"1842",673
"1843",623
"1844",638
"1845",145
"1846",1325
"1847",428
"1848",980
"1849",2238
"1850",145
"1851",351
"1852",351
"1853",596
"1854",351
"1855",428
"1856",64
"1857",116
"1858",574
"1859",1049
"1860",428
"1861",700
"1862",1436
"1863",71
"1864",327
"1865",428
"1866",754
"1867",428
"1868",710
"1869",116
"1870",356
"1871",71
"1872",1321
"1873",1328
"1874",1520
"1875",1510
"1876",1494
"1877",1311
"1878",1518
"1879",2113
"1880",1520
"1881",1965
"1882",1520
"1883",1925
"1884",1318
"1885",1511
"1886",113
"1887",1660
"1888",1526
"1889",1146
"1890",157
"1891",1046
"1892",1319
"1893",1302
"1894",1050
"1895",1526
"1896",1518
"1897",1518
"1898",1283
"1899",1319
"1900",1007
"1901",990
"1902",1645
"1903",638
"1904",407
"1905",1270
"1906",157
"1907",157
"1908",1056
"1909",1319
"1910",1250
"1911",157
"1912",1604
"1913",701
"1914",72
"1915",72
"1916",72
"1917",1400
"1918",72
"1919",1439
"1920",72
"1921",1050
"1922",368
"1923",1497
"1924",1815
"1925",1175
"1926",1050
"1927",1448
"1928",1231
"1929",787
"1930",764
"1931",1282
"1932",1002
"1933",1030
"1934",1290
"1935",1507
"1936",1195
"1937",1155
"1938",476
"1939",1040
"1940",734
"1941",1507
"1942",1528
"1943",1313
"1944",1275
"1945",1507
"1946",1050
"1947",1867
"1948",1088
"1949",1496
"1950",1155
"1951",1460
"1952",1050
"1953",1651
"1954",1136
"1955",1380
"1956",1673
"1957",1069
"1958",1308
"1959",1275
"1960",787
"1961",1475
"1962",1275
"1963",937
"1964",1244
"1965",368
"1966",368
"1967",1050
"1968",368
"1969",368
"1970",1174
"1971",368
"1972",962
"1973",1002
"1974",1030
"1975",368
"1976",1194
"1977",534
"1978",1047
"1979",1244
"1980",1734
"1981",1082
"1982",734
"1983",1082
"1984",1355
"1985",1068
"1986",1282
"1987",1507
"1988",368
"1989",2065
"1990",619
"1991",619
"1992",619
"1993",619
"1994",1102
"1995",619
"1996",993
"1997",993
"1998",876
"1999",619
"2000",993
"2001",1024
"2002",839
"2003",1033
"2004",876
"2005",839
"2006",619
"2007",619
"2008",1249
"2009",839
"2010",1493
"2011",1231
"2012",1253
"2013",619
"2014",1517
"2015",839
"2016",993
"2017",1271
"2018",839
"2019",619
"2020",891
"2021",1033
"2022",993
"2023",619
"2024",1271
"2025",1253
"2026",1272
"2027",1271
"2028",619
"2029",619
"2030",1058
"2031",993
"2032",993
"2033",1239
"2034",993
"2035",1033
"2036",993
"2037",1423
"2038",619
"2039",1291
"2040",839
"2041",1493
"2042",885
"2043",1271
"2044",993
"2045",839
"2046",1435
"2047",1257
"2048",876
"2049",619
"2050",1378
"2051",1773
"2052",993
"2053",1483
"2054",928
"2055",1218
"2056",1253
"2057",1589
"2058",1033
"2059",885
"2060",839
"2061",993
"2062",1237
"2063",1033
"2064",1170
"2065",1237
"2066",891
"2067",993
"2068",619
"2069",1224
"2070",839
"2071",1218
"2072",859
"2073",619
"2074",1300
"2075",876
"2076",619
"2077",1250
"2078",839
"2079",993
"2080",974
"2081",619
"2082",993
"2083",1218
"2084",1152
"2085",839
"2086",993
"2087",718
"2088",1119
"2089",619
"2090",619
"2091",619
"2092",993
"2093",619
"2094",619
"2095",619
"2096",619
"2097",619
"2098",1257
"2099",1237
"2100",839
"2101",839
"2102",619
"2103",1126
"2104",619
"2105",619
"2106",1443
"2107",619
"2108",1111
"2109",619
"2110",996
"2111",885
"2112",688
"2113",1337
"2114",619
"2115",839
"2116",839
"2117",1863
"2118",619
"2119",1127
"2120",619
"2121",993
"2122",839
"2123",839
"2124",1128
"2125",859
"2126",1237
"2127",688
"2128",1237
"2129",993
"2130",729
"2131",704
"2132",704
"2133",704
"2134",704
"2135",704
"2136",1060
"2137",704
"2138",952
"2139",893
"2140",704
"2141",936
"2142",952
"2143",1126
"2144",704
"2145",704
"2146",1118
"2147",1242
"2148",936
"2149",1340
"2150",1165
"2151",1112
"2152",704
"2153",955
"2154",1321
"2155",704
"2156",893
"2157",834
"2158",955
"2159",704
"2160",704
"2161",704
"2162",893
"2163",1118
"2164",952
"2165",704
"2166",952
"2167",955
"2168",893
"2169",1465
"2170",704
"2171",704
"2172",1283
"2173",893
"2174",704
"2175",893
"2176",1275
"2177",704
"2178",1047
"2179",704
"2180",1218
"2181",704
"2182",1144
"2183",1726
"2184",704
"2185",936
"2186",952
"2187",1202
"2188",1198
"2189",704
"2190",2065
"2191",704
"2192",1028
"2193",704
"2194",704
"2195",952
"2196",990
"2197",893
"2198",893
"2199",1213
"2200",923
"2201",704
"2202",952
"2203",704
"2204",704
"2205",1160
"2206",704
"2207",704
"2208",976
"2209",893
"2210",1275
"2211",1028
"2212",952
"2213",704
"2214",704
"2215",952
"2216",767
"2217",1040
"2218",704
"2219",952
"2220",1926
"2221",952
"2222",893
"2223",1141
"2224",893
"2225",704
"2226",893
"2227",893
"2228",574
"2229",574
"2230",574
"2231",770
"2232",574
"2233",574
"2234",574
"2235",574
"2236",1008
"2237",782
"2238",574
"2239",782
"2240",574
"2241",1013
"2242",1253
"2243",1536
"2244",817
"2245",574
"2246",574
"2247",574
"2248",952
"2249",574
"2250",574
"2251",574
"2252",574
"2253",782
"2254",574
"2255",817
"2256",574
"2257",574
"2258",987
"2259",574
"2260",574
"2261",817
"2262",574
"2263",574
"2264",574
"2265",782
"2266",574
"2267",574
"2268",817
"2269",574
"2270",574
"2271",1018
"2272",574
"2273",574
"2274",574
"2275",574
"2276",574
"2277",574
"2278",1102
"2279",574
"2280",574
"2281",782
"2282",574
"2283",574
"2284",574
"2285",574
"2286",574
"2287",782
"2288",574
"2289",574
"2290",782
"2291",574
"2292",574
"2293",574
"2294",574
"2295",574
"2296",1018
"2297",574
"2298",574
"2299",574
"2300",574
"2301",574
"2302",574
"2303",1189
"2304",1013
"2305",574
"2306",574
"2307",574
"2308",574
"2309",574
"2310",574
"2311",574
"2312",574
"2313",574
"2314",574
"2315",574
"2316",574
"2317",574
"2318",574
"2319",574
"2320",574
"2321",574
"2322",574
"2323",574
"2324",574
"2325",574
"2326",574
"2327",574
"2328",782
"2329",782
"2330",782
"2331",412
"2332",762
"2333",614
"2334",412
"2335",800
"2336",412
"2337",536
"2338",412
"2339",412
"2340",412
"2341",648
"2342",412
"2343",412
"2344",1241
"2345",735
"2346",412
"2347",412
"2348",412
"2349",412
"2350",412
"2351",412
"2352",614
"2353",412
"2354",979
"2355",412
"2356",412
"2357",987
"2358",412
"2359",412
"2360",937
"2361",412
"2362",614
"2363",412
"2364",412
"2365",412
"2366",987
"2367",412
"2368",536
"2369",979
"2370",412
"2371",536
"2372",412
"2373",979
"2374",987
"2375",562
"2376",412
"2377",1200
"2378",412
"2379",412
"2380",412
"2381",412
"2382",412
"2383",412
"2384",412
"2385",412
"2386",412
"2387",412
"2388",947
"2389",987
"2390",412
"2391",412
"2392",412
"2393",1156
"2394",412
"2395",412
"2396",412
"2397",979
"2398",412
"2399",412
"2400",412
"2401",741
"2402",412
"2403",987
"2404",412
"2405",412
"2406",638
"2407",715
"2408",638
"2409",638
"2410",1001
"2411",763
"2412",638
"2413",638
"2414",638
"2415",638
"2416",638
"2417",638
"2418",638
"2419",638
"2420",638
"2421",638
"2422",763
"2423",638
"2424",638
"2425",638
"2426",638
"2427",638
"2428",638
"2429",921
"2430",638
"2431",1047
"2432",983
"2433",396
"2434",1194
"2435",546
"2436",548
"2437",396
"2438",623
"2439",396
"2440",546
"2441",546
"2442",396
"2443",623
"2444",396
"2445",750
"2446",631
"2447",546
"2448",396
"2449",396
"2450",546
"2451",396
"2452",519
"2453",933
"2454",779
"2455",658
"2456",396
"2457",697
"2458",933
"2459",396
"2460",882
"2461",396
"2462",623
"2463",1131
"2464",988
"2465",501
"2466",773
"2467",988
"2468",623
"2469",623
"2470",704
"2471",519
"2472",396
"2473",396
"2474",1101
"2475",623
"2476",623
"2477",396
"2478",396
"2479",704
"2480",623
"2481",870
"2482",866
"2483",519
"2484",497
"2485",396
"2486",779
"2487",546
"2488",779
"2489",377
"2490",377
"2491",377
"2492",377
"2493",377
"2494",377
"2495",377
"2496",377
"2497",377
"2498",377
"2499",377
"2500",781
"2501",749
"2502",361
"2503",666
"2504",462
"2505",666
"2506",361
"2507",751
"2508",361
"2509",666
"2510",361
"2511",749
"2512",361
"2513",489
"2514",361
"2515",974
"2516",361
"2517",361
"2518",361
"2519",489
"2520",361
"2521",361
"2522",361
"2523",462
"2524",361
"2525",361
"2526",361
"2527",361
"2528",361
"2529",489
"2530",361
"2531",361
"2532",522
"2533",225
"2534",225
"2535",225
"2536",225
"2537",225
"2538",393
"2539",225
"2540",225
"2541",225
"2542",225
"2543",225
"2544",225
"2545",225
"2546",225
"2547",225
"2548",225
"2549",842
"2550",257
"2551",783
"2552",257
"2553",257
"2554",257
"2555",257
"2556",257
"2557",257
"2558",257
"2559",257
"2560",467
"2561",467
"2562",257
"2563",467
"2564",467
"2565",257
"2566",257
"2567",467
"2568",257
"2569",597
"2570",257
"2571",257
"2572",467
"2573",257
"2574",467
"2575",257
"2576",257
"2577",467
"2578",467
"2579",257
"2580",1036
"2581",1036
"2582",257
"2583",257
"2584",257
"2585",257
"2586",467
"2587",394
"2588",394
"2589",394
"2590",394
"2591",777
"2592",394
"2593",394
"2594",394
"2595",394
"2596",394
"2597",394
"2598",394
"2599",777
"2600",394
"2601",394
"2602",394
"2603",394
"2604",394
"2605",394
"2606",394
"2607",394
"2608",394
"2609",394
"2610",394
"2611",394
"2612",192
"2613",192
"2614",356
"2615",356
"2616",356
"2617",356
"2618",356
"2619",356
"2620",356
"2621",356
"2622",356
"2623",356
"2624",356
"2625",356
"2626",356
"2627",356
"2628",356
"2629",356
"2630",356
"2631",356
"2632",356
"2633",356
"2634",356
"2635",356
"2636",356
"2637",958
"2638",356
"2639",356
"2640",356
"2641",356
"2642",356
"2643",356
"2644",356
"2645",356
"2646",356
"2647",356
"2648",356
"2649",356
"2650",356
"2651",356
"2652",356
"2653",356
"2654",356
"2655",356
"2656",356
"2657",356
"2658",356
"2659",356
"2660",356
"2661",356
"2662",356
"2663",356
"2664",356
"2665",356
"2666",356
"2667",356
"2668",356
"2669",356
"2670",356
"2671",356
"2672",356
"2673",356
"2674",356
"2675",356
"2676",699
"2677",356
"2678",356
"2679",356
"2680",356
"2681",356
"2682",356
"2683",356
"2684",356
"2685",720
"2686",720
"2687",720
"2688",720
"2689",720
"2690",720
"2691",720
"2692",720
"2693",720
"2694",720
"2695",720
"2696",720
"2697",720
"2698",720
"2699",720
"2700",720
"2701",720
"2702",720
"2703",720
"2704",720
"2705",720
"2706",720
"2707",720
"2708",720
"2709",720
"2710",720
"2711",720
"2712",720
"2713",720
"2714",720
"2715",720
"2716",720
"2717",720
"2718",720
"2719",720
"2720",720
"2721",720
"2722",720
"2723",720
"2724",447
"2725",447
"2726",447
"2727",447
"2728",447
"2729",447
"2730",582
"2731",582
"2732",447
"2733",447
"2734",447
"2735",447
"2736",447
"2737",582
"2738",447
"2739",447
"2740",447
"2741",447
"2742",447
"2743",582
"2744",447
"2745",270
"2746",270
"2747",270
"2748",270
"2749",270
"2750",270
"2751",270
"2752",2769
"2753",2753
"2754",2792
"2755",2790
"2756",2790
"2757",2790
"2758",2779
"2759",2794
"2760",2765
"2761",2772
"2762",1157
"2763",2795
"2764",2783
"2765",2597
"2766",1783
"2767",2291
"2768",2597
"2769",2626
"2770",2720
"2771",2762
"2772",2772
"2773",2727
"2774",2652
"2775",2792
"2776",2792
"2777",2641
"2778",2615
"2779",2753
"2780",2739
"2781",2745
"2782",2689
"2783",2716
"2784",2774
"2785",2792
"2786",2679
"2787",2663
"2788",2796
"2789",2794
"2790",2796
"2791",2557
"2792",2793
"2793",2794
"2794",2709
"2795",2601
"2796",2479
"2797",1339
