"","influenza_bet"
"1",0.00017587428248976
"2",7.40930292960665e-05
"3",0
"4",0.000491958999331281
"5",0.000626617113453415
"6",0.000626617113453415
"7",0
"8",0.00115021859333339
"9",0
"10",0.000330426780909418
"11",0.000461881418125945
"12",0.000530386168925269
"13",3.37114701498168e-05
"14",0
"15",6.5889996918995e-05
"16",0
"17",0
"18",0.00137826027003422
"19",3.80937465977766e-05
"20",0.000254944132455924
"21",0.000265111145056344
"22",2.71313209060241e-05
"23",0
"24",0.00137077615395063
"25",3.80937465977766e-05
"26",0.000790527714527665
"27",0.00157430823973044
"28",0
"29",0
"30",0.000206082664754223
"31",0
"32",0.000457947257967174
"33",0
"34",0.000542541700461188
"35",1.44326993853001e-05
"36",0
"37",0.00111528064769628
"38",0.000116682365037496
"39",0
"40",0
"41",0
"42",0
"43",0
"44",0
"45",7.89045173572458e-05
"46",0.000124342606040625
"47",0
"48",0.000229458226093363
"49",1.44326993853001e-05
"50",0
"51",1.44326993853001e-05
"52",0
"53",0.000756075019435676
"54",0
"55",1.44326993853001e-05
"56",0.000833454531932177
"57",0.00362778308947394
"58",0.00181753493903722
"59",0.00294611179113568
"60",0.000299869755215168
"61",6.51768828114058e-05
"62",0.00096003582673827
"63",0
"64",0
"65",0
"66",0
"67",0.00448407108465691
"68",0.000543962552150947
"69",0.00123530582633488
"70",0
"71",3.00926124099592e-05
"72",5.94412794177031e-05
"73",5.94412794177031e-05
"74",5.94412794177031e-05
"75",0.00233176029283991
"76",0
"77",0.000835267528343116
"78",0.000100484241184629
"79",0.00420396999741019
"80",0.000280180094719374
"81",0.00487089660353166
"82",2.83452238943144e-06
"83",2.83452238943144e-06
"84",2.83452238943144e-06
"85",3.04164645220647e-05
"86",3.04164645220647e-05
"87",3.04164645220647e-05
"88",0.000264476246465559
"89",3.04164645220647e-05
"90",3.52008700046657e-05
"91",2.83452238943144e-06
"92",1.73639209077554e-05
"93",0.000599674786052646
"94",0.000949167562908191
"95",0
"96",1.73639209077554e-05
"97",1.73639209077554e-05
"98",0.000178279356214549
"99",0
"100",0.000694691377598797
"101",1.73639209077554e-05
"102",0.00109817926899283
"103",0.00187556075734418
"104",0.000178279356214549
"105",0.000102726837452896
"106",0.000102726837452896
"107",0.000102726837452896
"108",1.73639209077554e-05
"109",0.000102726837452896
"110",0.00163094149141232
"111",0.000178279356214549
"112",0.000178279356214549
"113",0.00127767853864956
"114",0.000102726837452896
"115",0.000375860555850795
"116",1.94925048561026e-05
"117",0.000503836362150132
"118",0
"119",0.00206209940401011
"120",0.000375860555850795
"121",4.99092691301247e-05
"122",1.94925048561026e-05
"123",1.94925048561026e-05
"124",1.94925048561026e-05
"125",1.94925048561026e-05
"126",1.94925048561026e-05
"127",0.000125540049114997
"128",1.94925048561026e-05
"129",1.94925048561026e-05
"130",1.94925048561026e-05
"131",1.94925048561026e-05
"132",1.94925048561026e-05
"133",0.000139532420580421
"134",0.000571546352595209
"135",6.13247385620789e-05
"136",0
"137",0.000848518031230372
"138",0.00577943296889751
"139",0.000842992749095086
"140",0.000650915126365565
"141",0.00322154392264638
"142",0.000423361194345313
"143",0.000144332017358691
"144",0
"145",0.000275955771580843
"146",0
"147",0
"148",0
"149",0.000189925815683972
"150",1.73639209077554e-05
"151",1.44326993853001e-05
"152",0
"153",0
"154",1.44326993853001e-05
"155",0.000145951812569241
"156",0.00257436768883329
"157",0
"158",0
"159",6.43620446743172e-05
"160",0
"161",0.00018766761894189
"162",0
"163",0
"164",0
"165",0
"166",0
"167",0
"168",0.000145951812569241
"169",1.44326993853001e-05
"170",0.000145951812569241
"171",0
"172",0
"173",6.91581777827912e-05
"174",0
"175",1.44326993853001e-05
"176",0.000208445663476854
"177",1.30842099025173e-05
"178",0
"179",0.000487600334036592
"180",0.00158058588544389
"181",0.000378303704530011
"182",9.14738863759903e-05
"183",0.000214560521548711
"184",0.000657925450549093
"185",0.0012417339104729
"186",1.90392571888147e-05
"187",0.000563941494203331
"188",0.000503972330439151
"189",0.000424238354537493
"190",5.29155207689073e-05
"191",0
"192",0.00178892352910349
"193",0.000152967963086402
"194",1.73639209077554e-05
"195",0.00061220173936055
"196",0.000826734496314935
"197",0.00126793485435257
"198",0.00306045867558398
"199",0.000745523249992024
"200",0.000563941494203331
"201",0.00030336825505522
"202",0.000422769384901568
"203",0.000745523249992024
"204",0.000961934245787137
"205",0.00260285967123188
"206",0.000694177825177497
"207",0.000632411260996212
"208",0.000618049850277025
"209",0.000503972330439151
"210",0.00156518118814334
"211",1.73639209077554e-05
"212",0.000765495887404068
"213",0.000808661423952493
"214",0.000328908565202201
"215",0.000650152670730672
"216",0.00186910236998014
"217",0.000309819968950066
"218",0.00022270866024835
"219",0.00068865292386808
"220",0.000745367563578679
"221",0.00179157108984611
"222",0.000433776017614044
"223",0.00061245292143235
"224",0.000185435648260043
"225",0.00522862512590802
"226",0.00148938780142068
"227",0.000765495887404068
"228",0.000700594570818804
"229",0.00078815863996435
"230",0.000294748630322089
"231",0.000765495887404068
"232",0.000118146949671807
"233",0.00112297711501728
"234",8.62393937722638e-05
"235",0.000799265846296607
"236",0.000660628744582862
"237",0.000271895514245956
"238",0.000404570728243896
"239",0.000231651232583124
"240",0
"241",0.000520911461562198
"242",0.000905641399978364
"243",0.00313824657548866
"244",0.000139532420580421
"245",0.001263772559429
"246",0.000567508789539662
"247",9.19889165964868e-05
"248",0.000718009275169229
"249",0.000650229783642121
"250",0.00135074231212844
"251",0.000775042377691123
"252",0.00158306786311316
"253",0.000459373109422452
"254",0.000580631366020114
"255",0.00148082176316856
"256",0.000496754283628226
"257",0.000159827627351658
"258",0.000589627575915634
"259",0.00048975099418932
"260",0.000126998164429396
"261",0.000474937209254399
"262",8.14240329886802e-07
"263",0.000195518314200463
"264",0.000195518314200463
"265",0
"266",0.00048975099418932
"267",8.23619336721571e-05
"268",0.000795013281602506
"269",0.000452125596987837
"270",0.000580631366020114
"271",8.14240329886802e-07
"272",0.000362904937430412
"273",0.000633663921637024
"274",0.0009228476579626
"275",0.000564899580545872
"276",2.53282937617246e-06
"277",0.000220066717399535
"278",0.000846012297270268
"279",8.14240329886802e-07
"280",0.000580631366020114
"281",0.000144500194305822
"282",0.000474937209254399
"283",8.14240329886802e-07
"284",0.000517588432438893
"285",0.00084217977780912
"286",0.00154488750637417
"287",0.00587440670778796
"288",0.000195518314200463
"289",8.14240329886802e-07
"290",0.000273296401422055
"291",0.000215733919411084
"292",0.000474937209254399
"293",0.000417655055773467
"294",0.000718009275169229
"295",0.000675857399879621
"296",8.14240329886802e-07
"297",0.00148722168022606
"298",0
"299",8.14240329886802e-07
"300",0.000474937209254399
"301",8.14240329886802e-07
"302",0.000580631366020114
"303",0.000474937209254399
"304",0.00193909193133381
"305",0.000405772462909533
"306",0.000639072825545389
"307",9.24816492982426e-05
"308",0
"309",0.00169356038566352
"310",0.000215502245856951
"311",0.000393193403753421
"312",1.90392571888147e-05
"313",0.00121443866480723
"314",0.000765495887404068
"315",6.24844245885797e-05
"316",6.33031882745444e-05
"317",0.000840433946833585
"318",0
"319",0
"320",6.98884438597574e-05
"321",0.00157104069951884
"322",0
"323",0.00265046842294813
"324",0.000195567074268304
"325",5.43168767107135e-05
"326",0.00010316888781381
"327",0.000101285682774968
"328",0.00101242254026119
"329",0.00218588592105321
"330",0.000118146949671807
"331",0.00106018230250744
"332",0
"333",0
"334",0.000433603720457491
"335",0.00129406617814985
"336",0
"337",0.000163053407428269
"338",2.84563395952727e-05
"339",0.000299611369667573
"340",0.0001536601744697
"341",0.0066767385837805
"342",0
"343",0.000234043436031708
"344",0
"345",2.84252676789403e-05
"346",0.000688641319071451
"347",6.73983118151974e-05
"348",0.000118146949671807
"349",0.000135784711107431
"350",0.000305909432483711
"351",0.000590248861116715
"352",0.00383043788743253
"353",7.59866149940081e-05
"354",0.000512345083853376
"355",6.9928525307969e-05
"356",1.73639209077554e-05
"357",0.0001536601744697
"358",0.000118146949671807
"359",0.000694437029089833
"360",6.73983118151974e-05
"361",3.56356510279427e-05
"362",0
"363",0.000854606252377876
"364",0
"365",6.02016492908724e-05
"366",0.000262230516862788
"367",0.000506712595770787
"368",0.00107595166289234
"369",0
"370",0.00026714600838403
"371",0.00051868848033921
"372",1.0788625446465e-05
"373",1.0788625446465e-05
"374",1.23280485770128e-07
"375",1.23280485770128e-07
"376",1.23280485770128e-07
"377",1.23280485770128e-07
"378",1.23280485770128e-07
"379",0.00186991607079373
"380",0
"381",0
"382",0
"383",0
"384",0
"385",1.23280485770128e-07
"386",1.23280485770128e-07
"387",0.000114316377364962
"388",2.83452238943144e-06
"389",0.00248135880168756
"390",0.00139054760897978
"391",3.04164645220647e-05
"392",0.00114836323271666
"393",2.83452238943144e-06
"394",1.73639209077554e-05
"395",1.73639209077554e-05
"396",0.000155786445049565
"397",0.000311175488822002
"398",0.000704605475123932
"399",0
"400",0.000123689120379648
"401",0
"402",0.000178279356214549
"403",0.000379055706686812
"404",2.07499080082133e-05
"405",6.24844245885797e-05
"406",0.000102726837452896
"407",0
"408",1.94925048561026e-05
"409",1.94925048561026e-05
"410",1.94925048561026e-05
"411",0.00201793133071013
"412",0.000349855866846453
"413",0.000999179472490641
"414",0.000201440386322136
"415",0
"416",0
"417",0
"418",0
"419",0
"420",0
"421",0.000794011895565315
"422",0
"423",0
"424",0
"425",0
"426",0
"427",0
"428",0
"429",0
"430",0.00247624908574447
"431",0
"432",0
"433",0
"434",0
"435",0
"436",0
"437",0
"438",0
"439",0
"440",0
"441",0
"442",0
"443",0
"444",0
"445",0
"446",0
"447",0
"448",0
"449",0
"450",0
"451",0
"452",0
"453",0
"454",0
"455",0
"456",0
"457",0
"458",0
"459",0
"460",0
"461",0.00396409397981728
"462",0
"463",0.000253033731586847
"464",0.00161938452687912
"465",0.000367956370714668
"466",0.000425309646709925
"467",0.00079151593390939
"468",0.000229102308479642
"469",0
"470",0
"471",0.000510239263000583
"472",0
"473",0
"474",0.000245461568478521
"475",0.00104896496629531
"476",0.000449306606505058
"477",0.000378005427146266
"478",0
"479",0
"480",0
"481",0
"482",0
"483",5.31747438092442e-05
"484",0.0019132531082156
"485",0.000805275177916106
"486",0
"487",0
"488",0
"489",0
"490",0
"491",0
"492",0
"493",0
"494",0
"495",0
"496",0
"497",0
"498",0
"499",0
"500",0
"501",0
"502",0
"503",0
"504",0
"505",0
"506",0
"507",0
"508",0
"509",0
"510",0.000280096844889004
"511",0
"512",0
"513",0
"514",0
"515",0
"516",0
"517",0
"518",0
"519",0
"520",0
"521",0
"522",7.43443098951032e-05
"523",0
"524",0
"525",0
"526",0
"527",0
"528",0
"529",0
"530",0
"531",0
"532",0
"533",0
"534",0
"535",0
"536",0
"537",0
"538",0
"539",0
"540",0
"541",1.26552584375665e-05
"542",0.000109167681404607
"543",0
"544",0
"545",0
"546",0.00329290434224023
"547",0.00160522364822192
"548",0
"549",0.00152452777681372
"550",0
"551",0.000259098521233839
"552",0
"553",0
"554",0.000510239263000583
"555",0
"556",0
"557",0
"558",0
"559",0
"560",0
"561",0
"562",0
"563",0
"564",0
"565",0
"566",0
"567",0.000395460417093849
"568",4.93079172415945e-05
"569",0.00134531751871178
"570",1.44552088984875e-05
"571",0
"572",0.00203028463722603
"573",0.00350826017355642
"574",0.000167249576780498
"575",0.00206116786432724
"576",0.00678274515475796
"577",0.000972289345101453
"578",0.00255078778999073
"579",0.00121551894686503
"580",0.00262331657511029
"581",0.00120197181006882
"582",0.00244919700529784
"583",0.00145363774136929
"584",0.000555431372943841
"585",0.000828664399277402
"586",0.000569432967022144
"587",0.000577209972657183
"588",0.000566528117954757
"589",0
"590",0.00318186192441283
"591",0.000170438208606224
"592",0.00126870939421812
"593",0.000250158711610407
"594",3.84129891662803e-05
"595",0.00153440167908488
"596",8.60333852307936e-06
"597",0.000129400435254146
"598",0.000787014558963696
"599",0.00161046508166825
"600",0.000835310773472238
"601",0.000329561943161462
"602",0.00113048666722121
"603",0
"604",3.57117346212649e-05
"605",0.000625183441185611
"606",0.00140348000780315
"607",0
"608",0.00110004960984144
"609",0.00222832115061367
"610",3.31553423337502e-05
"611",0.00129864066187656
"612",0
"613",0
"614",0.000334317243047604
"615",0.000667406886323763
"616",0.000964367886335752
"617",3.44014117795241e-05
"618",0.00120853468617103
"619",0.000170945033072989
"620",6.13247385620789e-05
"621",0.000339212841303669
"622",0.000236791498650791
"623",0.000340993493761747
"624",0.00173526479895015
"625",0.00307923109154462
"626",0.000170945033072989
"627",0.000205062704354827
"628",0.000648836146673712
"629",0.000421096451824313
"630",2.36928254358082e-05
"631",0.000353135806534335
"632",0.000326264269556363
"633",0.00169375299516128
"634",0.000607045796187247
"635",0.000670650928173587
"636",9.26464474997826e-06
"637",0.000479367464058689
"638",0.000126792690712657
"639",0.000964367886335752
"640",0.00672022785062006
"641",9.26464474997826e-06
"642",0.000170945033072989
"643",4.05274699709741e-05
"644",0.000670650928173587
"645",3.88556596345081e-05
"646",0.000126792690712657
"647",6.13247385620789e-05
"648",0.000166307328507937
"649",0.000170945033072989
"650",0.000170945033072989
"651",0.000170945033072989
"652",0.000170945033072989
"653",0.000446293166006589
"654",9.26464474997826e-06
"655",0.000399294874924136
"656",6.36749998376499e-05
"657",0.000170945033072989
"658",3.88556596345081e-05
"659",0.00128886276067192
"660",0
"661",0.000993466645307067
"662",0.000126792690712657
"663",0.000170945033072989
"664",0.000126792690712657
"665",0.000673078325737201
"666",6.13247385620789e-05
"667",0.000164062960769498
"668",0.000170945033072989
"669",0.00210329287870458
"670",0.000683659280504516
"671",0.000531807526407196
"672",0
"673",0.000269220526682121
"674",0.00023523979240031
"675",0.00519494306021042
"676",0.000548967234970264
"677",0
"678",0
"679",3.88556596345081e-05
"680",0.000322527302108663
"681",0.000126792690712657
"682",3.88556596345081e-05
"683",3.88556596345081e-05
"684",0
"685",0.00313227683455291
"686",0.00122302763129989
"687",0.00164016968061272
"688",0
"689",0.000128784528507661
"690",0.00105718914910453
"691",8.59186623612913e-05
"692",0.000139557697320162
"693",0.000141194738240092
"694",3.88556596345081e-05
"695",0.00223466965080088
"696",5.0158570012985e-06
"697",0
"698",6.79189121598089e-05
"699",0.000184329923173495
"700",3.28956589949002e-06
"701",3.28956589949002e-06
"702",0.000702340008008967
"703",0.00131365316578497
"704",0.000685514759184928
"705",0.00114800651121556
"706",0.000201794635597113
"707",0
"708",3.28956589949002e-06
"709",8.51904166489781e-05
"710",0.00163648998895221
"711",0.000539074654087341
"712",0.00180857891611887
"713",8.95696315033464e-05
"714",0.000473640656579987
"715",8.95696315033464e-05
"716",0.00101379423204133
"717",1.44552088984875e-05
"718",0.00135468413377696
"719",0.000374446907749093
"720",0.000685741726379511
"721",0.000370347905997698
"722",0.00135748518347366
"723",0.00120821878500204
"724",0.00125210558323738
"725",3.28956589949002e-06
"726",0.000557323834885593
"727",0.0012614169515511
"728",3.28956589949002e-06
"729",0.000689781931986274
"730",0.000866121464138749
"731",3.28956589949002e-06
"732",0.000479151100693174
"733",0.000575553297563207
"734",3.28956589949002e-06
"735",3.28956589949002e-06
"736",0.00125246938287987
"737",0.000226313019993904
"738",0.000142398750267341
"739",8.85413070482977e-05
"740",0.000274640431711635
"741",0
"742",0.000562693704042355
"743",3.28956589949002e-06
"744",3.28956589949002e-06
"745",0.000142398750267341
"746",0
"747",0.000344795941123059
"748",3.28956589949002e-06
"749",3.28956589949002e-06
"750",0.000235662212745661
"751",1.44552088984875e-05
"752",0
"753",3.28956589949002e-06
"754",0
"755",3.28956589949002e-06
"756",0.000145130142327495
"757",3.28956589949002e-06
"758",0
"759",3.28956589949002e-06
"760",0.0001725600544072
"761",0
"762",0.000252633249618973
"763",3.28956589949002e-06
"764",6.83839763403392e-05
"765",0.000456275624643423
"766",0.000258173742382627
"767",7.02118541597131e-05
"768",0.000628387280592317
"769",8.95696315033464e-05
"770",1.44552088984875e-05
"771",0.0017817686577039
"772",0.00398258123891626
"773",0
"774",0.000428362525497352
"775",0.000401342831814514
"776",3.28956589949002e-06
"777",0.000527007861476765
"778",0.000448290829553932
"779",0.00186013840403051
"780",0.000647533512703809
"781",3.28956589949002e-06
"782",0.00105851057823531
"783",6.29622612015706e-05
"784",3.28956589949002e-06
"785",0.000147885432933798
"786",8.95696315033464e-05
"787",0.00170632279690509
"788",0.00206905721205432
"789",0.00287634431099829
"790",3.28956589949002e-06
"791",0.00124629370878876
"792",0.000698268866039192
"793",5.48308189945384e-05
"794",4.38155984363921e-05
"795",0.000409760160558925
"796",0.000176844626782193
"797",0.000115874492659264
"798",0
"799",0
"800",0.000315945211075282
"801",0
"802",0.000390834623147012
"803",0.000763607805093398
"804",8.95696315033464e-05
"805",0.000805514063210021
"806",1.44552088984875e-05
"807",7.02118541597131e-05
"808",0.000392505661103794
"809",0
"810",0.00244080605089947
"811",7.00882373668805e-05
"812",0
"813",0.00035917258694072
"814",0
"815",0
"816",0
"817",0.00182999987477646
"818",0
"819",5.89112364717053e-05
"820",0
"821",0
"822",7.33103326265085e-05
"823",0
"824",0
"825",0
"826",0
"827",0
"828",0.000271575121631041
"829",1.88528941630006e-05
"830",0.000885426285979892
"831",0.000749307520941682
"832",0.00185868326268012
"833",0.000651877220003529
"834",0.000556169365777781
"835",0.00074372688535025
"836",0.000199787580161343
"837",0.000607167512438855
"838",0.00301384518640788
"839",0.000257897301002996
"840",6.07014744238119e-05
"841",0.000983560805469608
"842",0.000727888430379782
"843",0.000326409512541874
"844",0.000199787580161343
"845",0.00208627715523189
"846",0.00209382833289748
"847",0.000199787580161343
"848",0.00210892201685521
"849",0
"850",0.000199787580161343
"851",0.0010171190720479
"852",0.00335633623549111
"853",0.000647937141990534
"854",0.00156852840073508
"855",0.000118341707969892
"856",0.00504305802391958
"857",0.00118904653427518
"858",2.51668819839686e-05
"859",0
"860",0.00213709318224062
"861",0.00078363946784785
"862",0.000251818558999361
"863",0.000599115494125531
"864",7.24710953434277e-05
"865",0.000199787580161343
"866",2.12131693557769e-05
"867",0.000358428683143404
"868",7.23535703242275e-05
"869",0.000651877220003529
"870",0.00239908611932306
"871",0.00279984441406912
"872",0.000731752835257963
"873",0
"874",3.13651827962187e-05
"875",0.000299456691185332
"876",0.000659232293830426
"877",0.000199787580161343
"878",0.000199787580161343
"879",0.000129193725065625
"880",0.00245147725374554
"881",0.000462442344660226
"882",0.000241060625457064
"883",7.23535703242275e-05
"884",0.000447071319240452
"885",0.000299483279310068
"886",0.000933848676757811
"887",7.23535703242275e-05
"888",0.00023104048390491
"889",2.59345486200844e-05
"890",0.000214399671020185
"891",0.000199787580161343
"892",0.000199787580161343
"893",0.00139916593606052
"894",3.13651827962187e-05
"895",0.000279449400625821
"896",0.000136619467098181
"897",0.000170507203082125
"898",4.85815649969955e-05
"899",0.00509798775424992
"900",0
"901",0.000119809800163243
"902",0
"903",0.000119809800163243
"904",0.000119809800163243
"905",0
"906",1.9556095234252e-05
"907",1.9556095234252e-05
"908",0.000119809800163243
"909",0
"910",9.34605692990174e-05
"911",2.9993021977432e-05
"912",0
"913",0.000369347809761489
"914",2.9993021977432e-05
"915",7.42172372192537e-05
"916",3.48859238127694e-05
"917",6.93302739284394e-06
"918",0
"919",9.34605692990174e-05
"920",7.42172372192537e-05
"921",1.9556095234252e-05
"922",0.000849347718944989
"923",4.7565091651261e-05
"924",9.34605692990174e-05
"925",2.9993021977432e-05
"926",0.00244026448198991
"927",0.000177913812029183
"928",0.000772976730727946
"929",0
"930",1.9556095234252e-05
"931",1.9556095234252e-05
"932",4.09217056189586e-05
"933",0.000860525338465793
"934",0
"935",1.9556095234252e-05
"936",0
"937",9.99964871298338e-05
"938",0.000119809800163243
"939",7.42172372192537e-05
"940",6.50010564982386e-05
"941",4.7565091651261e-05
"942",1.9556095234252e-05
"943",9.34605692990174e-05
"944",0
"945",0
"946",9.34605692990174e-05
"947",0
"948",0.00132751905704965
"949",0.00013420431106702
"950",0.000339022860131164
"951",2.00089433081474e-05
"952",2.68402961804585e-05
"953",1.3204434177593e-05
"954",0.000179320131034701
"955",1.87063895831471e-05
"956",0.000284755145718991
"957",0
"958",0.000120098271614548
"959",0
"960",0.00028745450278612
"961",0
"962",0
"963",0.000265753365636076
"964",1.1464417948181e-05
"965",2.35731695098108e-05
"966",0.00015054854679173
"967",0
"968",0
"969",0
"970",0.00015054854679173
"971",0
"972",0
"973",0.000195540828481809
"974",0.000132332723531292
"975",0.000132332723531292
"976",0
"977",0.00123120889249994
"978",6.14978599769897e-06
"979",0
"980",0
"981",2.60040291663562e-05
"982",0.00012659045343996
"983",0.000252430988129456
"984",0
"985",0
"986",0
"987",0.000172403777526524
"988",0
"989",0
"990",0
"991",0
"992",0
"993",0
"994",0
"995",3.47367528296807e-05
"996",0
"997",4.55716975350203e-06
"998",0
"999",4.55716975350203e-06
"1000",0
"1001",0
"1002",4.55716975350203e-06
"1003",0.000155109971391094
"1004",0
"1005",0.000126107141038306
"1006",0
"1007",0
"1008",0
"1009",0
"1010",7.59399057277393e-05
"1011",0
"1012",0
"1013",0.000213821159418834
"1014",0
"1015",0
"1016",0.000179064269946491
"1017",5.78001666635264e-05
"1018",0
"1019",4.08132576968428e-05
"1020",0.000451455161803595
"1021",0.000268927819115278
"1022",0.000317061726564826
"1023",0
"1024",7.60396701943417e-05
"1025",0
"1026",9.12113187087875e-05
"1027",0
"1028",5.63769749832998e-05
"1029",0.00014441597762369
"1030",0
"1031",0
"1032",0.000288794381979291
"1033",0.00013020201821306
"1034",0
"1035",0
"1036",0
"1037",0.000210129249349193
"1038",0
"1039",4.81878056987243e-05
"1040",1.92106346622409e-05
"1041",0.00174151362511449
"1042",0.000529920810215333
"1043",0
"1044",4.81878056987243e-05
"1045",1.62706813526055e-06
"1046",3.42504328765436e-05
"1047",8.7771611903963e-06
"1048",1.08290209995118e-05
"1049",0
"1050",1.62706813526055e-06
"1051",0
"1052",0.000177155584558669
"1053",5.69805351391532e-06
"1054",5.69805351391532e-06
"1055",0.000444317792713141
"1056",0
"1057",1.02469480246532e-05
"1058",0.000111303777152709
"1059",0
"1060",4.53537062371044e-05
"1061",5.71520914700959e-05
"1062",0.00249518590644563
"1063",4.81878056987243e-05
"1064",0.000601833778006902
"1065",0.000373718773966959
"1066",0.000485522571899536
"1067",0
"1068",0.000207453534983122
"1069",8.7771611903963e-06
"1070",3.55010967728206e-05
"1071",0
"1072",3.50389935033595e-06
"1073",3.50389935033595e-06
"1074",8.80640533658415e-06
"1075",3.50389935033595e-06
"1076",9.00925962660162e-05
"1077",3.50389935033595e-06
"1078",6.93302739284394e-06
"1079",0.000104404933786251
"1080",0
"1081",3.69019986424363e-05
"1082",8.80640533658415e-06
"1083",0
"1084",0
"1085",3.50389935033595e-06
"1086",3.21635398360334e-05
"1087",3.50389935033595e-06
"1088",0
"1089",0.000581237249040704
"1090",3.50389935033595e-06
"1091",0.000126821076464396
"1092",0.000522766884282757
"1093",3.20855228591522e-05
"1094",0
"1095",3.50389935033595e-06
"1096",5.5527457093629e-05
"1097",0
"1098",0
"1099",0.000608838877784057
"1100",4.74095611071757e-05
"1101",0.0012831760037948
"1102",0.00011633898877389
"1103",0.000111457677288563
"1104",0.000463302024405349
"1105",0.000199469037956886
"1106",0.000322527302108663
"1107",0
"1108",0.000338788345704302
"1109",0
"1110",3.81441355642521e-05
"1111",0.00015637141599412
"1112",0
"1113",0
"1114",5.5527457093629e-05
"1115",0
"1116",0
"1117",0
"1118",0
"1119",0
"1120",0
"1121",0
"1122",0
"1123",0.00037575835022596
"1124",0
"1125",0
"1126",0
"1127",0
"1128",4.74095611071757e-05
"1129",0
"1130",0
"1131",0
"1132",0
"1133",0
"1134",0
"1135",0
"1136",0.00015637141599412
"1137",0
"1138",3.88556596345081e-05
"1139",0
"1140",0
"1141",2.2508174139823e-05
"1142",0.000211630053162773
"1143",0.000311812391418393
"1144",0
"1145",0
"1146",0
"1147",0.000142857322603178
"1148",0
"1149",0
"1150",0
"1151",0
"1152",0
"1153",0
"1154",0
"1155",6.43723106280064e-05
"1156",0
"1157",0
"1158",0
"1159",4.51939088726754e-05
"1160",0
"1161",0
"1162",0
"1163",0.000222429043992703
"1164",0
"1165",9.38810838756919e-05
"1166",1.9775218172232e-05
"1167",0
"1168",0
"1169",9.38810838756919e-05
"1170",0
"1171",0
"1172",0
"1173",0
"1174",0
"1175",0
"1176",0
"1177",0
"1178",0
"1179",0
"1180",0
"1181",0
"1182",0.000364266938489833
"1183",0
"1184",0
"1185",0
"1186",0
"1187",0
"1188",0
"1189",1.9775218172232e-05
"1190",0.000195900542187915
"1191",0
"1192",0
"1193",0
"1194",0
"1195",8.22442401399908e-05
"1196",0
"1197",0
"1198",0
"1199",0
"1200",0
"1201",2.92730529363957e-05
"1202",0
"1203",0.00021308365141163
"1204",0
"1205",0.000284976722137917
"1206",0
"1207",0
"1208",1.22297348975037e-05
"1209",0.000130648253806425
"1210",0
"1211",0.000560799429656871
"1212",0.000175480991633783
"1213",1.42979107893314e-05
"1214",4.94072470120103e-05
"1215",1.42979107893314e-05
"1216",0.000283523985196866
"1217",0.00207635297832071
"1218",0.000407698738274924
"1219",0.00309852618924595
"1220",1.42979107893314e-05
"1221",1.42979107893314e-05
"1222",0
"1223",0
"1224",6.24434718763457e-05
"1225",6.24434718763457e-05
"1226",0
"1227",0.00082270550501924
"1228",0
"1229",0
"1230",0.000847619373429908
"1231",6.33031882745444e-05
"1232",0
"1233",0
"1234",0.000247719611104448
"1235",0
"1236",0.00167225985640639
"1237",0.00020238962185323
"1238",2.91386018656183e-05
"1239",0.00322060528269582
"1240",0
"1241",0.00293365517846993
"1242",0.00112979403476993
"1243",0.000475055977919093
"1244",0.000725147779187959
"1245",0
"1246",7.76073915634789e-05
"1247",0
"1248",0.00153104647554577
"1249",0.000364309921119022
"1250",2.91386018656183e-05
"1251",5.98453663116447e-05
"1252",0
"1253",0
"1254",0.000338621401974642
"1255",0.0056092391652566
"1256",0
"1257",0.000729591441685639
"1258",0.000279125513101266
"1259",0.000711444566647134
"1260",0.000246039409297502
"1261",0
"1262",0
"1263",0
"1264",0
"1265",0
"1266",0
"1267",0
"1268",0
"1269",7.43443098951032e-05
"1270",0
"1271",0
"1272",0.00130625760337196
"1273",0.000297759078386227
"1274",9.38688501783265e-05
"1275",0.00130582696115061
"1276",0
"1277",0.00314820113240654
"1278",0.000295788273209906
"1279",0.0022860634707544
"1280",1.9775218172232e-05
"1281",0.000148951136777117
"1282",1.9775218172232e-05
"1283",0
"1284",0
"1285",3.66153606753654e-05
"1286",0.000525634615827131
"1287",0
"1288",0.000414303934981898
"1289",0.000853330764658783
"1290",0
"1291",0
"1292",0
"1293",0.000958229094071975
"1294",7.9444943794202e-05
"1295",0.000100175693887328
"1296",0.000704222845015408
"1297",0
"1298",0
"1299",0.000200855854412379
"1300",0.000734638672557152
"1301",0.000111457677288563
"1302",0
"1303",0
"1304",0.00130370396447037
"1305",3.84129891662803e-05
"1306",0.000233969114651439
"1307",0.000207110430689324
"1308",0.000784239031133336
"1309",0.000155259187760168
"1310",0.000525279791021511
"1311",0
"1312",0.000243718530357948
"1313",0.00048201192107323
"1314",0.000105669952309751
"1315",1.38371694855446e-05
"1316",0
"1317",0
"1318",4.74095611071757e-05
"1319",0.00165309548002113
"1320",0.000142055675025611
"1321",0
"1322",0
"1323",3.94843876788375e-06
"1324",0.000605754737786535
"1325",0.00139828026283253
"1326",0.000103261917027114
"1327",0
"1328",0
"1329",0
"1330",0.000392141083474398
"1331",0.00106380986033671
"1332",0.000898791924365013
"1333",1.9775218172232e-05
"1334",0.00037227623200386
"1335",0.000401611904293095
"1336",5.023907459081e-05
"1337",0.0010560588636312
"1338",0.00185188341403719
"1339",4.74095611071757e-05
"1340",0.00111874389317119
"1341",0
"1342",0.000671595194109686
"1343",0.00108912599698475
"1344",0
"1345",0
"1346",0.000400332949609854
"1347",0.000192845979860087
"1348",0
"1349",0
"1350",0.00024861449312958
"1351",0
"1352",0
"1353",9.63368143901551e-05
"1354",0.000571559542863892
"1355",0
"1356",0.000305035376563674
"1357",0.000615486189488699
"1358",0.000924000395355294
"1359",1.9775218172232e-05
"1360",4.74095611071757e-05
"1361",0.00015637141599412
"1362",0
"1363",0.000221334102935179
"1364",4.74095611071757e-05
"1365",0
"1366",0
"1367",0
"1368",0.00113483561910674
"1369",0.000108280086075093
"1370",0.00245816747340115
"1371",0.00111731548756804
"1372",1.9775218172232e-05
"1373",0.00135199145168513
"1374",0.000588065695925416
"1375",0.000697472185590479
"1376",0
"1377",0.000121726438998659
"1378",0
"1379",0.0014695121388124
"1380",2.18893433515553e-05
"1381",0
"1382",0.0029790042730651
"1383",0.000709996318001082
"1384",0.00135326680413056
"1385",0.000502166164933333
"1386",0.000288534352567941
"1387",0.00273671124438714
"1388",0
"1389",1.9775218172232e-05
"1390",0.00145985468488649
"1391",0.000594263390619405
"1392",7.47959644087285e-05
"1393",0.000424758199730955
"1394",0.000763363887752771
"1395",3.54931523043235e-05
"1396",0.000249110075912
"1397",0.000375058730506567
"1398",0.000571203582953334
"1399",0.000540262517476956
"1400",0.00268042599946467
"1401",0.000247293810574197
"1402",0
"1403",0
"1404",0.00124183987026843
"1405",0.000525488463485441
"1406",0
"1407",0.00177757218688606
"1408",0.00162039316868595
"1409",0.000374451854115655
"1410",0
"1411",0.000128684620696101
"1412",0.00100801622118471
"1413",0
"1414",0.000283064882127045
"1415",2.02548659676719e-05
"1416",0.00048323144387793
"1417",8.25256896448967e-06
"1418",0
"1419",5.27534133473439e-05
"1420",0.000805275177916106
"1421",0.000156310901541298
"1422",0.00102062096373218
"1423",0
"1424",2.18893433515553e-05
"1425",0.000342890418963636
"1426",0.00206700549751345
"1427",0
"1428",0
"1429",0
"1430",0
"1431",3.28956589949002e-06
"1432",0.000112390831647943
"1433",0.000896288860290108
"1434",0.00257725222152911
"1435",2.18893433515553e-05
"1436",0.000318310261288749
"1437",0.000604466780199183
"1438",0.000692800250114688
"1439",4.74095611071757e-05
"1440",4.74095611071757e-05
"1441",0
"1442",0
"1443",0
"1444",7.97086185986409e-05
"1445",0
"1446",0
"1447",0
"1448",0
"1449",2.10826840271572e-05
"1450",0
"1451",0
"1452",0.000725514869679287
"1453",0.000256659914851037
"1454",0.000497674600742809
"1455",0
"1456",1.9775218172232e-05
"1457",0
"1458",1.2791125598513e-05
"1459",0
"1460",0
"1461",0
"1462",0.000155259187760168
"1463",0.00174807530504015
"1464",0
"1465",0.00155391149078132
"1466",3.09178761105023e-05
"1467",0
"1468",0
"1469",0
"1470",6.79143319718466e-05
"1471",7.9444943794202e-05
"1472",2.18893433515553e-05
"1473",0
"1474",0
"1475",0.000324141170282205
"1476",0.000123043964761903
"1477",0.000255732916061428
"1478",0
"1479",4.01328463473293e-05
"1480",0
"1481",0.000391840110473915
"1482",0
"1483",0
"1484",0.000635289821461303
"1485",0.00015637141599412
"1486",0
"1487",0
"1488",0
"1489",0
"1490",0
"1491",2.18893433515553e-05
"1492",0.00128789839732306
"1493",7.31005519320105e-05
"1494",0
"1495",0
"1496",0
"1497",0
"1498",0.000492991103936444
"1499",0
"1500",0
"1501",0
"1502",0
"1503",0
"1504",0.00010433527222272
"1505",0
"1506",4.74095611071757e-05
"1507",0
"1508",0
"1509",0
"1510",0
"1511",0
"1512",0.000527630618035551
"1513",3.88556596345081e-05
"1514",0.000924647678504564
"1515",0
"1516",0
"1517",0.00015637141599412
"1518",0
"1519",0
"1520",0
"1521",0.000456532814414962
"1522",0
"1523",0
"1524",0
"1525",1.46084934172119e-05
"1526",0.000126792690712657
"1527",0
"1528",0.000500737514629438
"1529",0.00048201192107323
"1530",0.00015637141599412
"1531",0
"1532",0
"1533",0
"1534",0.000114154986824116
"1535",3.53989072148664e-05
"1536",0
"1537",0.000342292483837693
"1538",0
"1539",0
"1540",0.000627139172570235
"1541",0
"1542",0
"1543",5.27534133473439e-05
"1544",0
"1545",0.000684615765076041
"1546",0.000575534840603459
"1547",0
"1548",0
"1549",0
"1550",4.74095611071757e-05
"1551",0.00315596240878653
"1552",0
"1553",0.00074422284423583
"1554",0.00107612742868989
"1555",0
"1556",0
"1557",0
"1558",0
"1559",0.000525536958721296
"1560",0.000963160131053083
"1561",0
"1562",0.00177681714132997
"1563",0.000251589608749366
"1564",0.00107116598736831
"1565",0.00109145730393411
"1566",0
"1567",0.000666209938132916
"1568",0.000685887927694097
"1569",0
"1570",0
"1571",0
"1572",3.14564846744477e-05
"1573",9.38688501783265e-05
"1574",0
"1575",0.000289824331834204
"1576",0.000358771232445392
"1577",5.27534133473439e-05
"1578",0.000520756875669854
"1579",0.000467617623999225
"1580",0.000175685964848457
"1581",0.000151141625574422
"1582",0.00253684334018983
"1583",0.00194113070739124
"1584",0.00164621958275964
"1585",0
"1586",0.000302649084993278
"1587",0.000165028680271741
"1588",0
"1589",0.000375058730506567
"1590",0
"1591",0.00304258357651189
"1592",0.000998217848388256
"1593",0
"1594",0.000674600603699218
"1595",0.000779174002419981
"1596",0.00132595138971632
"1597",0
"1598",5.86760660108588e-06
"1599",0
"1600",0.000353967970061846
"1601",4.74095611071757e-05
"1602",8.63567465278612e-05
"1603",0
"1604",0
"1605",0
"1606",0
"1607",0
"1608",0.00300232626446953
"1609",0.00248911923768619
"1610",0
"1611",0.000433603720457491
"1612",0
"1613",0.000374532199738782
"1614",0.000405544554226713
"1615",0
"1616",0
"1617",4.74095611071757e-05
"1618",0
"1619",4.74095611071757e-05
"1620",0.000436285137508451
"1621",0
"1622",0
"1623",0.0001010403917728
"1624",0
"1625",0.000179205348559155
"1626",5.27534133473439e-05
"1627",0
"1628",0
"1629",0.000192814075126456
"1630",0
"1631",0.00327371176093703
"1632",0.00125992728738137
"1633",0
"1634",0
"1635",4.74095611071757e-05
"1636",0.00023933250629014
"1637",0
"1638",7.97086185986409e-05
"1639",7.97086185986409e-05
"1640",0
"1641",0.000766980710118393
"1642",0
"1643",0
"1644",0.000188234406112661
"1645",0
"1646",0.000676376731623669
"1647",0
"1648",0
"1649",5.5527457093629e-05
"1650",0
"1651",0
"1652",0
"1653",0.000451964717868855
"1654",0.000689760893979731
"1655",0.000750250548699007
"1656",2.10826840271572e-05
"1657",0
"1658",0.000383073736086682
"1659",0.000324141170282205
"1660",0
"1661",4.74095611071757e-05
"1662",0.000297541941412438
"1663",0
"1664",0
"1665",0.000147905545756024
"1666",0.000962649575895748
"1667",0
"1668",0
"1669",4.20423712426737e-05
"1670",0.00172161046863104
"1671",0.000218175901374337
"1672",6.17183983997821e-05
"1673",0.000167874397383444
"1674",0.000301014563125329
"1675",7.97086185986409e-05
"1676",0
"1677",0
"1678",0
"1679",8.59186623612913e-05
"1680",0
"1681",0
"1682",0
"1683",0.000128676508595182
"1684",0.000128784528507661
"1685",0
"1686",0.000779940551378552
"1687",0
"1688",3.07852921024623e-05
"1689",0
"1690",0
"1691",0
"1692",0
"1693",0
"1694",0
"1695",0
"1696",3.10248186953207e-05
"1697",0.001586930975675
"1698",0
"1699",0.000349104296837101
"1700",4.74095611071757e-05
"1701",0
"1702",0
"1703",4.74095611071757e-05
"1704",9.20505234322862e-05
"1705",0.000479968082909884
"1706",0
"1707",0
"1708",0.000105594135676692
"1709",0
"1710",0
"1711",0
"1712",0
"1713",0
"1714",3.88556596345081e-05
"1715",7.97086185986409e-05
"1716",5.36593846057781e-05
"1717",0.000324141170282205
"1718",0
"1719",8.77235101396173e-05
"1720",0
"1721",0.00130062903217854
"1722",0
"1723",0.000375484220969148
"1724",0
"1725",0.000357290109038255
"1726",0
"1727",0.000126792690712657
"1728",0
"1729",0.000101850000212748
"1730",0
"1731",0
"1732",0
"1733",0
"1734",0
"1735",7.85315615279773e-05
"1736",0
"1737",0
"1738",0
"1739",0
"1740",0
"1741",0
"1742",0
"1743",0.00114380850688367
"1744",0
"1745",0
"1746",0
"1747",0
"1748",0.000406992279652316
"1749",0.000235195795696287
"1750",4.74095611071757e-05
"1751",0.000239909337078047
"1752",0.000157755146216802
"1753",3.10248186953207e-05
"1754",0.000850354632300514
"1755",0.000782719548026752
"1756",0
"1757",0.000553365668635177
"1758",0
"1759",0
"1760",0
"1761",0.000121564200845004
"1762",5.5527457093629e-05
"1763",0
"1764",0
"1765",0
"1766",0
"1767",3.88556596345081e-05
"1768",7.97086185986409e-05
"1769",0
"1770",0
"1771",0
"1772",8.99813547229504e-05
"1773",4.74095611071757e-05
"1774",0
"1775",0
"1776",0
"1777",0
"1778",0
"1779",0
"1780",0
"1781",0
"1782",0
"1783",0
"1784",0.000212794283353538
"1785",0
"1786",0
"1787",4.74095611071757e-05
"1788",0
"1789",0.000172989501916958
"1790",5.99552034845483e-05
"1791",0
"1792",0
"1793",0
"1794",0.000126792690712657
"1795",0
"1796",0
"1797",0.00015637141599412
"1798",0
"1799",5.5267410741149e-06
"1800",0.00035632394759093
"1801",0
"1802",3.28956589949002e-06
"1803",5.5527457093629e-05
"1804",0
"1805",0
"1806",0
"1807",0
"1808",0.000319685971536388
"1809",0
"1810",0.000311432636182452
"1811",0
"1812",0.000270155957379127
"1813",0
"1814",0.00228100595368955
"1815",0.000252766107443817
"1816",0
"1817",0
"1818",0
"1819",0
"1820",0.000100175693887328
"1821",0
"1822",0
"1823",0
"1824",0.00101514190780587
"1825",0.000625726793309273
"1826",9.50281087978973e-05
"1827",0
"1828",0.000199469037956886
"1829",0.000523438454889545
"1830",0
"1831",0.000535701992476449
"1832",0
"1833",0
"1834",2.46051641342613e-05
"1835",0
"1836",4.74095611071757e-05
"1837",0.00015637141599412
"1838",0
"1839",3.88556596345081e-05
"1840",0.000179205348559155
"1841",0.000140166661221383
"1842",2.10826840271572e-05
"1843",4.51089726626684e-05
"1844",0
"1845",0
"1846",0.000287323960124053
"1847",0
"1848",0.000309483559847135
"1849",0.00386418070256975
"1850",0
"1851",0
"1852",0
"1853",5.5527457093629e-05
"1854",0
"1855",0
"1856",0
"1857",0
"1858",3.09178761105023e-05
"1859",0.000152859381688126
"1860",0
"1861",8.06776727978176e-05
"1862",0.00055070651483419
"1863",0
"1864",0
"1865",0
"1866",4.74095611071757e-05
"1867",0
"1868",2.18893433515553e-05
"1869",0
"1870",0
"1871",0
"1872",0.000211780163021876
"1873",0.000281019592706323
"1874",0.000421816796592651
"1875",0.000378005427146266
"1876",0.000342885626434837
"1877",0.000182111025658027
"1878",0.000543816331519376
"1879",0.00303028838722023
"1880",0.000421816796592651
"1881",0.00187437889836759
"1882",0.000421816796592651
"1883",0.0014775310321715
"1884",0.000248842674859889
"1885",0.000469662256565286
"1886",0
"1887",0.000745689042345102
"1888",0.000495203204143545
"1889",7.80979021321966e-05
"1890",0
"1891",5.43449563580181e-05
"1892",0.000201118163283622
"1893",0.000178003777581056
"1894",5.49444342617941e-05
"1895",0.000495203204143545
"1896",0.000407698738274924
"1897",0.000407698738274924
"1898",0.000156739374427265
"1899",0.000201118163283622
"1900",3.54931523043235e-05
"1901",5.2645159510936e-05
"1902",0.000703730728579313
"1903",4.00170949901136e-06
"1904",1.61454267270338e-06
"1905",0.000145043474344277
"1906",0
"1907",0
"1908",5.54490120898931e-05
"1909",0.000201118163283622
"1910",0.000125232311936003
"1911",0
"1912",0.000953514776989483
"1913",8.66656953417982e-06
"1914",0
"1915",0
"1916",0
"1917",0.000286416337306101
"1918",0
"1919",0.000353614630904507
"1920",0
"1921",4.32210383891042e-05
"1922",0
"1923",0.000422174900444055
"1924",0.0011795118232126
"1925",0.000188959087921975
"1926",4.32210383891042e-05
"1927",0.000657203078235934
"1928",0.000144167780862134
"1929",3.94843876788375e-06
"1930",3.41153424726035e-06
"1931",0.000166422187732045
"1932",3.63897090327531e-05
"1933",3.14564846744477e-05
"1934",0.000151227116742158
"1935",0.000364309921119022
"1936",0.000116878751987179
"1937",8.86228868472396e-05
"1938",9.94600987007593e-07
"1939",7.97189671083074e-05
"1940",1.05378457632551e-05
"1941",0.000364309921119022
"1942",0.000501719381398519
"1943",0.000169849941134709
"1944",0.000138119482436505
"1945",0.000364309921119022
"1946",4.32210383891042e-05
"1947",0.00180492191767701
"1948",6.43178757252891e-05
"1949",0.000381293064930698
"1950",7.86566593155799e-05
"1951",0.000356904552241001
"1952",4.32210383891042e-05
"1953",0.00110630028908798
"1954",7.41391065291873e-05
"1955",0.000435841144205289
"1956",0.000784902308577091
"1957",5.023907459081e-05
"1958",0.000171871578210254
"1959",0.000138119482436505
"1960",3.94843876788375e-06
"1961",0.000313652817465042
"1962",0.000138119482436505
"1963",1.38797719839578e-05
"1964",0.000130734589935458
"1965",0
"1966",0
"1967",4.32210383891042e-05
"1968",0
"1969",0
"1970",0.000170258771398109
"1971",0
"1972",2.25940083361491e-05
"1973",3.63897090327531e-05
"1974",3.14564846744477e-05
"1975",0
"1976",9.28872882492875e-05
"1977",2.30862230728283e-06
"1978",0.000123690781915509
"1979",0.000130734589935458
"1980",0.000831902094158785
"1981",0.000101090986320116
"1982",1.05378457632551e-05
"1983",0.000101090986320116
"1984",0.000338562447226406
"1985",5.84606633398241e-05
"1986",0.000166422187732045
"1987",0.000364309921119022
"1988",0
"1989",0.00260408994048852
"1990",0
"1991",0
"1992",0
"1993",0
"1994",0.000117415956776146
"1995",0
"1996",2.02548659676719e-05
"1997",2.02548659676719e-05
"1998",7.86746039777226e-06
"1999",0
"2000",2.02548659676719e-05
"2001",3.10248186953207e-05
"2002",5.86760660108588e-06
"2003",3.67288335767511e-05
"2004",7.86746039777226e-06
"2005",5.86760660108588e-06
"2006",0
"2007",0
"2008",0.000299164594530403
"2009",5.86760660108588e-06
"2010",0.000332529583885993
"2011",0.000121549853939995
"2012",0.000142374100954731
"2013",0
"2014",0.000506712595770787
"2015",5.86760660108588e-06
"2016",2.02548659676719e-05
"2017",0.000130979226259394
"2018",5.86760660108588e-06
"2019",0
"2020",1.68453435763531e-05
"2021",3.67288335767511e-05
"2022",2.02548659676719e-05
"2023",0
"2024",0.000130979226259394
"2025",0.000142374100954731
"2026",0.000229770358055207
"2027",0.000130979226259394
"2028",0
"2029",0
"2030",6.9928525307969e-05
"2031",2.02548659676719e-05
"2032",2.02548659676719e-05
"2033",0.000177374879230661
"2034",2.02548659676719e-05
"2035",3.67288335767511e-05
"2036",2.02548659676719e-05
"2037",0.000380144463927515
"2038",0
"2039",0.000150629086740483
"2040",5.86760660108588e-06
"2041",0.000332529583885993
"2042",1.2791125598513e-05
"2043",0.000130979226259394
"2044",2.02548659676719e-05
"2045",5.86760660108588e-06
"2046",0.000533849057487053
"2047",0.000119185613274015
"2048",7.86746039777226e-06
"2049",0
"2050",0.000360224173517915
"2051",0.00104477505400535
"2052",2.02548659676719e-05
"2053",0.000615383111226006
"2054",5.90701286137483e-05
"2055",0.000173845587385408
"2056",0.000142374100954731
"2057",0.000823484238841659
"2058",3.67288335767511e-05
"2059",1.2791125598513e-05
"2060",5.86760660108588e-06
"2061",2.02548659676719e-05
"2062",0.000101850000212748
"2063",3.67288335767511e-05
"2064",0.000100050281932096
"2065",0.000101850000212748
"2066",1.68453435763531e-05
"2067",2.02548659676719e-05
"2068",0
"2069",0.000281779306553616
"2070",5.86760660108588e-06
"2071",0.000173845587385408
"2072",3.61561142451902e-05
"2073",0
"2074",0.000418219554622279
"2075",7.86746039777226e-06
"2076",0
"2077",0.000344056207160971
"2078",5.86760660108588e-06
"2079",2.02548659676719e-05
"2080",3.4501217929388e-05
"2081",0
"2082",2.02548659676719e-05
"2083",0.000173845587385408
"2084",0.000159552938096192
"2085",5.86760660108588e-06
"2086",2.02548659676719e-05
"2087",5.45099590115226e-06
"2088",9.31397154567683e-05
"2089",0
"2090",0
"2091",0
"2092",2.02548659676719e-05
"2093",0
"2094",0
"2095",0
"2096",0
"2097",0
"2098",0.000119185613274015
"2099",0.000101850000212748
"2100",5.86760660108588e-06
"2101",5.86760660108588e-06
"2102",0
"2103",7.21675370766031e-05
"2104",0
"2105",0
"2106",0.000544474830658106
"2107",0
"2108",6.48090073493981e-05
"2109",0
"2110",4.271141847298e-05
"2111",1.2791125598513e-05
"2112",3.05031736246507e-06
"2113",0.000397513099063695
"2114",0
"2115",5.86760660108588e-06
"2116",5.86760660108588e-06
"2117",0.00204340560605843
"2118",0
"2119",7.31005519320105e-05
"2120",0
"2121",2.02548659676719e-05
"2122",5.86760660108588e-06
"2123",5.86760660108588e-06
"2124",0.000174450038489173
"2125",3.61561142451902e-05
"2126",0.000177891337766973
"2127",3.05031736246507e-06
"2128",0.000101850000212748
"2129",2.02548659676719e-05
"2130",3.31553423337502e-05
"2131",0
"2132",0
"2133",0
"2134",0
"2135",0
"2136",8.06266144471845e-05
"2137",0
"2138",2.24403290222378e-05
"2139",6.5197989688137e-06
"2140",0
"2141",1.75427706767407e-05
"2142",2.24403290222378e-05
"2143",0.000135794854450645
"2144",0
"2145",0
"2146",6.07588405371809e-05
"2147",0.000288979942922079
"2148",1.75427706767407e-05
"2149",0.000357588749196079
"2150",0.000196305277864745
"2151",0.000136363910657289
"2152",0
"2153",4.20423712426737e-05
"2154",0.000201960879335772
"2155",0
"2156",6.5197989688137e-06
"2157",2.74009933224847e-05
"2158",4.20423712426737e-05
"2159",0
"2160",0
"2161",0
"2162",6.5197989688137e-06
"2163",6.07588405371809e-05
"2164",2.24403290222378e-05
"2165",0
"2166",2.24403290222378e-05
"2167",4.20423712426737e-05
"2168",6.5197989688137e-06
"2169",0.000544970104218325
"2170",0
"2171",0
"2172",0.000249969781105923
"2173",6.5197989688137e-06
"2174",0
"2175",6.5197989688137e-06
"2176",0.000252766107443817
"2177",0
"2178",8.96884979150092e-05
"2179",0
"2180",0.000112735169143781
"2181",0
"2182",0.000105010170235885
"2183",0.00137663672830669
"2184",0
"2185",1.75427706767407e-05
"2186",2.24403290222378e-05
"2187",0.000151708877225074
"2188",0.000175162076730616
"2189",0
"2190",0.00250535704220633
"2191",0
"2192",3.82634623090363e-05
"2193",0
"2194",0
"2195",2.24403290222378e-05
"2196",0.000101929614374787
"2197",6.5197989688137e-06
"2198",6.5197989688137e-06
"2199",0.000185892528395913
"2200",5.99201276350905e-05
"2201",0
"2202",2.24403290222378e-05
"2203",0
"2204",0
"2205",8.86868201253327e-05
"2206",0
"2207",0
"2208",4.43505494400374e-05
"2209",6.5197989688137e-06
"2210",0.000252766107443817
"2211",3.82634623090363e-05
"2212",2.24403290222378e-05
"2213",0
"2214",0
"2215",2.24403290222378e-05
"2216",5.49623063381218e-06
"2217",8.73752450329193e-05
"2218",0
"2219",2.24403290222378e-05
"2220",0.00192100363333623
"2221",2.24403290222378e-05
"2222",6.5197989688137e-06
"2223",0.000201969941804436
"2224",6.5197989688137e-06
"2225",0
"2226",6.5197989688137e-06
"2227",6.5197989688137e-06
"2228",0
"2229",0
"2230",0
"2231",1.38117578911837e-05
"2232",0
"2233",0
"2234",0
"2235",0
"2236",0.000160224270736617
"2237",5.34343977933168e-05
"2238",0
"2239",5.34343977933168e-05
"2240",0
"2241",3.17987125461292e-05
"2242",0.000241307500247452
"2243",0.000574071644092514
"2244",4.05274699709741e-05
"2245",0
"2246",0
"2247",0
"2248",0.000149007870242622
"2249",0
"2250",0
"2251",0
"2252",0
"2253",5.34343977933168e-05
"2254",0
"2255",4.05274699709741e-05
"2256",0
"2257",0
"2258",6.24434718763457e-05
"2259",0
"2260",0
"2261",4.05274699709741e-05
"2262",0
"2263",0
"2264",0
"2265",5.34343977933168e-05
"2266",0
"2267",0
"2268",4.05274699709741e-05
"2269",0
"2270",0
"2271",0.000191688945531249
"2272",0
"2273",0
"2274",0
"2275",0
"2276",0
"2277",0
"2278",0.000247132136581537
"2279",0
"2280",0
"2281",5.34343977933168e-05
"2282",0
"2283",0
"2284",0
"2285",0
"2286",0
"2287",5.34343977933168e-05
"2288",0
"2289",0
"2290",5.34343977933168e-05
"2291",0
"2292",0
"2293",0
"2294",0
"2295",0
"2296",0.000191688945531249
"2297",0
"2298",0
"2299",0
"2300",0
"2301",0
"2302",0
"2303",0.000161089525479779
"2304",3.17987125461292e-05
"2305",0
"2306",0
"2307",0
"2308",0
"2309",0
"2310",0
"2311",0
"2312",0
"2313",0
"2314",0
"2315",0
"2316",0
"2317",0
"2318",0
"2319",0
"2320",0
"2321",0
"2322",0
"2323",0
"2324",0
"2325",0
"2326",0
"2327",0
"2328",5.34343977933168e-05
"2329",5.34343977933168e-05
"2330",5.34343977933168e-05
"2331",0
"2332",9.52219020879223e-05
"2333",3.44014117795241e-05
"2334",0
"2335",8.18513344560476e-05
"2336",0
"2337",1.79318804677606e-05
"2338",0
"2339",0
"2340",0
"2341",3.40908388622892e-05
"2342",0
"2343",0
"2344",0.000526080697344804
"2345",0.000104904961753945
"2346",0
"2347",0
"2348",0
"2349",0
"2350",0
"2351",0
"2352",3.44014117795241e-05
"2353",0
"2354",0.000219041000605942
"2355",0
"2356",0
"2357",5.24782215613122e-05
"2358",0
"2359",0
"2360",0.000122960884103022
"2361",0
"2362",3.44014117795241e-05
"2363",0
"2364",0
"2365",0
"2366",5.24782215613122e-05
"2367",0
"2368",1.79318804677606e-05
"2369",0.000219041000605942
"2370",0
"2371",1.79318804677606e-05
"2372",0
"2373",0.000219041000605942
"2374",5.24782215613122e-05
"2375",5.43819221189203e-05
"2376",0
"2377",0.000138972900753661
"2378",0
"2379",0
"2380",0
"2381",0
"2382",0
"2383",0
"2384",0
"2385",0
"2386",0
"2387",0
"2388",0.000109167681404607
"2389",5.24782215613122e-05
"2390",0
"2391",0
"2392",0
"2393",0.000372589190830023
"2394",0
"2395",0
"2396",0
"2397",0.000219041000605942
"2398",0
"2399",0
"2400",0
"2401",5.43168767107135e-05
"2402",0
"2403",5.24782215613122e-05
"2404",0
"2405",0
"2406",0
"2407",6.56566033361788e-06
"2408",0
"2409",0
"2410",2.91386018656183e-05
"2411",1.26552584375665e-05
"2412",0
"2413",0
"2414",0
"2415",0
"2416",0
"2417",0
"2418",0
"2419",0
"2420",0
"2421",0
"2422",1.26552584375665e-05
"2423",0
"2424",0
"2425",0
"2426",0
"2427",0
"2428",0
"2429",6.33031882745444e-05
"2430",0
"2431",4.73206013772997e-05
"2432",0.0002280024040052
"2433",0
"2434",0.000670388145345337
"2435",9.82387772693192e-06
"2436",2.30379014111058e-05
"2437",0
"2438",4.51089726626684e-05
"2439",0
"2440",9.82387772693192e-06
"2441",9.82387772693192e-06
"2442",0
"2443",4.51089726626684e-05
"2444",0
"2445",0.000149235819815572
"2446",3.80937465977766e-05
"2447",9.82387772693192e-06
"2448",0
"2449",0
"2450",9.82387772693192e-06
"2451",0
"2452",1.44326993853001e-05
"2453",0.000199600913374601
"2454",8.04191821790102e-05
"2455",6.18662814206692e-05
"2456",0
"2457",3.07073895254817e-05
"2458",0.000199600913374601
"2459",0
"2460",0.000133806581584702
"2461",0
"2462",4.51089726626684e-05
"2463",0.000488560137656688
"2464",4.85580613255218e-05
"2465",3.00054369772745e-05
"2466",6.5889996918995e-05
"2467",4.85580613255218e-05
"2468",4.51089726626684e-05
"2469",4.51089726626684e-05
"2470",9.01533964443539e-05
"2471",1.44326993853001e-05
"2472",0
"2473",0
"2474",0.000100489387224034
"2475",4.51089726626684e-05
"2476",4.51089726626684e-05
"2477",0
"2478",0
"2479",9.01533964443539e-05
"2480",4.51089726626684e-05
"2481",0.000225132557415011
"2482",0.000116682365037496
"2483",1.44326993853001e-05
"2484",1.88528941630006e-05
"2485",0
"2486",8.04191821790102e-05
"2487",9.82387772693192e-06
"2488",8.04191821790102e-05
"2489",0
"2490",0
"2491",0
"2492",0
"2493",0
"2494",0
"2495",0
"2496",0
"2497",0
"2498",0
"2499",0
"2500",3.8732016349621e-06
"2501",7.44224201692879e-05
"2502",0
"2503",2.71313209060241e-05
"2504",1.64322007727358e-05
"2505",2.71313209060241e-05
"2506",0
"2507",6.17183983997821e-05
"2508",0
"2509",2.71313209060241e-05
"2510",0
"2511",7.44224201692879e-05
"2512",0
"2513",1.38371694855446e-05
"2514",0
"2515",0.000272966537460461
"2516",0
"2517",0
"2518",0
"2519",1.38371694855446e-05
"2520",0
"2521",0
"2522",0
"2523",1.64322007727358e-05
"2524",0
"2525",0
"2526",0
"2527",0
"2528",0
"2529",1.38371694855446e-05
"2530",0
"2531",0
"2532",2.17439945957232e-05
"2533",0
"2534",0
"2535",0
"2536",0
"2537",0
"2538",1.67745549108408e-05
"2539",0
"2540",0
"2541",0
"2542",0
"2543",0
"2544",0
"2545",0
"2546",0
"2547",0
"2548",0
"2549",4.48758443434623e-05
"2550",0
"2551",0.000112390831647943
"2552",0
"2553",0
"2554",0
"2555",0
"2556",0
"2557",0
"2558",0
"2559",0
"2560",1.46084934172119e-05
"2561",1.46084934172119e-05
"2562",0
"2563",1.46084934172119e-05
"2564",1.46084934172119e-05
"2565",0
"2566",0
"2567",1.46084934172119e-05
"2568",0
"2569",2.84563395952727e-05
"2570",0
"2571",0
"2572",1.46084934172119e-05
"2573",0
"2574",1.46084934172119e-05
"2575",0
"2576",0
"2577",1.46084934172119e-05
"2578",1.46084934172119e-05
"2579",0
"2580",0.000125289097805544
"2581",0.000125289097805544
"2582",0
"2583",0
"2584",0
"2585",0
"2586",1.46084934172119e-05
"2587",0
"2588",0
"2589",0
"2590",0
"2591",5.5267410741149e-06
"2592",0
"2593",0
"2594",0
"2595",0
"2596",0
"2597",0
"2598",0
"2599",5.5267410741149e-06
"2600",0
"2601",0
"2602",0
"2603",0
"2604",0
"2605",0
"2606",0
"2607",0
"2608",0
"2609",0
"2610",0
"2611",0
"2612",0
"2613",0
"2614",0
"2615",0
"2616",0
"2617",0
"2618",0
"2619",0
"2620",0
"2621",0
"2622",0
"2623",0
"2624",0
"2625",0
"2626",0
"2627",0
"2628",0
"2629",0
"2630",0
"2631",0
"2632",0
"2633",0
"2634",0
"2635",0
"2636",0
"2637",7.58564151403339e-05
"2638",0
"2639",0
"2640",0
"2641",0
"2642",0
"2643",0
"2644",0
"2645",0
"2646",0
"2647",0
"2648",0
"2649",0
"2650",0
"2651",0
"2652",0
"2653",0
"2654",0
"2655",0
"2656",0
"2657",0
"2658",0
"2659",0
"2660",0
"2661",0
"2662",0
"2663",0
"2664",0
"2665",0
"2666",0
"2667",0
"2668",0
"2669",0
"2670",0
"2671",0
"2672",0
"2673",0
"2674",0
"2675",0
"2676",6.93259986354582e-05
"2677",0
"2678",0
"2679",0
"2680",0
"2681",0
"2682",0
"2683",0
"2684",0
"2685",0
"2686",0
"2687",0
"2688",0
"2689",0
"2690",0
"2691",0
"2692",0
"2693",0
"2694",0
"2695",0
"2696",0
"2697",0
"2698",0
"2699",0
"2700",0
"2701",0
"2702",0
"2703",0
"2704",0
"2705",0
"2706",0
"2707",0
"2708",0
"2709",0
"2710",0
"2711",0
"2712",0
"2713",0
"2714",0
"2715",0
"2716",0
"2717",0
"2718",0
"2719",0
"2720",0
"2721",0
"2722",0
"2723",0
"2724",0
"2725",0
"2726",0
"2727",0
"2728",0
"2729",0
"2730",2.07499080082133e-05
"2731",2.07499080082133e-05
"2732",0
"2733",0
"2734",0
"2735",0
"2736",0
"2737",2.07499080082133e-05
"2738",0
"2739",0
"2740",0
"2741",0
"2742",0
"2743",2.07499080082133e-05
"2744",0
"2745",0
"2746",0
"2747",0
"2748",0
"2749",0
"2750",0
"2751",0
"2752",0.00548744712391735
"2753",0.0258403860035611
"2754",0.0706604482480322
"2755",0.0853480147348671
"2756",0.0610403937542862
"2757",0.0376936475055628
"2758",0.0828740241103192
"2759",0.0936925626774983
"2760",0.0407216159854859
"2761",0.0356346290527558
"2762",0
"2763",0.103946596706481
"2764",0.0613329112866379
"2765",0.0081340278617056
"2766",0
"2767",0.000852429679579162
"2768",0.00257319631591763
"2769",0.0140677262131204
"2770",0.0195941688572102
"2771",0.00999777064232913
"2772",0.0820732581837722
"2773",0.00682559339776118
"2774",9.18759311655282e-05
"2775",0.159322314115302
"2776",0.0251096108399277
"2777",0.00509654087451916
"2778",0.00565779355565572
"2779",0.0165137427058026
"2780",0.00777677097934673
"2781",0.0124157947940498
"2782",0.0115189093561238
"2783",0.0318311546159993
"2784",0.0124124350363895
"2785",0.0261605307881222
"2786",0.0269585829055553
"2787",0.000344045938638954
"2788",0.124564855803682
"2789",0.128573166447047
"2790",0.0914573326607559
"2791",0.00386810234415965
"2792",0.0373224966561551
"2793",0.117344823150564
"2794",0.00164243574834798
"2795",0.0138773725440841
"2796",0.00381195719580554
"2797",0.000715559804382976
