"","influenza_res"
"1",369.6875
"2",282.265625
"3",247.90625
"4",457.0625
"5",424.015625
"6",424.015625
"7",238.34375
"8",465.6875
"9",212.84375
"10",387.828125
"11",405.640625
"12",371.140625
"13",274.296875
"14",238.34375
"15",316.109375
"16",212.84375
"17",238.34375
"18",474.3125
"19",289.578125
"20",340.203125
"21",374.890625
"22",295.671875
"23",212.84375
"24",450.3125
"25",289.578125
"26",364.8125
"27",503.75
"28",218.28125
"29",254.234375
"30",328.390625
"31",254.234375
"32",420.828125
"33",238.34375
"34",393.125
"35",268.203125
"36",238.34375
"37",468.96875
"38",333.921875
"39",212.84375
"40",254.234375
"41",254.234375
"42",205.0625
"43",212.84375
"44",212.84375
"45",299.984375
"46",306.453125
"47",212.84375
"48",378.265625
"49",268.203125
"50",205.0625
"51",268.203125
"52",212.84375
"53",403.859375
"54",212.84375
"55",268.203125
"56",396.5
"57",522.5
"58",435.640625
"59",515
"60",272.234375
"61",355.25
"62",477.125
"63",250.71875
"64",250.71875
"65",250.71875
"66",250.71875
"67",604.25
"68",402.40625
"69",503.1875
"70",212.84375
"71",244.296875
"72",218.796875
"73",218.796875
"74",218.796875
"75",553.4375
"76",238.34375
"77",493.25
"78",238.15625
"79",536.1875
"80",286.53125
"81",535.8125
"82",232.34375
"83",232.34375
"84",232.34375
"85",275.46875
"86",275.46875
"87",275.46875
"88",280.71875
"89",275.46875
"90",274.671875
"91",232.34375
"92",264.359375
"93",377.375
"94",446.9375
"95",254.234375
"96",264.359375
"97",264.359375
"98",295.296875
"99",254.234375
"100",491.75
"101",264.359375
"102",499.625
"103",434.5625
"104",295.296875
"105",285.921875
"106",285.921875
"107",285.921875
"108",264.359375
"109",285.921875
"110",415.0625
"111",295.296875
"112",295.296875
"113",488.9375
"114",285.921875
"115",284.515625
"116",227
"117",390.6875
"118",220.25
"119",509.1875
"120",284.515625
"121",271.765625
"122",227
"123",227
"124",227
"125",227
"126",227
"127",226.953125
"128",227
"129",227
"130",227
"131",227
"132",227
"133",278.421875
"134",359.9375
"135",292.109375
"136",212.84375
"137",448.25
"138",591.125
"139",463.8125
"140",455.1875
"141",570.125
"142",393.5
"143",377.5625
"144",254.234375
"145",348.640625
"146",212.84375
"147",254.234375
"148",254.234375
"149",373.203125
"150",264.359375
"151",268.203125
"152",238.34375
"153",247.90625
"154",268.203125
"155",360.078125
"156",478.8125
"157",212.84375
"158",184.578125
"159",304.484375
"160",212.84375
"161",385.484375
"162",212.84375
"163",247.90625
"164",184.578125
"165",212.84375
"166",238.34375
"167",212.84375
"168",360.078125
"169",268.203125
"170",360.078125
"171",254.234375
"172",220.25
"173",286.015625
"174",212.84375
"175",268.203125
"176",348.359375
"177",240.921875
"178",155.9375
"179",330.921875
"180",461
"181",463.625
"182",346.296875
"183",385.0625
"184",490.625
"185",412.4375
"186",300.734375
"187",456.875
"188",458
"189",458.1875
"190",348.6875
"191",254.234375
"192",517.4375
"193",352.0625
"194",264.359375
"195",464
"196",466.0625
"197",491.1875
"198",550.4375
"199",492.5
"200",456.875
"201",329.375
"202",455.375
"203",492.5
"204",515.1875
"205",529.4375
"206",489.6875
"207",460.25
"208",458.375
"209",458
"210",500.375
"211",264.359375
"212",493.25
"213",468.5
"214",350.421875
"215",461
"216",477.3125
"217",389.75
"218",312.546875
"219",450.6875
"220",487.625
"221",516.3125
"222",442.0625
"223",347.421875
"224",281.796875
"225",554.5625
"226",493.0625
"227",493.25
"228",462.6875
"229",470.375
"230",443.9375
"231",493.25
"232",396.125
"233",457.4375
"234",269.046875
"235",447.5
"236",486.875
"237",425.5625
"238",445.8125
"239",335.9375
"240",254.234375
"241",458.5625
"242",495.875
"243",542.1875
"244",278.421875
"245",518.1875
"246",459.125
"247",269.421875
"248",492.5
"249",481.8125
"250",528.3125
"251",494.1875
"252",401
"253",451.4375
"254",463.25
"255",510.875
"256",438.3125
"257",410.75
"258",463.625
"259",461.5625
"260",390.5
"261",460.8125
"262",198.5
"263",417.5
"264",417.5
"265",184.0625
"266",461.5625
"267",363.125
"268",494.75
"269",458.5625
"270",463.25
"271",198.5
"272",425.375
"273",458.75
"274",471.125
"275",462.6875
"276",215.84375
"277",421.0625
"278",470.375
"279",198.5
"280",463.25
"281",359.1875
"282",460.8125
"283",198.5
"284",460.4375
"285",494.1875
"286",491.75
"287",587
"288",417.5
"289",198.5
"290",416.375
"291",330.265625
"292",460.8125
"293",454.625
"294",492.5
"295",446.5625
"296",198.5
"297",488.375
"298",184.0625
"299",198.5
"300",460.8125
"301",198.5
"302",463.25
"303",460.8125
"304",533
"305",451.8125
"306",489.875
"307",259.671875
"308",254.234375
"309",522.5
"310",359.375
"311",310.671875
"312",300.734375
"313",497.75
"314",493.25
"315",264.171875
"316",343.484375
"317",360.921875
"318",181.109375
"319",181.109375
"320",223.484375
"321",471.5
"322",181.109375
"323",572.375
"324",421.25
"325",309.734375
"326",368
"327",364.8125
"328",518.5625
"329",502.8125
"330",396.125
"331",490.625
"332",254.234375
"333",254.234375
"334",353.046875
"335",529.625
"336",254.234375
"337",404.1875
"338",282.734375
"339",420.125
"340",403.25
"341",578.375
"342",254.234375
"343",348.546875
"344",254.234375
"345",332.9375
"346",467.9375
"347",301.296875
"348",396.125
"349",257.796875
"350",415.8125
"351",486.5
"352",598.8125
"353",380.5625
"354",455.9375
"355",369.5
"356",264.359375
"357",403.25
"358",396.125
"359",470.9375
"360",301.296875
"361",350.9375
"362",254.234375
"363",465.875
"364",254.234375
"365",360.3125
"366",387.875
"367",457.0625
"368",452.75
"369",254.234375
"370",394.109375
"371",416.375
"372",210.921875
"373",210.921875
"374",175.390625
"375",175.390625
"376",175.390625
"377",175.390625
"378",175.390625
"379",504.875
"380",250.71875
"381",250.71875
"382",212.84375
"383",238.34375
"384",238.34375
"385",175.390625
"386",175.390625
"387",324.5
"388",232.34375
"389",491.375
"390",456.3125
"391",275.46875
"392",441.3125
"393",232.34375
"394",264.359375
"395",264.359375
"396",283.484375
"397",371.046875
"398",365.046875
"399",254.234375
"400",390.3125
"401",254.234375
"402",295.296875
"403",364.4375
"404",279.921875
"405",264.171875
"406",285.921875
"407",196.671875
"408",227
"409",227
"410",227
"411",482.28125
"412",285.078125
"413",419
"414",401.5625
"415",290.234375
"416",290.234375
"417",290.234375
"418",290.234375
"419",290.234375
"420",290.234375
"421",441.59375
"422",290.234375
"423",290.234375
"424",290.234375
"425",290.234375
"426",290.234375
"427",290.234375
"428",290.234375
"429",290.234375
"430",537.125
"431",290.234375
"432",290.234375
"433",290.234375
"434",290.234375
"435",290.234375
"436",290.234375
"437",290.234375
"438",290.234375
"439",290.234375
"440",290.234375
"441",290.234375
"442",290.234375
"443",290.234375
"444",290.234375
"445",290.234375
"446",290.234375
"447",290.234375
"448",290.234375
"449",290.234375
"450",290.234375
"451",290.234375
"452",290.234375
"453",290.234375
"454",290.234375
"455",290.234375
"456",290.234375
"457",290.234375
"458",290.234375
"459",290.234375
"460",290.234375
"461",577.8125
"462",290.234375
"463",442.25
"464",517.625
"465",452.5625
"466",375.828125
"467",492.5
"468",409.625
"469",290.234375
"470",290.234375
"471",460.4375
"472",290.234375
"473",290.234375
"474",302.796875
"475",470.375
"476",457.4375
"477",456.5
"478",290.234375
"479",290.234375
"480",290.234375
"481",290.234375
"482",290.234375
"483",312.921875
"484",517.8125
"485",491.75
"486",290.234375
"487",290.234375
"488",290.234375
"489",290.234375
"490",290.234375
"491",290.234375
"492",290.234375
"493",290.234375
"494",290.234375
"495",290.234375
"496",290.234375
"497",290.234375
"498",290.234375
"499",290.234375
"500",290.234375
"501",290.234375
"502",290.234375
"503",290.234375
"504",290.234375
"505",290.234375
"506",290.234375
"507",290.234375
"508",290.234375
"509",290.234375
"510",360.265625
"511",290.234375
"512",290.234375
"513",290.234375
"514",290.234375
"515",290.234375
"516",290.234375
"517",290.234375
"518",290.234375
"519",290.234375
"520",290.234375
"521",290.234375
"522",316.859375
"523",290.234375
"524",290.234375
"525",290.234375
"526",290.234375
"527",290.234375
"528",290.234375
"529",290.234375
"530",290.234375
"531",290.234375
"532",290.234375
"533",290.234375
"534",290.234375
"535",290.234375
"536",290.234375
"537",290.234375
"538",290.234375
"539",290.234375
"540",290.234375
"541",313.953125
"542",348.546875
"543",290.234375
"544",290.234375
"545",290.234375
"546",581.9375
"547",525.6875
"548",290.234375
"549",511.25
"550",290.234375
"551",437.75
"552",290.234375
"553",290.234375
"554",460.4375
"555",290.234375
"556",290.234375
"557",290.234375
"558",290.234375
"559",290.234375
"560",290.234375
"561",290.234375
"562",290.234375
"563",290.234375
"564",290.234375
"565",290.234375
"566",290.234375
"567",384.171875
"568",297.03125
"569",441.03125
"570",226.296875
"571",218.28125
"572",519.3125
"573",465.21875
"574",313.203125
"575",513.6875
"576",527.1875
"577",467.65625
"578",440.84375
"579",432.21875
"580",453.59375
"581",486.03125
"582",508.8125
"583",418.71875
"584",321.078125
"585",411.96875
"586",398.9375
"587",401.375
"588",410.65625
"589",218.28125
"590",522.3125
"591",325.71875
"592",500.1875
"593",349.15625
"594",281.84375
"595",417.40625
"596",187.765625
"597",309.921875
"598",392.84375
"599",470.65625
"600",455
"601",365
"602",369.78125
"603",184.578125
"604",256.53125
"605",395.1875
"606",469.0625
"607",184.578125
"608",462.3125
"609",466.8125
"610",307.484375
"611",478.25
"612",184.578125
"613",184.578125
"614",377.46875
"615",386.09375
"616",417.78125
"617",286.0625
"618",427.34375
"619",352.625
"620",292.109375
"621",325.109375
"622",398.75
"623",414.125
"624",492.03125
"625",548.5625
"626",352.625
"627",292.859375
"628",431.46875
"629",394.8125
"630",300.921875
"631",391.71875
"632",296.9375
"633",472.90625
"634",420.5
"635",397.34375
"636",253.671875
"637",381.96875
"638",348.6875
"639",417.78125
"640",585.5
"641",253.671875
"642",352.625
"643",324.125
"644",397.34375
"645",287.234375
"646",348.6875
"647",292.109375
"648",380.984375
"649",352.625
"650",352.625
"651",352.625
"652",352.625
"653",386.84375
"654",253.671875
"655",282.78125
"656",291.265625
"657",352.625
"658",287.234375
"659",460.0625
"660",247.90625
"661",418.15625
"662",348.6875
"663",352.625
"664",348.6875
"665",414.59375
"666",292.109375
"667",260.65625
"668",352.625
"669",502.15625
"670",397.71875
"671",402.875
"672",237.03125
"673",355.4375
"674",305.5625
"675",584
"676",425.421875
"677",237.03125
"678",237.03125
"679",287.234375
"680",420.3125
"681",348.6875
"682",287.234375
"683",287.234375
"684",247.90625
"685",532.4375
"686",467.1875
"687",490.0625
"688",247.90625
"689",318.265625
"690",425.1875
"691",260.28125
"692",330.171875
"693",294.359375
"694",287.234375
"695",527.5625
"696",210.96875
"697",205.0625
"698",285.734375
"699",278.46875
"700",221.140625
"701",221.140625
"702",441.125
"703",471.3125
"704",425
"705",449.375
"706",335.75
"707",205.0625
"708",221.140625
"709",288.078125
"710",450.6875
"711",437.9375
"712",500.5625
"713",314.9375
"714",320.703125
"715",314.9375
"716",419.75
"717",226.296875
"718",480.125
"719",355.296875
"720",428.1875
"721",359.234375
"722",505.4375
"723",473.1875
"724",460.4375
"725",221.140625
"726",438.3125
"727",450.3125
"728",221.140625
"729",432.3125
"730",436.4375
"731",221.140625
"732",427.25
"733",420.546875
"734",221.140625
"735",221.140625
"736",466.0625
"737",312.265625
"738",308.609375
"739",335.5625
"740",388.8125
"741",205.0625
"742",417.3125
"743",221.140625
"744",221.140625
"745",308.609375
"746",205.0625
"747",361.109375
"748",221.140625
"749",221.140625
"750",332.421875
"751",226.296875
"752",205.0625
"753",221.140625
"754",205.0625
"755",221.140625
"756",305.328125
"757",221.140625
"758",205.0625
"759",221.140625
"760",366.5
"761",205.0625
"762",342.171875
"763",221.140625
"764",279.453125
"765",424.625
"766",278.515625
"767",275.703125
"768",428.375
"769",314.9375
"770",226.296875
"771",477.3125
"772",542.375
"773",205.0625
"774",304.859375
"775",286.765625
"776",221.140625
"777",285.828125
"778",327.828125
"779",506
"780",438.6875
"781",221.140625
"782",460.25
"783",243.078125
"784",221.140625
"785",353.1875
"786",314.9375
"787",482.375
"788",479.984375
"789",495.3125
"790",221.140625
"791",385.53125
"792",414.125
"793",311
"794",337.0625
"795",357.03125
"796",317.28125
"797",302.890625
"798",220.25
"799",220.25
"800",343.15625
"801",205.0625
"802",386.375
"803",436.0625
"804",314.9375
"805",423.96875
"806",226.296875
"807",275.703125
"808",249.3125
"809",205.0625
"810",521
"811",258.640625
"812",205.0625
"813",348.921875
"814",205.0625
"815",205.0625
"816",254.234375
"817",438.3125
"818",254.234375
"819",269.421875
"820",254.234375
"821",220.25
"822",289.34375
"823",220.25
"824",220.25
"825",220.25
"826",212.84375
"827",212.84375
"828",335.46875
"829",264.171875
"830",440.375
"831",413.1875
"832",437.84375
"833",421.15625
"834",418.34375
"835",407.09375
"836",342.21875
"837",394.0625
"838",525.125
"839",360.59375
"840",290.1875
"841",458.09375
"842",397.4375
"843",382.53125
"844",342.21875
"845",484.625
"846",470.375
"847",342.21875
"848",527.9375
"849",238.34375
"850",342.21875
"851",478.0625
"852",576.5
"853",396.96875
"854",521.1875
"855",320.65625
"856",574.625
"857",450.40625
"858",281.609375
"859",238.34375
"860",529.625
"861",400.90625
"862",357.171875
"863",387.40625
"864",279.734375
"865",342.21875
"866",274.109375
"867",411.5
"868",312.40625
"869",421.15625
"870",518.1875
"871",540.875
"872",350.46875
"873",238.34375
"874",290.28125
"875",388.71875
"876",453.875
"877",342.21875
"878",342.21875
"879",328.0625
"880",521.1875
"881",369.78125
"882",343.71875
"883",312.40625
"884",351.21875
"885",399.40625
"886",479.5625
"887",312.40625
"888",362.75
"889",263.796875
"890",293.609375
"891",342.21875
"892",342.21875
"893",498.03125
"894",290.28125
"895",287.421875
"896",335.65625
"897",340.15625
"898",298.90625
"899",574.0625
"900",238.34375
"901",322.34375
"902",244.859375
"903",322.34375
"904",322.34375
"905",244.859375
"906",276.734375
"907",276.734375
"908",322.34375
"909",244.859375
"910",318.59375
"911",280.859375
"912",244.859375
"913",388.109375
"914",280.859375
"915",315.40625
"916",296.65625
"917",255.359375
"918",244.859375
"919",318.59375
"920",315.40625
"921",276.734375
"922",405.6875
"923",286.484375
"924",318.59375
"925",280.859375
"926",539.375
"927",366.171875
"928",462.3125
"929",244.859375
"930",276.734375
"931",276.734375
"932",337.4375
"933",469.25
"934",244.859375
"935",276.734375
"936",244.859375
"937",364.109375
"938",322.34375
"939",315.40625
"940",325.109375
"941",286.484375
"942",276.734375
"943",318.59375
"944",244.859375
"945",244.859375
"946",318.59375
"947",244.859375
"948",488.5625
"949",332.515625
"950",314.328125
"951",250.578125
"952",209.984375
"953",245.375
"954",355.71875
"955",260.84375
"956",347.09375
"957",194.140625
"958",339.59375
"959",194.140625
"960",407.9375
"961",194.140625
"962",194.140625
"963",263.140625
"964",209.46875
"965",293.9375
"966",370.625
"967",187.71875
"968",187.71875
"969",187.71875
"970",370.625
"971",187.71875
"972",187.71875
"973",313.015625
"974",348.6875
"975",348.6875
"976",187.71875
"977",406.0625
"978",216.265625
"979",187.71875
"980",187.71875
"981",232.8125
"982",292.0625
"983",325.4375
"984",194.140625
"985",194.140625
"986",194.140625
"987",345.59375
"988",194.140625
"989",194.140625
"990",187.71875
"991",187.71875
"992",187.71875
"993",187.71875
"994",190.0625
"995",214.671875
"996",190.0625
"997",195.921875
"998",190.0625
"999",195.921875
"1000",190.0625
"1001",190.0625
"1002",195.921875
"1003",262.859375
"1004",190.0625
"1005",276.03125
"1006",190.0625
"1007",190.0625
"1008",190.0625
"1009",190.0625
"1010",299
"1011",190.0625
"1012",190.0625
"1013",281.984375
"1014",190.0625
"1015",190.0625
"1016",329.1875
"1017",230.796875
"1018",190.0625
"1019",243.40625
"1020",319.25
"1021",316.484375
"1022",369.875
"1023",190.0625
"1024",263.28125
"1025",190.0625
"1026",314.984375
"1027",190.0625
"1028",265.671875
"1029",239.515625
"1030",190.0625
"1031",190.0625
"1032",297.03125
"1033",258.359375
"1034",190.0625
"1035",190.0625
"1036",199.203125
"1037",396.5
"1038",199.203125
"1039",284.46875
"1040",265.15625
"1041",498.125
"1042",398.28125
"1043",199.203125
"1044",284.46875
"1045",214.390625
"1046",280.53125
"1047",258.03125
"1048",244.859375
"1049",199.203125
"1050",214.390625
"1051",199.203125
"1052",389.375
"1053",240.359375
"1054",240.359375
"1055",397.15625
"1056",199.203125
"1057",257.796875
"1058",289.484375
"1059",199.203125
"1060",325.8125
"1061",264.546875
"1062",525.875
"1063",284.46875
"1064",393.359375
"1065",376.34375
"1066",387.40625
"1067",199.203125
"1068",386.9375
"1069",258.03125
"1070",283.671875
"1071",199.203125
"1072",238.15625
"1073",238.15625
"1074",260.09375
"1075",238.15625
"1076",256.859375
"1077",238.15625
"1078",255.359375
"1079",351.359375
"1080",203.65625
"1081",325.484375
"1082",260.09375
"1083",203.65625
"1084",203.65625
"1085",238.15625
"1086",257.984375
"1087",238.15625
"1088",203.65625
"1089",433.25
"1090",238.15625
"1091",349.671875
"1092",368.796875
"1093",280.34375
"1094",203.65625
"1095",238.15625
"1096",282.640625
"1097",235.90625
"1098",235.90625
"1099",439.625
"1100",312.3125
"1101",455.75
"1102",335.09375
"1103",354.875
"1104",335.328125
"1105",330.640625
"1106",420.3125
"1107",235.90625
"1108",366.453125
"1109",235.90625
"1110",269.421875
"1111",346.15625
"1112",235.90625
"1113",235.90625
"1114",282.640625
"1115",235.90625
"1116",235.90625
"1117",235.90625
"1118",235.90625
"1119",235.90625
"1120",235.90625
"1121",235.90625
"1122",235.90625
"1123",432.3125
"1124",209.984375
"1125",235.90625
"1126",235.90625
"1127",235.90625
"1128",312.3125
"1129",235.90625
"1130",235.90625
"1131",235.90625
"1132",235.90625
"1133",235.90625
"1134",235.90625
"1135",235.90625
"1136",346.15625
"1137",235.90625
"1138",287.234375
"1139",184.90625
"1140",184.90625
"1141",238.34375
"1142",309.640625
"1143",338.46875
"1144",184.90625
"1145",184.90625
"1146",184.90625
"1147",378.875
"1148",209.984375
"1149",209.984375
"1150",209.984375
"1151",209.984375
"1152",209.984375
"1153",209.984375
"1154",209.984375
"1155",344.1875
"1156",184.90625
"1157",184.90625
"1158",184.90625
"1159",258.03125
"1160",250.71875
"1161",250.71875
"1162",250.71875
"1163",328.90625
"1164",250.71875
"1165",299.65625
"1166",275.09375
"1167",250.71875
"1168",250.71875
"1169",299.65625
"1170",250.71875
"1171",231.78125
"1172",231.78125
"1173",231.78125
"1174",231.78125
"1175",231.78125
"1176",231.78125
"1177",231.78125
"1178",231.78125
"1179",231.78125
"1180",231.78125
"1181",231.78125
"1182",289.34375
"1183",250.71875
"1184",250.71875
"1185",250.71875
"1186",250.71875
"1187",250.71875
"1188",250.71875
"1189",275.09375
"1190",323.09375
"1191",250.71875
"1192",250.71875
"1193",250.71875
"1194",250.71875
"1195",283.671875
"1196",231.78125
"1197",231.78125
"1198",231.78125
"1199",231.78125
"1200",231.78125
"1201",288.359375
"1202",231.78125
"1203",397.625
"1204",231.78125
"1205",399.3125
"1206",231.78125
"1207",197.84375
"1208",270.734375
"1209",370.296875
"1210",197.84375
"1211",439.25
"1212",396.125
"1213",315.921875
"1214",368.421875
"1215",315.921875
"1216",367.484375
"1217",545
"1218",458
"1219",542
"1220",315.921875
"1221",315.921875
"1222",290.234375
"1223",290.234375
"1224",356
"1225",356
"1226",290.234375
"1227",468.6875
"1228",290.234375
"1229",290.234375
"1230",446.75
"1231",343.484375
"1232",290.234375
"1233",290.234375
"1234",436.8125
"1235",290.234375
"1236",524.5625
"1237",402.125
"1238",358.4375
"1239",549.875
"1240",290.234375
"1241",551.1875
"1242",499.0625
"1243",446.9375
"1244",484.0625
"1245",290.234375
"1246",391.25
"1247",290.234375
"1248",491
"1249",455.5625
"1250",358.4375
"1251",334.109375
"1252",290.234375
"1253",290.234375
"1254",427.625
"1255",626.1875
"1256",290.234375
"1257",457.25
"1258",440.9375
"1259",478.25
"1260",370.578125
"1261",290.234375
"1262",290.234375
"1263",290.234375
"1264",290.234375
"1265",290.234375
"1266",290.234375
"1267",290.234375
"1268",290.234375
"1269",316.859375
"1270",290.234375
"1271",290.234375
"1272",464.375
"1273",411.875
"1274",304.90625
"1275",511.8125
"1276",196.671875
"1277",528.6875
"1278",424.25
"1279",509.1875
"1280",275.09375
"1281",376.4375
"1282",275.09375
"1283",235.90625
"1284",305.375
"1285",328.0625
"1286",441.125
"1287",183.125
"1288",344.75
"1289",495.5
"1290",188.046875
"1291",250.71875
"1292",188.046875
"1293",394.109375
"1294",361.25
"1295",308.375
"1296",434.5625
"1297",250.71875
"1298",250.71875
"1299",358.90625
"1300",443.1875
"1301",354.875
"1302",196.671875
"1303",175.015625
"1304",463.25
"1305",281.84375
"1306",349.25
"1307",368.375
"1308",420.6875
"1309",380.1875
"1310",397.25
"1311",196.671875
"1312",407.1875
"1313",429.125
"1314",284.75
"1315",262.625
"1316",235.90625
"1317",235.90625
"1318",312.3125
"1319",496.0625
"1320",250.859375
"1321",183.125
"1322",196.671875
"1323",318.3125
"1324",462.875
"1325",452.5625
"1326",328.34375
"1327",235.90625
"1328",250.71875
"1329",250.71875
"1330",405.59375
"1331",507.5
"1332",470.5625
"1333",275.09375
"1334",423.6875
"1335",398.9375
"1336",372.3125
"1337",496.0625
"1338",514.25
"1339",312.3125
"1340",482.5625
"1341",278.1875
"1342",456.6875
"1343",453.875
"1344",231.78125
"1345",188.046875
"1346",374.046875
"1347",400.25
"1348",305.375
"1349",250.71875
"1350",317.9375
"1351",250.71875
"1352",250.71875
"1353",320.65625
"1354",453.875
"1355",231.78125
"1356",410.9375
"1357",432.5
"1358",498.6875
"1359",275.09375
"1360",312.3125
"1361",346.15625
"1362",183.125
"1363",389.9375
"1364",312.3125
"1365",250.71875
"1366",305.375
"1367",177.21875
"1368",502.625
"1369",300.453125
"1370",477.875
"1371",513.3125
"1372",275.09375
"1373",502.8125
"1374",416.75
"1375",457.625
"1376",250.71875
"1377",267.171875
"1378",278.1875
"1379",528.125
"1380",303.875
"1381",188.046875
"1382",574.0625
"1383",425.5625
"1384",474.3125
"1385",425
"1386",422.375
"1387",569.375
"1388",183.125
"1389",275.09375
"1390",468.875
"1391",465.875
"1392",330.3125
"1393",445.0625
"1394",483.125
"1395",360.3125
"1396",394.0625
"1397",418.25
"1398",390.6875
"1399",458.375
"1400",545.5625
"1401",317.328125
"1402",235.90625
"1403",188.046875
"1404",464.5625
"1405",401.9375
"1406",250.71875
"1407",499.8125
"1408",527.1875
"1409",431.1875
"1410",244.390625
"1411",317.5625
"1412",474.6875
"1413",175.015625
"1414",372.125
"1415",357.3125
"1416",431.5625
"1417",322.296875
"1418",231.78125
"1419",302.65625
"1420",491.75
"1421",408.875
"1422",485
"1423",250.71875
"1424",303.875
"1425",410
"1426",553.8125
"1427",177.21875
"1428",250.71875
"1429",177.21875
"1430",278.1875
"1431",221.140625
"1432",317.984375
"1433",454.0625
"1434",560
"1435",303.875
"1436",424.625
"1437",443.75
"1438",419
"1439",312.3125
"1440",312.3125
"1441",235.90625
"1442",209.984375
"1443",250.71875
"1444",333.96875
"1445",235.90625
"1446",175.015625
"1447",235.90625
"1448",177.21875
"1449",296.9375
"1450",250.71875
"1451",188.046875
"1452",467.375
"1453",417.5
"1454",447.6875
"1455",188.046875
"1456",275.09375
"1457",188.046875
"1458",337.0625
"1459",278.1875
"1460",235.90625
"1461",188.046875
"1462",380.1875
"1463",530.9375
"1464",231.78125
"1465",476.375
"1466",278.421875
"1467",235.90625
"1468",244.390625
"1469",235.90625
"1470",248.28125
"1471",361.25
"1472",303.875
"1473",235.90625
"1474",177.21875
"1475",409.25
"1476",268.8125
"1477",406.4375
"1478",250.71875
"1479",292.015625
"1480",235.90625
"1481",402.875
"1482",235.90625
"1483",231.78125
"1484",401.75
"1485",346.15625
"1486",166.484375
"1487",235.90625
"1488",183.125
"1489",235.90625
"1490",183.125
"1491",303.875
"1492",412.296875
"1493",382.8125
"1494",235.90625
"1495",177.21875
"1496",235.90625
"1497",286.4375
"1498",429.875
"1499",183.125
"1500",235.90625
"1501",235.90625
"1502",166.484375
"1503",231.78125
"1504",289.625
"1505",235.90625
"1506",312.3125
"1507",188.046875
"1508",235.90625
"1509",175.015625
"1510",183.125
"1511",235.90625
"1512",460.25
"1513",287.234375
"1514",477.3125
"1515",250.71875
"1516",196.671875
"1517",346.15625
"1518",250.71875
"1519",231.78125
"1520",235.90625
"1521",398.9375
"1522",188.046875
"1523",235.90625
"1524",188.046875
"1525",258.5
"1526",348.6875
"1527",188.046875
"1528",454.8125
"1529",429.125
"1530",346.15625
"1531",231.78125
"1532",302.421875
"1533",239.609375
"1534",378.125
"1535",268.296875
"1536",188.046875
"1537",428.75
"1538",250.71875
"1539",235.90625
"1540",464.375
"1541",302.421875
"1542",250.71875
"1543",302.65625
"1544",183.125
"1545",441.6875
"1546",461.1875
"1547",250.71875
"1548",250.71875
"1549",250.71875
"1550",312.3125
"1551",545.5625
"1552",183.125
"1553",453.125
"1554",480.3125
"1555",254.234375
"1556",237.03125
"1557",250.71875
"1558",250.71875
"1559",443.1875
"1560",462.3125
"1561",250.71875
"1562",516.6875
"1563",397.25
"1564",497.1875
"1565",514.25
"1566",250.71875
"1567",467.375
"1568",413.75
"1569",235.90625
"1570",183.125
"1571",250.71875
"1572",364.625
"1573",304.90625
"1574",188.046875
"1575",388.25
"1576",310.390625
"1577",302.65625
"1578",361.8125
"1579",427.0625
"1580",250.109375
"1581",389
"1582",545.5625
"1583",534.875
"1584",509.9375
"1585",188.046875
"1586",425.375
"1587",291.5
"1588",183.125
"1589",418.25
"1590",177.21875
"1591",555.3125
"1592",478.25
"1593",305.375
"1594",452.796875
"1595",466.25
"1596",507.3125
"1597",177.21875
"1598",328.0625
"1599",250.71875
"1600",358.109375
"1601",312.3125
"1602",324.125
"1603",250.71875
"1604",250.71875
"1605",188.046875
"1606",196.671875
"1607",250.71875
"1608",582.5
"1609",569.1875
"1610",250.71875
"1611",353.046875
"1612",188.046875
"1613",377.75
"1614",430.8125
"1615",183.125
"1616",209.984375
"1617",312.3125
"1618",235.90625
"1619",312.3125
"1620",339.59375
"1621",177.21875
"1622",244.390625
"1623",381.3125
"1624",250.71875
"1625",338.09375
"1626",302.65625
"1627",188.046875
"1628",235.90625
"1629",383.75
"1630",250.71875
"1631",591.125
"1632",442.0625
"1633",209.984375
"1634",188.046875
"1635",312.3125
"1636",349.25
"1637",196.671875
"1638",333.96875
"1639",333.96875
"1640",235.90625
"1641",412.671875
"1642",231.78125
"1643",188.046875
"1644",296.1875
"1645",196.671875
"1646",369.828125
"1647",250.71875
"1648",235.90625
"1649",282.640625
"1650",177.21875
"1651",250.71875
"1652",209.984375
"1653",376.0625
"1654",469.625
"1655",451.0625
"1656",296.9375
"1657",188.046875
"1658",372.125
"1659",409.25
"1660",183.125
"1661",312.3125
"1662",403.0625
"1663",188.046875
"1664",250.71875
"1665",308.796875
"1666",461.75
"1667",231.78125
"1668",166.484375
"1669",349.859375
"1670",483.125
"1671",352.0625
"1672",311.984375
"1673",411.125
"1674",417.3125
"1675",333.96875
"1676",235.90625
"1677",183.125
"1678",305.375
"1679",260.28125
"1680",166.484375
"1681",241.296875
"1682",250.71875
"1683",390.5
"1684",318.265625
"1685",250.71875
"1686",455.75
"1687",305.375
"1688",305.09375
"1689",235.90625
"1690",175.015625
"1691",175.015625
"1692",250.71875
"1693",278.1875
"1694",188.046875
"1695",188.046875
"1696",363.5
"1697",459.6875
"1698",237.03125
"1699",417.3125
"1700",312.3125
"1701",177.21875
"1702",196.671875
"1703",312.3125
"1704",300.59375
"1705",431.75
"1706",188.046875
"1707",196.671875
"1708",227.28125
"1709",188.046875
"1710",250.71875
"1711",231.78125
"1712",177.21875
"1713",235.90625
"1714",287.234375
"1715",333.96875
"1716",314.984375
"1717",409.25
"1718",166.484375
"1719",294.546875
"1720",250.71875
"1721",430.625
"1722",235.90625
"1723",421.25
"1724",235.90625
"1725",388.625
"1726",188.046875
"1727",348.6875
"1728",188.046875
"1729",403.4375
"1730",235.90625
"1731",209.984375
"1732",209.984375
"1733",177.21875
"1734",235.90625
"1735",294.078125
"1736",209.984375
"1737",250.71875
"1738",250.71875
"1739",183.125
"1740",177.21875
"1741",196.671875
"1742",250.71875
"1743",469.0625
"1744",196.671875
"1745",235.90625
"1746",235.90625
"1747",231.78125
"1748",369.734375
"1749",386.75
"1750",312.3125
"1751",358.90625
"1752",369.125
"1753",363.5
"1754",489.6875
"1755",452.9375
"1756",286.4375
"1757",456.3125
"1758",250.71875
"1759",250.71875
"1760",177.21875
"1761",310.8125
"1762",282.640625
"1763",254.234375
"1764",237.03125
"1765",235.90625
"1766",183.125
"1767",287.234375
"1768",333.96875
"1769",235.90625
"1770",231.78125
"1771",209.984375
"1772",358.8125
"1773",312.3125
"1774",305.375
"1775",188.046875
"1776",250.71875
"1777",188.046875
"1778",231.78125
"1779",235.90625
"1780",220.25
"1781",188.046875
"1782",286.4375
"1783",235.90625
"1784",382.25
"1785",109.15625
"1786",250.71875
"1787",312.3125
"1788",250.71875
"1789",369.78125
"1790",243.359375
"1791",237.03125
"1792",235.90625
"1793",235.90625
"1794",348.6875
"1795",250.71875
"1796",235.90625
"1797",346.15625
"1798",188.046875
"1799",316.4375
"1800",370.4375
"1801",250.71875
"1802",221.140625
"1803",282.640625
"1804",302.421875
"1805",250.71875
"1806",250.71875
"1807",290.234375
"1808",425.9375
"1809",250.71875
"1810",449.75
"1811",250.71875
"1812",374.09375
"1813",235.90625
"1814",544.8125
"1815",410.5625
"1816",235.90625
"1817",235.90625
"1818",235.90625
"1819",244.859375
"1820",308.375
"1821",188.046875
"1822",196.671875
"1823",177.21875
"1824",459.5
"1825",455.1875
"1826",360.3125
"1827",235.90625
"1828",330.640625
"1829",400.25
"1830",177.21875
"1831",433.25
"1832",250.71875
"1833",278.1875
"1834",345.3125
"1835",250.71875
"1836",312.3125
"1837",346.15625
"1838",235.90625
"1839",287.234375
"1840",338.09375
"1841",254.28125
"1842",296.9375
"1843",288.171875
"1844",290.234375
"1845",196.671875
"1846",421.0625
"1847",250.71875
"1848",354.921875
"1849",594.875
"1850",196.671875
"1851",235.90625
"1852",235.90625
"1853",282.640625
"1854",235.90625
"1855",250.71875
"1856",175.015625
"1857",188.046875
"1858",278.421875
"1859",369.3125
"1860",250.71875
"1861",302.421875
"1862",441.125
"1863",177.21875
"1864",231.78125
"1865",250.71875
"1866",312.3125
"1867",250.71875
"1868",303.875
"1869",188.046875
"1870",237.03125
"1871",177.21875
"1872",421.0625
"1873",422.75
"1874",458.75
"1875",456.5
"1876",453.125
"1877",418.8125
"1878",458
"1879",572.1875
"1880",458.75
"1881",543.6875
"1882",458.75
"1883",535.8125
"1884",420.5
"1885",456.3125
"1886",189.3125
"1887",485
"1888",459.875
"1889",386.375
"1890",197.84375
"1891",368
"1892",420.3125
"1893",416.75
"1894",368.375
"1895",459.875
"1896",458
"1897",458
"1898",412.8125
"1899",420.3125
"1900",360.3125
"1901",356.75
"1902",482.1875
"1903",290.375
"1904",247.296875
"1905",410.375
"1906",197.84375
"1907",197.84375
"1908",369.5
"1909",420.3125
"1910",406.25
"1911",197.84375
"1912",474.125
"1913",302.5625
"1914",174.78125
"1915",174.78125
"1916",174.78125
"1917",434.75
"1918",174.78125
"1919",442.8125
"1920",174.78125
"1921",368.75
"1922",239.609375
"1923",453.3125
"1924",514.0625
"1925",391.8125
"1926",368.75
"1927",444.125
"1928",402.6875
"1929",318.3125
"1930",314.046875
"1931",412.625
"1932",359
"1933",364.625
"1934",414.125
"1935",455.5625
"1936",396.3125
"1937",388.4375
"1938",260.234375
"1939",366.3125
"1940",308.5625
"1941",455.5625
"1942",459.5
"1943",418.0625
"1944",411.3125
"1945",455.5625
"1946",368.75
"1947",524.5625
"1948",376.25
"1949",453.5
"1950",388.0625
"1951",446
"1952",368.75
"1953",482.9375
"1954",384.5
"1955",431.75
"1956",487.0625
"1957",372.3125
"1958",417.875
"1959",411.3125
"1960",318.3125
"1961",449.1875
"1962",411.3125
"1963",346.8125
"1964",405.125
"1965",239.609375
"1966",239.609375
"1967",368.75
"1968",239.609375
"1969",239.609375
"1970",392
"1971",239.609375
"1972",351.875
"1973",359
"1974",364.625
"1975",239.609375
"1976",395.75
"1977",271.015625
"1978",367.8125
"1979",405.125
"1980",498.125
"1981",374.5625
"1982",308.5625
"1983",374.5625
"1984",426.3125
"1985",371.796875
"1986",412.625
"1987",455.5625
"1988",239.609375
"1989",562.0625
"1990",286.4375
"1991",286.4375
"1992",286.4375
"1993",286.4375
"1994",377.75
"1995",286.4375
"1996",357.3125
"1997",357.3125
"1998",335
"1999",286.4375
"2000",357.3125
"2001",363.5
"2002",328.0625
"2003",365.1875
"2004",335
"2005",328.0625
"2006",286.4375
"2007",286.4375
"2008",406.0625
"2009",328.0625
"2010",452.5625
"2011",401.9375
"2012",406.8125
"2013",286.4375
"2014",457.0625
"2015",328.0625
"2016",357.3125
"2017",410.1875
"2018",328.0625
"2019",286.4375
"2020",338.1875
"2021",365.1875
"2022",357.3125
"2023",286.4375
"2024",410.1875
"2025",406.8125
"2026",410
"2027",410.1875
"2028",286.4375
"2029",286.4375
"2030",369.5
"2031",357.3125
"2032",357.3125
"2033",403.8125
"2034",357.3125
"2035",365.1875
"2036",357.3125
"2037",439.4375
"2038",286.4375
"2039",414.3125
"2040",328.0625
"2041",452.5625
"2042",337.0625
"2043",410.1875
"2044",357.3125
"2045",328.0625
"2046",441.3125
"2047",407.5625
"2048",335
"2049",286.4375
"2050",430.25
"2051",505.4375
"2052",357.3125
"2053",450.6875
"2054",344.75
"2055",399.875
"2056",406.8125
"2057",470.5625
"2058",365.1875
"2059",337.0625
"2060",328.0625
"2061",357.3125
"2062",403.4375
"2063",365.1875
"2064",390.875
"2065",403.4375
"2066",338.1875
"2067",357.3125
"2068",286.4375
"2069",401.375
"2070",328.0625
"2071",399.875
"2072",331.8125
"2073",286.4375
"2074",415.625
"2075",335
"2076",286.4375
"2077",406.625
"2078",328.0625
"2079",357.3125
"2080",353.375
"2081",286.4375
"2082",357.3125
"2083",399.875
"2084",387.875
"2085",328.0625
"2086",357.3125
"2087",305.375
"2088",380.9375
"2089",286.4375
"2090",286.4375
"2091",286.4375
"2092",357.3125
"2093",286.4375
"2094",286.4375
"2095",286.4375
"2096",286.4375
"2097",286.4375
"2098",407.5625
"2099",403.4375
"2100",328.0625
"2101",328.0625
"2102",286.4375
"2103",382.25
"2104",286.4375
"2105",286.4375
"2106",443.1875
"2107",286.4375
"2108",379.4375
"2109",286.4375
"2110",357.875
"2111",337.0625
"2112",299.75
"2113",422.5625
"2114",286.4375
"2115",328.0625
"2116",328.0625
"2117",523.4375
"2118",286.4375
"2119",382.8125
"2120",286.4375
"2121",357.3125
"2122",328.0625
"2123",328.0625
"2124",383.375
"2125",331.8125
"2126",403.8125
"2127",299.75
"2128",403.4375
"2129",357.3125
"2130",307.484375
"2131",302.421875
"2132",302.421875
"2133",302.421875
"2134",302.421875
"2135",302.421875
"2136",369.875
"2137",302.421875
"2138",349.25
"2139",338.1875
"2140",302.421875
"2141",346.625
"2142",349.25
"2143",382.25
"2144",302.421875
"2145",302.421875
"2146",380.75
"2147",404.796875
"2148",346.625
"2149",423.125
"2150",389.984375
"2151",379.671875
"2152",302.421875
"2153",349.859375
"2154",419.1875
"2155",302.421875
"2156",338.1875
"2157",327.171875
"2158",349.859375
"2159",302.421875
"2160",302.421875
"2161",302.421875
"2162",338.1875
"2163",380.75
"2164",349.25
"2165",302.421875
"2166",349.25
"2167",349.859375
"2168",338.1875
"2169",446.9375
"2170",302.421875
"2171",302.421875
"2172",412.0625
"2173",338.1875
"2174",302.421875
"2175",338.1875
"2176",410.5625
"2177",302.421875
"2178",367.484375
"2179",302.421875
"2180",399.5
"2181",302.421875
"2182",385.625
"2183",497
"2184",302.421875
"2185",346.625
"2186",349.25
"2187",396.875
"2188",396.171875
"2189",302.421875
"2190",561.6875
"2191",302.421875
"2192",363.921875
"2193",302.421875
"2194",302.421875
"2195",349.25
"2196",356.796875
"2197",338.1875
"2198",338.1875
"2199",398.9375
"2200",343.859375
"2201",302.421875
"2202",349.25
"2203",302.421875
"2204",302.421875
"2205",389
"2206",302.421875
"2207",302.421875
"2208",353.796875
"2209",338.1875
"2210",410.5625
"2211",363.921875
"2212",349.25
"2213",302.421875
"2214",302.421875
"2215",349.25
"2216",314.609375
"2217",366.171875
"2218",302.421875
"2219",349.25
"2220",534.875
"2221",349.25
"2222",338.1875
"2223",385.4375
"2224",338.1875
"2225",302.421875
"2226",338.1875
"2227",338.1875
"2228",278.1875
"2229",278.1875
"2230",278.1875
"2231",315.3125
"2232",278.1875
"2233",278.1875
"2234",278.1875
"2235",278.1875
"2236",360.125
"2237",317.46875
"2238",278.1875
"2239",317.46875
"2240",278.1875
"2241",360.6875
"2242",406.4375
"2243",460.25
"2244",324.125
"2245",278.1875
"2246",278.1875
"2247",278.1875
"2248",349.71875
"2249",278.1875
"2250",278.1875
"2251",278.1875
"2252",278.1875
"2253",317.46875
"2254",278.1875
"2255",324.125
"2256",278.1875
"2257",278.1875
"2258",356
"2259",278.1875
"2260",278.1875
"2261",324.125
"2262",278.1875
"2263",278.1875
"2264",278.1875
"2265",317.46875
"2266",278.1875
"2267",278.1875
"2268",324.125
"2269",278.1875
"2270",278.1875
"2271",362.46875
"2272",278.1875
"2273",278.1875
"2274",278.1875
"2275",278.1875
"2276",278.1875
"2277",278.1875
"2278",378.125
"2279",278.1875
"2280",278.1875
"2281",317.46875
"2282",278.1875
"2283",278.1875
"2284",278.1875
"2285",278.1875
"2286",278.1875
"2287",317.46875
"2288",278.1875
"2289",278.1875
"2290",317.46875
"2291",278.1875
"2292",278.1875
"2293",278.1875
"2294",278.1875
"2295",278.1875
"2296",362.46875
"2297",278.1875
"2298",278.1875
"2299",278.1875
"2300",278.1875
"2301",278.1875
"2302",278.1875
"2303",394.0625
"2304",360.6875
"2305",278.1875
"2306",278.1875
"2307",278.1875
"2308",278.1875
"2309",278.1875
"2310",278.1875
"2311",278.1875
"2312",278.1875
"2313",278.1875
"2314",278.1875
"2315",278.1875
"2316",278.1875
"2317",278.1875
"2318",278.1875
"2319",278.1875
"2320",278.1875
"2321",278.1875
"2322",278.1875
"2323",278.1875
"2324",278.1875
"2325",278.1875
"2326",278.1875
"2327",278.1875
"2328",317.46875
"2329",317.46875
"2330",317.46875
"2331",247.90625
"2332",314.1875
"2333",286.0625
"2334",247.90625
"2335",321.359375
"2336",247.90625
"2337",271.4375
"2338",247.90625
"2339",247.90625
"2340",247.90625
"2341",292.53125
"2342",247.90625
"2343",247.90625
"2344",404.984375
"2345",309.21875
"2346",247.90625
"2347",247.90625
"2348",247.90625
"2349",247.90625
"2350",247.90625
"2351",247.90625
"2352",286.0625
"2353",247.90625
"2354",355.109375
"2355",247.90625
"2356",247.90625
"2357",355.8125
"2358",247.90625
"2359",247.90625
"2360",346.859375
"2361",247.90625
"2362",286.0625
"2363",247.90625
"2364",247.90625
"2365",247.90625
"2366",355.8125
"2367",247.90625
"2368",271.4375
"2369",355.109375
"2370",247.90625
"2371",271.4375
"2372",247.90625
"2373",355.109375
"2374",355.8125
"2375",276.40625
"2376",247.90625
"2377",396.125
"2378",247.90625
"2379",247.90625
"2380",247.90625
"2381",247.90625
"2382",247.90625
"2383",247.90625
"2384",247.90625
"2385",247.90625
"2386",247.90625
"2387",247.90625
"2388",348.546875
"2389",355.8125
"2390",247.90625
"2391",247.90625
"2392",247.90625
"2393",388.671875
"2394",247.90625
"2395",247.90625
"2396",247.90625
"2397",355.109375
"2398",247.90625
"2399",247.90625
"2400",247.90625
"2401",309.734375
"2402",247.90625
"2403",355.8125
"2404",247.90625
"2405",247.90625
"2406",290.234375
"2407",305.046875
"2408",290.234375
"2409",290.234375
"2410",358.4375
"2411",313.953125
"2412",290.234375
"2413",290.234375
"2414",290.234375
"2415",290.234375
"2416",290.234375
"2417",290.234375
"2418",290.234375
"2419",290.234375
"2420",290.234375
"2421",290.234375
"2422",313.953125
"2423",290.234375
"2424",290.234375
"2425",290.234375
"2426",290.234375
"2427",290.234375
"2428",290.234375
"2429",343.484375
"2430",290.234375
"2431",367.4375
"2432",355.859375
"2433",244.859375
"2434",396.546875
"2435",273.359375
"2436",273.640625
"2437",244.859375
"2438",288.171875
"2439",244.859375
"2440",273.359375
"2441",273.359375
"2442",244.859375
"2443",288.171875
"2444",244.859375
"2445",311.890625
"2446",289.578125
"2447",273.359375
"2448",244.859375
"2449",244.859375
"2450",273.359375
"2451",244.859375
"2452",268.203125
"2453",346.859375
"2454",317.234375
"2455",294.265625
"2456",244.859375
"2457",301.484375
"2458",346.859375
"2459",244.859375
"2460",336.921875
"2461",244.859375
"2462",288.171875
"2463",384.359375
"2464",356
"2465",264.828125
"2466",316.109375
"2467",356
"2468",288.171875
"2469",288.171875
"2470",303.640625
"2471",268.203125
"2472",244.859375
"2473",244.859375
"2474",377.5625
"2475",288.171875
"2476",288.171875
"2477",244.859375
"2478",244.859375
"2479",303.640625
"2480",288.171875
"2481",334.765625
"2482",333.921875
"2483",268.203125
"2484",264.171875
"2485",244.859375
"2486",317.234375
"2487",273.359375
"2488",317.234375
"2489",241.296875
"2490",241.296875
"2491",241.296875
"2492",241.296875
"2493",241.296875
"2494",241.296875
"2495",241.296875
"2496",241.296875
"2497",241.296875
"2498",241.296875
"2499",241.296875
"2500",317.1875
"2501",311.609375
"2502",238.34375
"2503",295.671875
"2504",257.65625
"2505",295.671875
"2506",238.34375
"2507",311.984375
"2508",238.34375
"2509",295.671875
"2510",238.34375
"2511",311.609375
"2512",238.34375
"2513",262.625
"2514",238.34375
"2515",354.171875
"2516",238.34375
"2517",238.34375
"2518",238.34375
"2519",262.625
"2520",238.34375
"2521",238.34375
"2522",238.34375
"2523",257.65625
"2524",238.34375
"2525",238.34375
"2526",238.34375
"2527",238.34375
"2528",238.34375
"2529",262.625
"2530",238.34375
"2531",238.34375
"2532",268.8125
"2533",212.84375
"2534",212.84375
"2535",212.84375
"2536",212.84375
"2537",212.84375
"2538",244.625
"2539",212.84375
"2540",212.84375
"2541",212.84375
"2542",212.84375
"2543",212.84375
"2544",212.84375
"2545",212.84375
"2546",212.84375
"2547",212.84375
"2548",212.84375
"2549",328.625
"2550",218.28125
"2551",317.984375
"2552",218.28125
"2553",218.28125
"2554",218.28125
"2555",218.28125
"2556",218.28125
"2557",218.28125
"2558",218.28125
"2559",218.28125
"2560",258.5
"2561",258.5
"2562",218.28125
"2563",258.5
"2564",258.5
"2565",218.28125
"2566",218.28125
"2567",258.5
"2568",218.28125
"2569",282.734375
"2570",218.28125
"2571",218.28125
"2572",258.5
"2573",218.28125
"2574",258.5
"2575",218.28125
"2576",218.28125
"2577",258.5
"2578",258.5
"2579",218.28125
"2580",365.375
"2581",365.375
"2582",218.28125
"2583",218.28125
"2584",218.28125
"2585",218.28125
"2586",258.5
"2587",244.390625
"2588",244.390625
"2589",244.390625
"2590",244.390625
"2591",316.4375
"2592",244.390625
"2593",244.390625
"2594",244.390625
"2595",244.390625
"2596",244.390625
"2597",244.390625
"2598",244.390625
"2599",316.4375
"2600",244.390625
"2601",244.390625
"2602",244.390625
"2603",244.390625
"2604",244.390625
"2605",244.390625
"2606",244.390625
"2607",244.390625
"2608",244.390625
"2609",244.390625
"2610",244.390625
"2611",244.390625
"2612",205.0625
"2613",205.0625
"2614",237.03125
"2615",237.03125
"2616",237.03125
"2617",237.03125
"2618",237.03125
"2619",237.03125
"2620",237.03125
"2621",237.03125
"2622",237.03125
"2623",237.03125
"2624",237.03125
"2625",237.03125
"2626",237.03125
"2627",237.03125
"2628",237.03125
"2629",237.03125
"2630",237.03125
"2631",237.03125
"2632",237.03125
"2633",237.03125
"2634",237.03125
"2635",237.03125
"2636",237.03125
"2637",350.375
"2638",237.03125
"2639",237.03125
"2640",237.03125
"2641",237.03125
"2642",237.03125
"2643",237.03125
"2644",237.03125
"2645",237.03125
"2646",237.03125
"2647",237.03125
"2648",237.03125
"2649",237.03125
"2650",237.03125
"2651",237.03125
"2652",237.03125
"2653",237.03125
"2654",237.03125
"2655",237.03125
"2656",237.03125
"2657",237.03125
"2658",237.03125
"2659",237.03125
"2660",237.03125
"2661",237.03125
"2662",237.03125
"2663",237.03125
"2664",237.03125
"2665",237.03125
"2666",237.03125
"2667",237.03125
"2668",237.03125
"2669",237.03125
"2670",237.03125
"2671",237.03125
"2672",237.03125
"2673",237.03125
"2674",237.03125
"2675",237.03125
"2676",301.859375
"2677",237.03125
"2678",237.03125
"2679",237.03125
"2680",237.03125
"2681",237.03125
"2682",237.03125
"2683",237.03125
"2684",237.03125
"2685",305.375
"2686",305.375
"2687",305.375
"2688",305.375
"2689",305.375
"2690",305.375
"2691",305.375
"2692",305.375
"2693",305.375
"2694",305.375
"2695",305.375
"2696",305.375
"2697",305.375
"2698",305.375
"2699",305.375
"2700",305.375
"2701",305.375
"2702",305.375
"2703",305.375
"2704",305.375
"2705",305.375
"2706",305.375
"2707",305.375
"2708",305.375
"2709",305.375
"2710",305.375
"2711",305.375
"2712",305.375
"2713",305.375
"2714",305.375
"2715",305.375
"2716",305.375
"2717",305.375
"2718",305.375
"2719",305.375
"2720",305.375
"2721",305.375
"2722",305.375
"2723",305.375
"2724",254.234375
"2725",254.234375
"2726",254.234375
"2727",254.234375
"2728",254.234375
"2729",254.234375
"2730",279.921875
"2731",279.921875
"2732",254.234375
"2733",254.234375
"2734",254.234375
"2735",254.234375
"2736",254.234375
"2737",279.921875
"2738",254.234375
"2739",254.234375
"2740",254.234375
"2741",254.234375
"2742",254.234375
"2743",279.921875
"2744",254.234375
"2745",220.25
"2746",220.25
"2747",220.25
"2748",220.25
"2749",220.25
"2750",220.25
"2751",220.25
"2752",367.65625
"2753",408.625
"2754",488.21875
"2755",494.3125
"2756",475.1875
"2757",424.1875
"2758",472.5625
"2759",506.96875
"2760",439
"2761",435.0625
"2762",199
"2763",499.9375
"2764",462.0625
"2765",348.53125
"2766",258.25
"2767",310.375
"2768",344.40625
"2769",364.75
"2770",378.625
"2771",386.78125
"2772",470.3125
"2773",394.1875
"2774",347.125
"2775",578.96875
"2776",477.71875
"2777",366.625
"2778",360.71875
"2779",391.84375
"2780",368.3125
"2781",396.90625
"2782",373.9375
"2783",418.46875
"2784",405.8125
"2785",481.09375
"2786",374.59375
"2787",349.65625
"2788",609.25
"2789",554.875
"2790",571.375
"2791",348.0625
"2792",487.28125
"2793",603.34375
"2794",377.125
"2795",352.9375
"2796",331.46875
"2797",216.8125
