"","influenza_ecc"
"1",4
"2",6
"3",6
"4",4
"5",6
"6",6
"7",6
"8",4
"9",6
"10",6
"11",6
"12",6
"13",6
"14",6
"15",6
"16",6
"17",6
"18",4
"19",6
"20",6
"21",6
"22",6
"23",6
"24",4
"25",6
"26",4
"27",4
"28",6
"29",6
"30",6
"31",6
"32",6
"33",6
"34",4
"35",6
"36",6
"37",5
"38",6
"39",6
"40",6
"41",6
"42",6
"43",6
"44",6
"45",6
"46",6
"47",6
"48",6
"49",6
"50",6
"51",6
"52",6
"53",6
"54",6
"55",6
"56",4
"57",4
"58",6
"59",4
"60",6
"61",4
"62",4
"63",5
"64",5
"65",5
"66",5
"67",4
"68",5
"69",4
"70",6
"71",6
"72",6
"73",6
"74",6
"75",4
"76",6
"77",4
"78",6
"79",4
"80",5
"81",4
"82",6
"83",6
"84",6
"85",5
"86",5
"87",5
"88",5
"89",5
"90",6
"91",6
"92",6
"93",4
"94",4
"95",6
"96",6
"97",6
"98",6
"99",6
"100",4
"101",6
"102",4
"103",4
"104",6
"105",6
"106",6
"107",6
"108",6
"109",6
"110",4
"111",6
"112",6
"113",4
"114",6
"115",6
"116",6
"117",4
"118",6
"119",4
"120",6
"121",6
"122",6
"123",6
"124",6
"125",6
"126",6
"127",6
"128",6
"129",6
"130",6
"131",6
"132",6
"133",6
"134",5
"135",6
"136",6
"137",4
"138",4
"139",4
"140",4
"141",4
"142",4
"143",4
"144",6
"145",6
"146",6
"147",6
"148",6
"149",6
"150",6
"151",6
"152",6
"153",6
"154",6
"155",6
"156",4
"157",6
"158",6
"159",6
"160",6
"161",6
"162",6
"163",6
"164",6
"165",6
"166",6
"167",6
"168",6
"169",6
"170",6
"171",6
"172",6
"173",6
"174",6
"175",6
"176",6
"177",6
"178",6
"179",6
"180",4
"181",4
"182",6
"183",4
"184",4
"185",4
"186",6
"187",4
"188",4
"189",4
"190",4
"191",6
"192",4
"193",4
"194",6
"195",4
"196",4
"197",4
"198",4
"199",4
"200",4
"201",4
"202",4
"203",4
"204",4
"205",4
"206",4
"207",4
"208",4
"209",4
"210",4
"211",6
"212",4
"213",4
"214",6
"215",4
"216",4
"217",4
"218",6
"219",4
"220",4
"221",4
"222",4
"223",6
"224",6
"225",4
"226",4
"227",4
"228",4
"229",4
"230",4
"231",4
"232",4
"233",4
"234",6
"235",4
"236",4
"237",4
"238",4
"239",4
"240",6
"241",4
"242",4
"243",4
"244",6
"245",4
"246",4
"247",6
"248",4
"249",4
"250",4
"251",4
"252",4
"253",4
"254",4
"255",4
"256",4
"257",4
"258",4
"259",4
"260",4
"261",4
"262",6
"263",4
"264",4
"265",6
"266",4
"267",4
"268",4
"269",4
"270",4
"271",6
"272",4
"273",4
"274",4
"275",4
"276",6
"277",4
"278",4
"279",6
"280",4
"281",4
"282",4
"283",6
"284",4
"285",4
"286",4
"287",4
"288",4
"289",6
"290",4
"291",6
"292",4
"293",4
"294",4
"295",4
"296",6
"297",4
"298",6
"299",6
"300",4
"301",6
"302",4
"303",4
"304",4
"305",4
"306",4
"307",6
"308",6
"309",4
"310",4
"311",6
"312",6
"313",4
"314",4
"315",6
"316",6
"317",6
"318",6
"319",6
"320",6
"321",4
"322",6
"323",4
"324",4
"325",6
"326",4
"327",4
"328",4
"329",4
"330",4
"331",4
"332",6
"333",6
"334",6
"335",4
"336",6
"337",4
"338",6
"339",4
"340",4
"341",4
"342",6
"343",6
"344",6
"345",4
"346",4
"347",6
"348",4
"349",6
"350",4
"351",4
"352",4
"353",4
"354",4
"355",4
"356",6
"357",4
"358",4
"359",4
"360",6
"361",4
"362",6
"363",4
"364",6
"365",4
"366",4
"367",4
"368",4
"369",6
"370",6
"371",4
"372",6
"373",6
"374",6
"375",6
"376",6
"377",6
"378",6
"379",4
"380",5
"381",5
"382",6
"383",6
"384",6
"385",6
"386",6
"387",5
"388",6
"389",4
"390",4
"391",5
"392",4
"393",6
"394",6
"395",6
"396",6
"397",6
"398",6
"399",6
"400",4
"401",6
"402",6
"403",4
"404",6
"405",6
"406",6
"407",6
"408",6
"409",6
"410",6
"411",5
"412",6
"413",4
"414",4
"415",6
"416",6
"417",6
"418",6
"419",6
"420",6
"421",5
"422",6
"423",6
"424",6
"425",6
"426",6
"427",6
"428",6
"429",6
"430",4
"431",6
"432",6
"433",6
"434",6
"435",6
"436",6
"437",6
"438",6
"439",6
"440",6
"441",6
"442",6
"443",6
"444",6
"445",6
"446",6
"447",6
"448",6
"449",6
"450",6
"451",6
"452",6
"453",6
"454",6
"455",6
"456",6
"457",6
"458",6
"459",6
"460",6
"461",4
"462",6
"463",4
"464",4
"465",4
"466",6
"467",4
"468",4
"469",6
"470",6
"471",4
"472",6
"473",6
"474",6
"475",4
"476",4
"477",4
"478",6
"479",6
"480",6
"481",6
"482",6
"483",6
"484",4
"485",4
"486",6
"487",6
"488",6
"489",6
"490",6
"491",6
"492",6
"493",6
"494",6
"495",6
"496",6
"497",6
"498",6
"499",6
"500",6
"501",6
"502",6
"503",6
"504",6
"505",6
"506",6
"507",6
"508",6
"509",6
"510",6
"511",6
"512",6
"513",6
"514",6
"515",6
"516",6
"517",6
"518",6
"519",6
"520",6
"521",6
"522",6
"523",6
"524",6
"525",6
"526",6
"527",6
"528",6
"529",6
"530",6
"531",6
"532",6
"533",6
"534",6
"535",6
"536",6
"537",6
"538",6
"539",6
"540",6
"541",6
"542",6
"543",6
"544",6
"545",6
"546",4
"547",4
"548",6
"549",4
"550",6
"551",4
"552",6
"553",6
"554",4
"555",6
"556",6
"557",6
"558",6
"559",6
"560",6
"561",6
"562",6
"563",6
"564",6
"565",6
"566",6
"567",6
"568",5
"569",5
"570",6
"571",6
"572",4
"573",5
"574",6
"575",4
"576",4
"577",5
"578",5
"579",5
"580",5
"581",5
"582",4
"583",5
"584",6
"585",5
"586",4
"587",4
"588",5
"589",6
"590",4
"591",5
"592",4
"593",5
"594",5
"595",5
"596",6
"597",6
"598",5
"599",5
"600",4
"601",4
"602",5
"603",6
"604",5
"605",4
"606",4
"607",6
"608",4
"609",4
"610",6
"611",4
"612",6
"613",6
"614",5
"615",5
"616",5
"617",6
"618",5
"619",5
"620",6
"621",6
"622",4
"623",4
"624",5
"625",4
"626",5
"627",6
"628",5
"629",4
"630",6
"631",5
"632",6
"633",5
"634",4
"635",5
"636",6
"637",5
"638",5
"639",5
"640",4
"641",6
"642",5
"643",5
"644",5
"645",6
"646",5
"647",6
"648",6
"649",5
"650",5
"651",5
"652",5
"653",5
"654",6
"655",6
"656",6
"657",5
"658",6
"659",4
"660",6
"661",5
"662",5
"663",5
"664",5
"665",5
"666",6
"667",6
"668",5
"669",5
"670",5
"671",4
"672",6
"673",4
"674",6
"675",4
"676",6
"677",6
"678",6
"679",6
"680",4
"681",5
"682",6
"683",6
"684",6
"685",4
"686",4
"687",4
"688",6
"689",6
"690",4
"691",6
"692",6
"693",6
"694",6
"695",4
"696",6
"697",6
"698",6
"699",5
"700",6
"701",6
"702",4
"703",4
"704",4
"705",4
"706",4
"707",6
"708",6
"709",6
"710",4
"711",4
"712",4
"713",4
"714",6
"715",4
"716",4
"717",6
"718",4
"719",6
"720",4
"721",6
"722",4
"723",4
"724",4
"725",6
"726",4
"727",4
"728",6
"729",4
"730",4
"731",6
"732",4
"733",6
"734",6
"735",6
"736",4
"737",6
"738",6
"739",4
"740",4
"741",6
"742",4
"743",6
"744",6
"745",6
"746",6
"747",6
"748",6
"749",6
"750",6
"751",6
"752",6
"753",6
"754",6
"755",6
"756",6
"757",6
"758",6
"759",6
"760",4
"761",6
"762",6
"763",6
"764",6
"765",4
"766",6
"767",6
"768",4
"769",4
"770",6
"771",4
"772",4
"773",6
"774",6
"775",6
"776",6
"777",6
"778",6
"779",4
"780",4
"781",6
"782",4
"783",6
"784",6
"785",4
"786",4
"787",4
"788",6
"789",4
"790",6
"791",5
"792",4
"793",4
"794",4
"795",5
"796",5
"797",6
"798",6
"799",6
"800",5
"801",6
"802",4
"803",4
"804",4
"805",5
"806",6
"807",6
"808",6
"809",6
"810",4
"811",6
"812",6
"813",6
"814",6
"815",6
"816",6
"817",4
"818",6
"819",6
"820",6
"821",6
"822",5
"823",6
"824",6
"825",6
"826",6
"827",6
"828",5
"829",6
"830",4
"831",4
"832",5
"833",5
"834",5
"835",5
"836",5
"837",4
"838",4
"839",5
"840",6
"841",5
"842",4
"843",5
"844",5
"845",4
"846",4
"847",5
"848",4
"849",6
"850",5
"851",4
"852",4
"853",5
"854",4
"855",5
"856",4
"857",5
"858",6
"859",6
"860",4
"861",5
"862",6
"863",5
"864",6
"865",5
"866",6
"867",4
"868",5
"869",5
"870",4
"871",4
"872",5
"873",6
"874",5
"875",5
"876",4
"877",5
"878",5
"879",6
"880",4
"881",5
"882",5
"883",5
"884",5
"885",5
"886",4
"887",5
"888",5
"889",6
"890",6
"891",5
"892",5
"893",5
"894",5
"895",6
"896",5
"897",5
"898",5
"899",4
"900",6
"901",5
"902",6
"903",5
"904",5
"905",6
"906",6
"907",6
"908",5
"909",6
"910",5
"911",6
"912",6
"913",6
"914",6
"915",5
"916",5
"917",6
"918",6
"919",5
"920",5
"921",6
"922",4
"923",6
"924",5
"925",6
"926",4
"927",6
"928",4
"929",6
"930",6
"931",6
"932",4
"933",4
"934",6
"935",6
"936",6
"937",6
"938",5
"939",5
"940",6
"941",6
"942",6
"943",5
"944",6
"945",6
"946",5
"947",6
"948",4
"949",6
"950",6
"951",6
"952",6
"953",6
"954",5
"955",5
"956",5
"957",6
"958",5
"959",6
"960",4
"961",6
"962",6
"963",6
"964",6
"965",4
"966",4
"967",6
"968",6
"969",6
"970",4
"971",6
"972",6
"973",6
"974",4
"975",4
"976",6
"977",5
"978",6
"979",6
"980",6
"981",6
"982",5
"983",6
"984",6
"985",6
"986",6
"987",5
"988",6
"989",6
"990",6
"991",6
"992",6
"993",6
"994",6
"995",6
"996",6
"997",6
"998",6
"999",6
"1000",6
"1001",6
"1002",6
"1003",6
"1004",6
"1005",5
"1006",6
"1007",6
"1008",6
"1009",6
"1010",4
"1011",6
"1012",6
"1013",6
"1014",6
"1015",6
"1016",4
"1017",6
"1018",6
"1019",6
"1020",6
"1021",6
"1022",4
"1023",6
"1024",5
"1025",6
"1026",6
"1027",6
"1028",6
"1029",6
"1030",6
"1031",6
"1032",5
"1033",6
"1034",6
"1035",6
"1036",6
"1037",4
"1038",6
"1039",5
"1040",5
"1041",4
"1042",5
"1043",6
"1044",5
"1045",6
"1046",5
"1047",5
"1048",6
"1049",6
"1050",6
"1051",6
"1052",4
"1053",6
"1054",6
"1055",5
"1056",6
"1057",6
"1058",6
"1059",6
"1060",4
"1061",6
"1062",4
"1063",5
"1064",6
"1065",5
"1066",5
"1067",6
"1068",4
"1069",5
"1070",6
"1071",6
"1072",6
"1073",6
"1074",5
"1075",6
"1076",6
"1077",6
"1078",6
"1079",6
"1080",6
"1081",6
"1082",5
"1083",6
"1084",6
"1085",6
"1086",6
"1087",6
"1088",6
"1089",4
"1090",6
"1091",6
"1092",6
"1093",5
"1094",6
"1095",6
"1096",6
"1097",6
"1098",6
"1099",4
"1100",5
"1101",4
"1102",5
"1103",4
"1104",6
"1105",6
"1106",4
"1107",6
"1108",6
"1109",6
"1110",6
"1111",5
"1112",6
"1113",6
"1114",6
"1115",6
"1116",6
"1117",6
"1118",6
"1119",6
"1120",6
"1121",6
"1122",6
"1123",4
"1124",6
"1125",6
"1126",6
"1127",6
"1128",5
"1129",6
"1130",6
"1131",6
"1132",6
"1133",6
"1134",6
"1135",6
"1136",5
"1137",6
"1138",6
"1139",6
"1140",6
"1141",6
"1142",6
"1143",5
"1144",6
"1145",6
"1146",6
"1147",4
"1148",6
"1149",6
"1150",6
"1151",6
"1152",6
"1153",6
"1154",6
"1155",4
"1156",6
"1157",6
"1158",6
"1159",5
"1160",5
"1161",5
"1162",5
"1163",5
"1164",5
"1165",5
"1166",5
"1167",5
"1168",5
"1169",5
"1170",5
"1171",6
"1172",6
"1173",6
"1174",6
"1175",6
"1176",6
"1177",6
"1178",6
"1179",6
"1180",6
"1181",6
"1182",5
"1183",5
"1184",5
"1185",5
"1186",5
"1187",5
"1188",5
"1189",5
"1190",5
"1191",5
"1192",5
"1193",5
"1194",5
"1195",6
"1196",6
"1197",6
"1198",6
"1199",6
"1200",6
"1201",6
"1202",6
"1203",4
"1204",6
"1205",4
"1206",6
"1207",6
"1208",6
"1209",6
"1210",6
"1211",4
"1212",4
"1213",6
"1214",6
"1215",6
"1216",6
"1217",4
"1218",4
"1219",4
"1220",6
"1221",6
"1222",6
"1223",6
"1224",5
"1225",5
"1226",6
"1227",4
"1228",6
"1229",6
"1230",4
"1231",6
"1232",6
"1233",6
"1234",4
"1235",6
"1236",4
"1237",5
"1238",4
"1239",4
"1240",6
"1241",4
"1242",4
"1243",4
"1244",4
"1245",6
"1246",4
"1247",6
"1248",4
"1249",4
"1250",4
"1251",6
"1252",6
"1253",6
"1254",4
"1255",4
"1256",6
"1257",4
"1258",4
"1259",4
"1260",6
"1261",6
"1262",6
"1263",6
"1264",6
"1265",6
"1266",6
"1267",6
"1268",6
"1269",6
"1270",6
"1271",6
"1272",4
"1273",4
"1274",5
"1275",4
"1276",6
"1277",4
"1278",4
"1279",4
"1280",5
"1281",4
"1282",5
"1283",6
"1284",4
"1285",4
"1286",4
"1287",6
"1288",4
"1289",4
"1290",6
"1291",5
"1292",6
"1293",6
"1294",4
"1295",4
"1296",4
"1297",5
"1298",5
"1299",5
"1300",4
"1301",4
"1302",6
"1303",6
"1304",4
"1305",5
"1306",4
"1307",4
"1308",4
"1309",4
"1310",4
"1311",6
"1312",4
"1313",4
"1314",5
"1315",6
"1316",6
"1317",6
"1318",5
"1319",4
"1320",6
"1321",6
"1322",6
"1323",4
"1324",4
"1325",4
"1326",5
"1327",6
"1328",5
"1329",5
"1330",5
"1331",4
"1332",4
"1333",5
"1334",4
"1335",4
"1336",4
"1337",4
"1338",4
"1339",5
"1340",4
"1341",5
"1342",4
"1343",4
"1344",6
"1345",6
"1346",6
"1347",4
"1348",4
"1349",5
"1350",5
"1351",5
"1352",5
"1353",5
"1354",4
"1355",6
"1356",4
"1357",4
"1358",4
"1359",5
"1360",5
"1361",5
"1362",6
"1363",4
"1364",5
"1365",5
"1366",4
"1367",6
"1368",4
"1369",6
"1370",4
"1371",4
"1372",5
"1373",4
"1374",4
"1375",4
"1376",5
"1377",6
"1378",5
"1379",4
"1380",4
"1381",6
"1382",4
"1383",4
"1384",4
"1385",4
"1386",4
"1387",4
"1388",6
"1389",5
"1390",4
"1391",4
"1392",4
"1393",4
"1394",4
"1395",4
"1396",4
"1397",4
"1398",4
"1399",4
"1400",4
"1401",6
"1402",6
"1403",6
"1404",4
"1405",4
"1406",5
"1407",4
"1408",4
"1409",4
"1410",6
"1411",4
"1412",4
"1413",6
"1414",4
"1415",4
"1416",4
"1417",6
"1418",6
"1419",5
"1420",4
"1421",4
"1422",4
"1423",5
"1424",4
"1425",4
"1426",4
"1427",6
"1428",5
"1429",6
"1430",5
"1431",6
"1432",6
"1433",4
"1434",4
"1435",4
"1436",4
"1437",4
"1438",4
"1439",5
"1440",5
"1441",6
"1442",6
"1443",5
"1444",5
"1445",6
"1446",6
"1447",6
"1448",6
"1449",4
"1450",5
"1451",6
"1452",4
"1453",4
"1454",4
"1455",6
"1456",5
"1457",6
"1458",4
"1459",5
"1460",6
"1461",6
"1462",4
"1463",4
"1464",6
"1465",4
"1466",6
"1467",6
"1468",6
"1469",6
"1470",6
"1471",4
"1472",4
"1473",6
"1474",6
"1475",4
"1476",6
"1477",4
"1478",5
"1479",6
"1480",6
"1481",4
"1482",6
"1483",6
"1484",4
"1485",5
"1486",6
"1487",6
"1488",6
"1489",6
"1490",6
"1491",4
"1492",6
"1493",4
"1494",6
"1495",6
"1496",6
"1497",4
"1498",4
"1499",6
"1500",6
"1501",6
"1502",6
"1503",6
"1504",5
"1505",6
"1506",5
"1507",6
"1508",6
"1509",6
"1510",6
"1511",6
"1512",4
"1513",6
"1514",4
"1515",5
"1516",6
"1517",5
"1518",5
"1519",6
"1520",6
"1521",4
"1522",6
"1523",6
"1524",6
"1525",6
"1526",5
"1527",6
"1528",4
"1529",4
"1530",5
"1531",6
"1532",6
"1533",6
"1534",4
"1535",6
"1536",6
"1537",4
"1538",5
"1539",6
"1540",4
"1541",6
"1542",5
"1543",5
"1544",6
"1545",4
"1546",4
"1547",5
"1548",5
"1549",5
"1550",5
"1551",4
"1552",6
"1553",4
"1554",4
"1555",6
"1556",6
"1557",5
"1558",5
"1559",4
"1560",4
"1561",5
"1562",4
"1563",4
"1564",4
"1565",4
"1566",5
"1567",4
"1568",4
"1569",6
"1570",6
"1571",5
"1572",4
"1573",5
"1574",6
"1575",4
"1576",6
"1577",5
"1578",4
"1579",4
"1580",6
"1581",4
"1582",4
"1583",4
"1584",4
"1585",6
"1586",4
"1587",6
"1588",6
"1589",4
"1590",6
"1591",4
"1592",4
"1593",4
"1594",6
"1595",4
"1596",4
"1597",6
"1598",4
"1599",5
"1600",6
"1601",5
"1602",5
"1603",5
"1604",5
"1605",6
"1606",6
"1607",5
"1608",4
"1609",4
"1610",5
"1611",6
"1612",6
"1613",4
"1614",4
"1615",6
"1616",6
"1617",5
"1618",6
"1619",5
"1620",5
"1621",6
"1622",6
"1623",4
"1624",5
"1625",5
"1626",5
"1627",6
"1628",6
"1629",4
"1630",5
"1631",4
"1632",4
"1633",6
"1634",6
"1635",5
"1636",4
"1637",6
"1638",5
"1639",5
"1640",6
"1641",6
"1642",6
"1643",6
"1644",6
"1645",6
"1646",6
"1647",5
"1648",6
"1649",6
"1650",6
"1651",5
"1652",6
"1653",4
"1654",4
"1655",4
"1656",4
"1657",6
"1658",4
"1659",4
"1660",6
"1661",5
"1662",4
"1663",6
"1664",5
"1665",6
"1666",4
"1667",6
"1668",6
"1669",6
"1670",4
"1671",4
"1672",6
"1673",4
"1674",4
"1675",5
"1676",6
"1677",6
"1678",4
"1679",6
"1680",6
"1681",6
"1682",5
"1683",4
"1684",6
"1685",5
"1686",4
"1687",4
"1688",5
"1689",6
"1690",6
"1691",6
"1692",5
"1693",5
"1694",6
"1695",6
"1696",4
"1697",4
"1698",6
"1699",4
"1700",5
"1701",6
"1702",6
"1703",5
"1704",5
"1705",4
"1706",6
"1707",6
"1708",6
"1709",6
"1710",5
"1711",6
"1712",6
"1713",6
"1714",6
"1715",5
"1716",6
"1717",4
"1718",6
"1719",6
"1720",5
"1721",4
"1722",6
"1723",4
"1724",6
"1725",5
"1726",6
"1727",5
"1728",6
"1729",4
"1730",6
"1731",6
"1732",6
"1733",6
"1734",6
"1735",6
"1736",6
"1737",5
"1738",5
"1739",6
"1740",6
"1741",6
"1742",5
"1743",4
"1744",6
"1745",6
"1746",6
"1747",6
"1748",6
"1749",4
"1750",5
"1751",5
"1752",4
"1753",4
"1754",4
"1755",4
"1756",4
"1757",4
"1758",5
"1759",5
"1760",6
"1761",5
"1762",6
"1763",6
"1764",6
"1765",6
"1766",6
"1767",6
"1768",5
"1769",6
"1770",6
"1771",6
"1772",4
"1773",5
"1774",4
"1775",6
"1776",5
"1777",6
"1778",6
"1779",6
"1780",6
"1781",6
"1782",4
"1783",6
"1784",4
"1785",6
"1786",5
"1787",5
"1788",5
"1789",5
"1790",6
"1791",6
"1792",6
"1793",6
"1794",5
"1795",5
"1796",6
"1797",5
"1798",6
"1799",4
"1800",4
"1801",5
"1802",6
"1803",6
"1804",6
"1805",5
"1806",5
"1807",6
"1808",4
"1809",5
"1810",4
"1811",5
"1812",5
"1813",6
"1814",4
"1815",4
"1816",6
"1817",6
"1818",6
"1819",6
"1820",4
"1821",6
"1822",6
"1823",6
"1824",4
"1825",4
"1826",4
"1827",6
"1828",6
"1829",4
"1830",6
"1831",4
"1832",5
"1833",5
"1834",4
"1835",5
"1836",5
"1837",5
"1838",6
"1839",6
"1840",5
"1841",5
"1842",4
"1843",6
"1844",6
"1845",6
"1846",4
"1847",5
"1848",6
"1849",4
"1850",6
"1851",6
"1852",6
"1853",6
"1854",6
"1855",5
"1856",6
"1857",6
"1858",6
"1859",4
"1860",5
"1861",6
"1862",4
"1863",6
"1864",6
"1865",5
"1866",5
"1867",5
"1868",4
"1869",6
"1870",6
"1871",6
"1872",4
"1873",4
"1874",4
"1875",4
"1876",4
"1877",4
"1878",4
"1879",4
"1880",4
"1881",4
"1882",4
"1883",4
"1884",4
"1885",4
"1886",6
"1887",4
"1888",4
"1889",4
"1890",6
"1891",4
"1892",4
"1893",4
"1894",4
"1895",4
"1896",4
"1897",4
"1898",4
"1899",4
"1900",4
"1901",4
"1902",4
"1903",4
"1904",6
"1905",4
"1906",6
"1907",6
"1908",4
"1909",4
"1910",4
"1911",6
"1912",4
"1913",4
"1914",6
"1915",6
"1916",6
"1917",4
"1918",6
"1919",4
"1920",6
"1921",4
"1922",6
"1923",4
"1924",4
"1925",4
"1926",4
"1927",4
"1928",4
"1929",4
"1930",6
"1931",4
"1932",4
"1933",4
"1934",4
"1935",4
"1936",4
"1937",4
"1938",6
"1939",5
"1940",5
"1941",4
"1942",4
"1943",4
"1944",4
"1945",4
"1946",4
"1947",4
"1948",4
"1949",4
"1950",4
"1951",4
"1952",4
"1953",4
"1954",4
"1955",4
"1956",4
"1957",4
"1958",4
"1959",4
"1960",4
"1961",4
"1962",4
"1963",4
"1964",4
"1965",6
"1966",6
"1967",4
"1968",6
"1969",6
"1970",4
"1971",6
"1972",4
"1973",4
"1974",4
"1975",6
"1976",4
"1977",6
"1978",4
"1979",4
"1980",4
"1981",5
"1982",5
"1983",5
"1984",4
"1985",6
"1986",4
"1987",4
"1988",6
"1989",4
"1990",4
"1991",4
"1992",4
"1993",4
"1994",4
"1995",4
"1996",4
"1997",4
"1998",4
"1999",4
"2000",4
"2001",4
"2002",4
"2003",4
"2004",4
"2005",4
"2006",4
"2007",4
"2008",4
"2009",4
"2010",4
"2011",4
"2012",4
"2013",4
"2014",4
"2015",4
"2016",4
"2017",4
"2018",4
"2019",4
"2020",4
"2021",4
"2022",4
"2023",4
"2024",4
"2025",4
"2026",4
"2027",4
"2028",4
"2029",4
"2030",4
"2031",4
"2032",4
"2033",4
"2034",4
"2035",4
"2036",4
"2037",4
"2038",4
"2039",4
"2040",4
"2041",4
"2042",4
"2043",4
"2044",4
"2045",4
"2046",4
"2047",4
"2048",4
"2049",4
"2050",4
"2051",4
"2052",4
"2053",4
"2054",4
"2055",4
"2056",4
"2057",4
"2058",4
"2059",4
"2060",4
"2061",4
"2062",4
"2063",4
"2064",4
"2065",4
"2066",4
"2067",4
"2068",4
"2069",4
"2070",4
"2071",4
"2072",4
"2073",4
"2074",4
"2075",4
"2076",4
"2077",4
"2078",4
"2079",4
"2080",4
"2081",4
"2082",4
"2083",4
"2084",4
"2085",4
"2086",4
"2087",4
"2088",4
"2089",4
"2090",4
"2091",4
"2092",4
"2093",4
"2094",4
"2095",4
"2096",4
"2097",4
"2098",4
"2099",4
"2100",4
"2101",4
"2102",4
"2103",4
"2104",4
"2105",4
"2106",4
"2107",4
"2108",4
"2109",4
"2110",4
"2111",4
"2112",4
"2113",4
"2114",4
"2115",4
"2116",4
"2117",4
"2118",4
"2119",4
"2120",4
"2121",4
"2122",4
"2123",4
"2124",4
"2125",4
"2126",4
"2127",4
"2128",4
"2129",4
"2130",6
"2131",6
"2132",6
"2133",6
"2134",6
"2135",6
"2136",4
"2137",6
"2138",4
"2139",4
"2140",6
"2141",4
"2142",4
"2143",4
"2144",6
"2145",6
"2146",4
"2147",6
"2148",4
"2149",4
"2150",6
"2151",6
"2152",6
"2153",6
"2154",4
"2155",6
"2156",4
"2157",6
"2158",6
"2159",6
"2160",6
"2161",6
"2162",4
"2163",4
"2164",4
"2165",6
"2166",4
"2167",6
"2168",4
"2169",4
"2170",6
"2171",6
"2172",4
"2173",4
"2174",6
"2175",4
"2176",4
"2177",6
"2178",6
"2179",6
"2180",4
"2181",6
"2182",4
"2183",4
"2184",6
"2185",4
"2186",4
"2187",4
"2188",6
"2189",6
"2190",4
"2191",6
"2192",6
"2193",6
"2194",6
"2195",4
"2196",6
"2197",4
"2198",4
"2199",4
"2200",6
"2201",6
"2202",4
"2203",6
"2204",6
"2205",4
"2206",6
"2207",6
"2208",6
"2209",4
"2210",4
"2211",6
"2212",4
"2213",6
"2214",6
"2215",4
"2216",6
"2217",6
"2218",6
"2219",4
"2220",4
"2221",4
"2222",4
"2223",4
"2224",4
"2225",6
"2226",4
"2227",4
"2228",5
"2229",5
"2230",5
"2231",5
"2232",5
"2233",5
"2234",5
"2235",5
"2236",4
"2237",5
"2238",5
"2239",5
"2240",5
"2241",4
"2242",4
"2243",4
"2244",5
"2245",5
"2246",5
"2247",5
"2248",5
"2249",5
"2250",5
"2251",5
"2252",5
"2253",5
"2254",5
"2255",5
"2256",5
"2257",5
"2258",5
"2259",5
"2260",5
"2261",5
"2262",5
"2263",5
"2264",5
"2265",5
"2266",5
"2267",5
"2268",5
"2269",5
"2270",5
"2271",5
"2272",5
"2273",5
"2274",5
"2275",5
"2276",5
"2277",5
"2278",4
"2279",5
"2280",5
"2281",5
"2282",5
"2283",5
"2284",5
"2285",5
"2286",5
"2287",5
"2288",5
"2289",5
"2290",5
"2291",5
"2292",5
"2293",5
"2294",5
"2295",5
"2296",5
"2297",5
"2298",5
"2299",5
"2300",5
"2301",5
"2302",5
"2303",4
"2304",4
"2305",5
"2306",5
"2307",5
"2308",5
"2309",5
"2310",5
"2311",5
"2312",5
"2313",5
"2314",5
"2315",5
"2316",5
"2317",5
"2318",5
"2319",5
"2320",5
"2321",5
"2322",5
"2323",5
"2324",5
"2325",5
"2326",5
"2327",5
"2328",5
"2329",5
"2330",5
"2331",6
"2332",6
"2333",6
"2334",6
"2335",6
"2336",6
"2337",6
"2338",6
"2339",6
"2340",6
"2341",6
"2342",6
"2343",6
"2344",6
"2345",6
"2346",6
"2347",6
"2348",6
"2349",6
"2350",6
"2351",6
"2352",6
"2353",6
"2354",6
"2355",6
"2356",6
"2357",4
"2358",6
"2359",6
"2360",6
"2361",6
"2362",6
"2363",6
"2364",6
"2365",6
"2366",4
"2367",6
"2368",6
"2369",6
"2370",6
"2371",6
"2372",6
"2373",6
"2374",4
"2375",6
"2376",6
"2377",4
"2378",6
"2379",6
"2380",6
"2381",6
"2382",6
"2383",6
"2384",6
"2385",6
"2386",6
"2387",6
"2388",6
"2389",4
"2390",6
"2391",6
"2392",6
"2393",6
"2394",6
"2395",6
"2396",6
"2397",6
"2398",6
"2399",6
"2400",6
"2401",6
"2402",6
"2403",4
"2404",6
"2405",6
"2406",6
"2407",6
"2408",6
"2409",6
"2410",4
"2411",6
"2412",6
"2413",6
"2414",6
"2415",6
"2416",6
"2417",6
"2418",6
"2419",6
"2420",6
"2421",6
"2422",6
"2423",6
"2424",6
"2425",6
"2426",6
"2427",6
"2428",6
"2429",6
"2430",6
"2431",4
"2432",6
"2433",6
"2434",6
"2435",6
"2436",6
"2437",6
"2438",6
"2439",6
"2440",6
"2441",6
"2442",6
"2443",6
"2444",6
"2445",6
"2446",6
"2447",6
"2448",6
"2449",6
"2450",6
"2451",6
"2452",6
"2453",6
"2454",6
"2455",6
"2456",6
"2457",6
"2458",6
"2459",6
"2460",6
"2461",6
"2462",6
"2463",6
"2464",4
"2465",6
"2466",6
"2467",4
"2468",6
"2469",6
"2470",6
"2471",6
"2472",6
"2473",6
"2474",4
"2475",6
"2476",6
"2477",6
"2478",6
"2479",6
"2480",6
"2481",6
"2482",6
"2483",6
"2484",6
"2485",6
"2486",6
"2487",6
"2488",6
"2489",6
"2490",6
"2491",6
"2492",6
"2493",6
"2494",6
"2495",6
"2496",6
"2497",6
"2498",6
"2499",6
"2500",4
"2501",6
"2502",6
"2503",6
"2504",6
"2505",6
"2506",6
"2507",6
"2508",6
"2509",6
"2510",6
"2511",6
"2512",6
"2513",6
"2514",6
"2515",6
"2516",6
"2517",6
"2518",6
"2519",6
"2520",6
"2521",6
"2522",6
"2523",6
"2524",6
"2525",6
"2526",6
"2527",6
"2528",6
"2529",6
"2530",6
"2531",6
"2532",6
"2533",6
"2534",6
"2535",6
"2536",6
"2537",6
"2538",6
"2539",6
"2540",6
"2541",6
"2542",6
"2543",6
"2544",6
"2545",6
"2546",6
"2547",6
"2548",6
"2549",4
"2550",6
"2551",6
"2552",6
"2553",6
"2554",6
"2555",6
"2556",6
"2557",6
"2558",6
"2559",6
"2560",6
"2561",6
"2562",6
"2563",6
"2564",6
"2565",6
"2566",6
"2567",6
"2568",6
"2569",6
"2570",6
"2571",6
"2572",6
"2573",6
"2574",6
"2575",6
"2576",6
"2577",6
"2578",6
"2579",6
"2580",4
"2581",4
"2582",6
"2583",6
"2584",6
"2585",6
"2586",6
"2587",6
"2588",6
"2589",6
"2590",6
"2591",4
"2592",6
"2593",6
"2594",6
"2595",6
"2596",6
"2597",6
"2598",6
"2599",4
"2600",6
"2601",6
"2602",6
"2603",6
"2604",6
"2605",6
"2606",6
"2607",6
"2608",6
"2609",6
"2610",6
"2611",6
"2612",6
"2613",6
"2614",6
"2615",6
"2616",6
"2617",6
"2618",6
"2619",6
"2620",6
"2621",6
"2622",6
"2623",6
"2624",6
"2625",6
"2626",6
"2627",6
"2628",6
"2629",6
"2630",6
"2631",6
"2632",6
"2633",6
"2634",6
"2635",6
"2636",6
"2637",4
"2638",6
"2639",6
"2640",6
"2641",6
"2642",6
"2643",6
"2644",6
"2645",6
"2646",6
"2647",6
"2648",6
"2649",6
"2650",6
"2651",6
"2652",6
"2653",6
"2654",6
"2655",6
"2656",6
"2657",6
"2658",6
"2659",6
"2660",6
"2661",6
"2662",6
"2663",6
"2664",6
"2665",6
"2666",6
"2667",6
"2668",6
"2669",6
"2670",6
"2671",6
"2672",6
"2673",6
"2674",6
"2675",6
"2676",6
"2677",6
"2678",6
"2679",6
"2680",6
"2681",6
"2682",6
"2683",6
"2684",6
"2685",4
"2686",4
"2687",4
"2688",4
"2689",4
"2690",4
"2691",4
"2692",4
"2693",4
"2694",4
"2695",4
"2696",4
"2697",4
"2698",4
"2699",4
"2700",4
"2701",4
"2702",4
"2703",4
"2704",4
"2705",4
"2706",4
"2707",4
"2708",4
"2709",4
"2710",4
"2711",4
"2712",4
"2713",4
"2714",4
"2715",4
"2716",4
"2717",4
"2718",4
"2719",4
"2720",4
"2721",4
"2722",4
"2723",4
"2724",6
"2725",6
"2726",6
"2727",6
"2728",6
"2729",6
"2730",6
"2731",6
"2732",6
"2733",6
"2734",6
"2735",6
"2736",6
"2737",6
"2738",6
"2739",6
"2740",6
"2741",6
"2742",6
"2743",6
"2744",6
"2745",6
"2746",6
"2747",6
"2748",6
"2749",6
"2750",6
"2751",6
"2752",5
"2753",5
"2754",5
"2755",5
"2756",5
"2757",5
"2758",5
"2759",5
"2760",5
"2761",5
"2762",5
"2763",4
"2764",5
"2765",5
"2766",5
"2767",5
"2768",5
"2769",5
"2770",5
"2771",5
"2772",5
"2773",5
"2774",5
"2775",5
"2776",5
"2777",5
"2778",5
"2779",5
"2780",5
"2781",5
"2782",5
"2783",5
"2784",5
"2785",5
"2786",5
"2787",5
"2788",3
"2789",4
"2790",3
"2791",5
"2792",5
"2793",5
"2794",5
"2795",5
"2796",5
"2797",5
