"","influenza_lat"
"1",958.416666666667
"2",841.483333333333
"3",795.3
"4",1074.91666666667
"5",1030.98333333333
"6",1030.98333333333
"7",782.55
"8",1087.08333333333
"9",748.55
"10",982.566666666667
"11",1006.48333333333
"12",960.483333333333
"13",830.7
"14",782.55
"15",886.616666666667
"16",748.55
"17",782.55
"18",1099.08333333333
"19",851.233333333333
"20",919.066666666667
"21",965.15
"22",859.2
"23",748.55
"24",1066.25
"25",851.233333333333
"26",952.416666666667
"27",1138.16666666667
"28",755.45
"29",803.783333333333
"30",903.15
"31",803.783333333333
"32",1026.56666666667
"33",782.55
"34",990.166666666667
"35",822.566666666667
"36",782.55
"37",1091.28333333333
"38",910.533333333333
"39",748.55
"40",803.783333333333
"41",803.783333333333
"42",737.416666666667
"43",748.55
"44",748.55
"45",865.116666666667
"46",873.9
"47",748.55
"48",969.65
"49",822.566666666667
"50",737.416666666667
"51",822.566666666667
"52",748.55
"53",1004.45
"54",748.55
"55",822.566666666667
"56",994.166666666667
"57",1163.5
"58",1047.15
"59",1153.16666666667
"60",828.1
"61",938.666666666667
"62",1101.83333333333
"63",799.116666666667
"64",799.116666666667
"65",799.116666666667
"66",799.116666666667
"67",1273
"68",1002.03333333333
"69",1137.58333333333
"70",748.55
"71",790.683333333333
"72",756.85
"73",756.85
"74",756.85
"75",1204.91666666667
"76",782.55
"77",1124.33333333333
"78",782.716666666667
"79",1182.25
"80",847.366666666667
"81",1181.08333333333
"82",774.583333333333
"83",774.583333333333
"84",774.583333333333
"85",832.45
"86",832.45
"87",832.45
"88",839.783333333333
"89",832.45
"90",831.35
"91",774.583333333333
"92",817.45
"93",968.833333333333
"94",1061.75
"95",803.783333333333
"96",817.45
"97",817.45
"98",859.033333333333
"99",803.783333333333
"100",1122
"101",817.45
"102",1133
"103",1045.75
"104",859.033333333333
"105",846.366666666667
"106",846.366666666667
"107",846.366666666667
"108",817.45
"109",846.366666666667
"110",1019.08333333333
"111",859.033333333333
"112",859.033333333333
"113",1117.91666666667
"114",846.366666666667
"115",844.483333333333
"116",767.083333333333
"117",986.416666666667
"118",757.916666666667
"119",1145.41666666667
"120",844.483333333333
"121",827.316666666667
"122",767.083333333333
"123",767.083333333333
"124",767.083333333333
"125",767.083333333333
"126",767.083333333333
"127",767.216666666667
"128",767.083333333333
"129",767.083333333333
"130",767.083333333333
"131",767.083333333333
"132",767.083333333333
"133",836.533333333333
"134",945.4
"135",854.6
"136",748.55
"137",1063.83333333333
"138",1255.83333333333
"139",1085.08333333333
"140",1072.75
"141",1226.83333333333
"142",990.166666666667
"143",968.75
"144",803.783333333333
"145",930.15
"146",748.55
"147",803.783333333333
"148",803.783333333333
"149",962.9
"150",817.45
"151",822.566666666667
"152",782.55
"153",795.3
"154",822.566666666667
"155",945.233333333333
"156",1104.91666666667
"157",748.55
"158",710.45
"159",871.116666666667
"160",748.55
"161",979.283333333333
"162",748.55
"163",795.3
"164",710.45
"165",748.55
"166",782.55
"167",748.55
"168",945.233333333333
"169",822.566666666667
"170",945.233333333333
"171",803.783333333333
"172",757.916666666667
"173",846.483333333333
"174",748.55
"175",822.566666666667
"176",929.766666666667
"177",786.183333333333
"178",662.516666666667
"179",906.7
"180",1081
"181",1083.66666666667
"182",926.866666666667
"183",979.083333333333
"184",1120.5
"185",1016.08333333333
"186",865.95
"187",1075.33333333333
"188",1077
"189",1076.91666666667
"190",930.083333333333
"191",803.783333333333
"192",1156.58333333333
"193",934.916666666667
"194",817.45
"195",1084.83333333333
"196",1087.41666666667
"197",1121.41666666667
"198",1200.75
"199",1123
"200",1075.33333333333
"201",904.5
"202",1073.33333333333
"203",1123
"204",1153.25
"205",1172.58333333333
"206",1119.08333333333
"207",1080.33333333333
"208",1077.5
"209",1077
"210",1133.83333333333
"211",817.45
"212",1124.16666666667
"213",1091
"214",932.866666666667
"215",1081
"216",1102.91666666667
"217",985.333333333333
"218",882.033333333333
"219",1066.91666666667
"220",1116.5
"221",1155.08333333333
"222",1054.91666666667
"223",929.2
"224",841.2
"225",1207.08333333333
"226",1123.91666666667
"227",1124.16666666667
"228",1083.41666666667
"229",1093.5
"230",1057.58333333333
"231",1124.16666666667
"232",993.5
"233",1075.91666666667
"234",823.866666666667
"235",1062.66666666667
"236",1115.33333333333
"237",1033.08333333333
"238",1060.25
"239",913.25
"240",803.783333333333
"241",1077.91666666667
"242",1128
"243",1189.91666666667
"244",836.533333333333
"245",1157.41666666667
"246",1078.66666666667
"247",824.366666666667
"248",1123
"249",1108.75
"250",1170.75
"251",1125.41666666667
"252",1000.83333333333
"253",1068.08333333333
"254",1084.33333333333
"255",1147.83333333333
"256",1050.91666666667
"257",1013.33333333333
"258",1084.83333333333
"259",1081.91666666667
"260",986.333333333333
"261",1080.75
"262",729.066666666667
"263",1022.5
"264",1022.5
"265",707.183333333333
"266",1081.91666666667
"267",949.666666666667
"268",1126.33333333333
"269",1077.75
"270",1084.33333333333
"271",729.066666666667
"272",1033.5
"273",1078.16666666667
"274",1094.5
"275",1083.41666666667
"276",752.5
"277",1027.41666666667
"278",1093.66666666667
"279",729.066666666667
"280",1084.33333333333
"281",944.083333333333
"282",1080.75
"283",729.066666666667
"284",1080.25
"285",1125.41666666667
"286",1122.33333333333
"287",1250.5
"288",1022.5
"289",729.066666666667
"290",1020.83333333333
"291",905.65
"292",1080.75
"293",1072.33333333333
"294",1123
"295",1061.91666666667
"296",729.066666666667
"297",1118.16666666667
"298",707.183333333333
"299",729.066666666667
"300",1080.75
"301",729.066666666667
"302",1084.33333333333
"303",1080.75
"304",1177
"305",1068.41666666667
"306",1119.33333333333
"307",811.2
"308",803.783333333333
"309",1162.66666666667
"310",944.333333333333
"311",880.033333333333
"312",865.95
"313",1130
"314",1124.16666666667
"315",817.2
"316",922.95
"317",947.2
"318",702.716666666667
"319",702.716666666667
"320",762.75
"321",1095.16666666667
"322",702.716666666667
"323",1230
"324",1027
"325",877.95
"326",955.833333333333
"327",951.583333333333
"328",1157.75
"329",1136.58333333333
"330",993.5
"331",1120.33333333333
"332",803.783333333333
"333",803.783333333333
"334",936.033333333333
"335",1172.66666666667
"336",803.783333333333
"337",1004.25
"338",841.95
"339",1025.66666666667
"340",1003.16666666667
"341",1238.66666666667
"342",803.783333333333
"343",930.2
"344",803.783333333333
"345",908.916666666667
"346",1090.41666666667
"347",866.7
"348",993.5
"349",808.7
"350",1020.08333333333
"351",1114.66666666667
"352",1265.58333333333
"353",972.583333333333
"354",1073.41666666667
"355",957.833333333333
"356",817.45
"357",1003.16666666667
"358",993.5
"359",1093.58333333333
"360",866.7
"361",932.916666666667
"362",803.783333333333
"363",1087
"364",803.783333333333
"365",945.583333333333
"366",982.5
"367",1075.25
"368",1069.66666666667
"369",803.783333333333
"370",990.616666666667
"371",1021
"372",744.65
"373",744.65
"374",694.883333333333
"375",694.883333333333
"376",694.883333333333
"377",694.883333333333
"378",694.883333333333
"379",1139.66666666667
"380",799.116666666667
"381",799.116666666667
"382",748.55
"383",782.55
"384",782.55
"385",694.883333333333
"386",694.883333333333
"387",897.816666666667
"388",774.583333333333
"389",1122.16666666667
"390",1074.41666666667
"391",832.45
"392",1054.58333333333
"393",774.583333333333
"394",817.45
"395",817.45
"396",843.283333333333
"397",960.366666666667
"398",952.2
"399",803.783333333333
"400",985.916666666667
"401",803.783333333333
"402",859.033333333333
"403",951.416666666667
"404",838.2
"405",817.2
"406",846.366666666667
"407",726.266666666667
"408",767.083333333333
"409",767.083333333333
"410",767.083333333333
"411",1109.03333333333
"412",845.4
"413",1024.16666666667
"414",1000.75
"415",851.766666666667
"416",851.766666666667
"417",851.766666666667
"418",851.766666666667
"419",851.766666666667
"420",851.766666666667
"421",1054.28333333333
"422",851.766666666667
"423",851.766666666667
"424",851.766666666667
"425",851.766666666667
"426",851.766666666667
"427",851.766666666667
"428",851.766666666667
"429",851.766666666667
"430",1183.16666666667
"431",851.766666666667
"432",851.766666666667
"433",851.766666666667
"434",851.766666666667
"435",851.766666666667
"436",851.766666666667
"437",851.766666666667
"438",851.766666666667
"439",851.766666666667
"440",851.766666666667
"441",851.766666666667
"442",851.766666666667
"443",851.766666666667
"444",851.766666666667
"445",851.766666666667
"446",851.766666666667
"447",851.766666666667
"448",851.766666666667
"449",851.766666666667
"450",851.766666666667
"451",851.766666666667
"452",851.766666666667
"453",851.766666666667
"454",851.766666666667
"455",851.766666666667
"456",851.766666666667
"457",851.766666666667
"458",851.766666666667
"459",851.766666666667
"460",851.766666666667
"461",1237.41666666667
"462",851.766666666667
"463",1055.16666666667
"464",1156
"465",1069.58333333333
"466",966.233333333333
"467",1122.66666666667
"468",1011.33333333333
"469",851.766666666667
"470",851.766666666667
"471",1080.41666666667
"472",851.766666666667
"473",851.766666666667
"474",868.683333333333
"475",1093.33333333333
"476",1076.08333333333
"477",1074.83333333333
"478",851.766666666667
"479",851.766666666667
"480",851.766666666667
"481",851.766666666667
"482",851.766666666667
"483",882.183333333333
"484",1157.41666666667
"485",1121.66666666667
"486",851.766666666667
"487",851.766666666667
"488",851.766666666667
"489",851.766666666667
"490",851.766666666667
"491",851.766666666667
"492",851.766666666667
"493",851.766666666667
"494",851.766666666667
"495",851.766666666667
"496",851.766666666667
"497",851.766666666667
"498",851.766666666667
"499",851.766666666667
"500",851.766666666667
"501",851.766666666667
"502",851.766666666667
"503",851.766666666667
"504",851.766666666667
"505",851.766666666667
"506",851.766666666667
"507",851.766666666667
"508",851.766666666667
"509",851.766666666667
"510",945.483333333333
"511",851.766666666667
"512",851.766666666667
"513",851.766666666667
"514",851.766666666667
"515",851.766666666667
"516",851.766666666667
"517",851.766666666667
"518",851.766666666667
"519",851.766666666667
"520",851.766666666667
"521",851.766666666667
"522",887.433333333333
"523",851.766666666667
"524",851.766666666667
"525",851.766666666667
"526",851.766666666667
"527",851.766666666667
"528",851.766666666667
"529",851.766666666667
"530",851.766666666667
"531",851.766666666667
"532",851.766666666667
"533",851.766666666667
"534",851.766666666667
"535",851.766666666667
"536",851.766666666667
"537",851.766666666667
"538",851.766666666667
"539",851.766666666667
"540",851.766666666667
"541",883.566666666667
"542",929.683333333333
"543",851.766666666667
"544",851.766666666667
"545",851.766666666667
"546",1242.75
"547",1167.25
"548",851.766666666667
"549",1148
"550",851.766666666667
"551",1049.5
"552",851.766666666667
"553",851.766666666667
"554",1080.41666666667
"555",851.766666666667
"556",851.766666666667
"557",851.766666666667
"558",851.766666666667
"559",851.766666666667
"560",851.766666666667
"561",851.766666666667
"562",851.766666666667
"563",851.766666666667
"564",851.766666666667
"565",851.766666666667
"566",851.766666666667
"567",977.35
"568",861.2
"569",1054.2
"570",766.1
"571",755.45
"572",1158.91666666667
"573",1087.11666666667
"574",882.9
"575",1151.41666666667
"576",1170.41666666667
"577",1089.36666666667
"578",1054.45
"579",1042.78333333333
"580",1071.28333333333
"581",1114.03333333333
"582",1144.91666666667
"583",1024.61666666667
"584",893.566666666667
"585",1015.28333333333
"586",997.583333333333
"587",1001
"588",1013.36666666667
"589",755.45
"590",1163.08333333333
"591",899.45
"592",1132.91666666667
"593",930.866666666667
"594",840.783333333333
"595",1022.86666666667
"596",714.866666666667
"597",878.366666666667
"598",989.95
"599",1093.7
"600",1072.5
"601",952.333333333333
"602",958.866666666667
"603",710.45
"604",807.033333333333
"605",992.583333333333
"606",1091.75
"607",710.45
"608",1082.41666666667
"609",1088.91666666667
"610",874.95
"611",1103.66666666667
"612",710.45
"613",710.45
"614",968.783333333333
"615",980.783333333333
"616",1023.2
"617",846.35
"618",1036.11666666667
"619",935.483333333333
"620",854.6
"621",898.783333333333
"622",997.166666666667
"623",1017.66666666667
"624",1122.2
"625",1198.41666666667
"626",935.483333333333
"627",855.6
"628",1040.95
"629",991.916666666667
"630",866.183333333333
"631",987.616666666667
"632",861.183333333333
"633",1097.03333333333
"634",1026.16666666667
"635",995.783333333333
"636",803.183333333333
"637",974.95
"638",930.066666666667
"639",1023.2
"640",1248.33333333333
"641",803.183333333333
"642",935.483333333333
"643",897.15
"644",995.783333333333
"645",847.933333333333
"646",930.066666666667
"647",854.6
"648",973.116666666667
"649",935.483333333333
"650",935.483333333333
"651",935.483333333333
"652",935.483333333333
"653",981.45
"654",803.183333333333
"655",842.133333333333
"656",853.483333333333
"657",935.483333333333
"658",847.933333333333
"659",1079.25
"660",795.3
"661",1023.86666666667
"662",930.066666666667
"663",935.483333333333
"664",930.066666666667
"665",1018.45
"666",854.6
"667",812.466666666667
"668",935.483333333333
"669",1136.2
"670",996.116666666667
"671",1002.66666666667
"672",780.583333333333
"673",939.083333333333
"674",872.683333333333
"675",1245.66666666667
"676",1032.86666666667
"677",780.583333333333
"678",780.583333333333
"679",847.933333333333
"680",1025.75
"681",930.066666666667
"682",847.933333333333
"683",847.933333333333
"684",795.3
"685",1176.58333333333
"686",1089.08333333333
"687",1119.58333333333
"688",795.3
"689",889.483333333333
"690",1033.08333333333
"691",811.966666666667
"692",905.366666666667
"693",857.6
"694",847.933333333333
"695",1170.25
"696",745.466666666667
"697",737.416666666667
"698",846.116666666667
"699",836.283333333333
"700",759.05
"701",759.05
"702",1054.5
"703",1094.91666666667
"704",1032.66666666667
"705",1065.66666666667
"706",913.166666666667
"707",737.416666666667
"708",759.05
"709",849.4
"710",1066.75
"711",1049.58333333333
"712",1133.91666666667
"713",885.25
"714",893.233333333333
"715",885.25
"716",1025.66666666667
"717",766.1
"718",1106.5
"719",939.366666666667
"720",1036.91666666667
"721",944.616666666667
"722",1140.25
"723",1097.08333333333
"724",1080.25
"725",759.05
"726",1050.08333333333
"727",1066.41666666667
"728",759.05
"729",1042.41666666667
"730",1047.75
"731",759.05
"732",1035.33333333333
"733",1026.36666666667
"734",759.05
"735",759.05
"736",1088.08333333333
"737",881.816666666667
"738",876.783333333333
"739",912.583333333333
"740",983.916666666667
"741",737.416666666667
"742",1022.25
"743",759.05
"744",759.05
"745",876.783333333333
"746",737.416666666667
"747",947.116666666667
"748",759.05
"749",759.05
"750",908.7
"751",766.1
"752",737.416666666667
"753",759.05
"754",737.416666666667
"755",759.05
"756",872.4
"757",759.05
"758",737.416666666667
"759",759.05
"760",954
"761",737.416666666667
"762",921.7
"763",759.05
"764",837.733333333333
"765",1031.83333333333
"766",836.65
"767",832.733333333333
"768",1037
"769",885.25
"770",766.1
"771",1102.91666666667
"772",1190
"773",737.416666666667
"774",872.116666666667
"775",847.983333333333
"776",759.05
"777",846.4
"778",902.9
"779",1141.33333333333
"780",1051.08333333333
"781",759.05
"782",1080.16666666667
"783",789.4
"784",759.05
"785",936.25
"786",885.25
"787",1109.5
"788",1106.61666666667
"789",1127.08333333333
"790",759.05
"791",979.533333333333
"792",1018.16666666667
"793",879.833333333333
"794",914.416666666667
"795",941.866666666667
"796",888.366666666667
"797",869.15
"798",757.916666666667
"799",757.916666666667
"800",923.2
"801",737.416666666667
"802",980.833333333333
"803",1047.58333333333
"804",885.25
"805",1030.78333333333
"806",766.1
"807",832.733333333333
"808",797.516666666667
"809",737.416666666667
"810",1161.5
"811",809.816666666667
"812",737.416666666667
"813",930.866666666667
"814",737.416666666667
"815",737.416666666667
"816",803.783333333333
"817",1050.75
"818",803.783333333333
"819",824.366666666667
"820",803.783333333333
"821",757.916666666667
"822",850.783333333333
"823",757.916666666667
"824",757.916666666667
"825",757.916666666667
"826",748.55
"827",748.55
"828",912.783333333333
"829",817.183333333333
"830",1053
"831",1016.58333333333
"832",1049.95
"833",1027.36666666667
"834",1023.45
"835",1008.45
"836",921.95
"837",991.25
"838",1167
"839",946.283333333333
"840",851.85
"841",1076.78333333333
"842",995.916666666667
"843",975.866666666667
"844",921.95
"845",1112.66666666667
"846",1093.16666666667
"847",921.95
"848",1170.25
"849",782.55
"850",921.95
"851",1103.41666666667
"852",1235.66666666667
"853",995.116666666667
"854",1161.08333333333
"855",893.033333333333
"856",1233.33333333333
"857",1066.86666666667
"858",840.6
"859",782.55
"860",1172.66666666667
"861",1000.7
"862",941.366666666667
"863",982.366666666667
"864",838.1
"865",921.95
"866",830.433333333333
"867",1014.33333333333
"868",881.7
"869",1027.36666666667
"870",1157.41666666667
"871",1187.83333333333
"872",932.783333333333
"873",782.55
"874",852.033333333333
"875",983.616666666667
"876",1070.83333333333
"877",921.95
"878",921.95
"879",902.516666666667
"880",1161.75
"881",958.7
"882",923.616666666667
"883",881.7
"884",934.116666666667
"885",997.866666666667
"886",1105.25
"887",881.7
"888",949.15
"889",817.016666666667
"890",857.1
"891",921.95
"892",921.95
"893",1129.86666666667
"894",852.033333333333
"895",848.516666666667
"896",912.866666666667
"897",919.033333333333
"898",863.7
"899",1232.58333333333
"900",782.55
"901",895.283333333333
"902",791.266666666667
"903",895.283333333333
"904",895.283333333333
"905",791.266666666667
"906",833.933333333333
"907",833.933333333333
"908",895.283333333333
"909",791.266666666667
"910",890.116666666667
"911",839.6
"912",791.266666666667
"913",982.95
"914",839.6
"915",885.7
"916",860.533333333333
"917",805.433333333333
"918",791.266666666667
"919",890.116666666667
"920",885.7
"921",833.933333333333
"922",1006.91666666667
"923",847.266666666667
"924",890.116666666667
"925",839.6
"926",1185.83333333333
"927",953.35
"928",1082.25
"929",791.266666666667
"930",833.933333333333
"931",833.933333333333
"932",914.916666666667
"933",1091.5
"934",791.266666666667
"935",833.933333333333
"936",791.266666666667
"937",950.616666666667
"938",895.283333333333
"939",885.7
"940",898.6
"941",847.266666666667
"942",833.933333333333
"943",890.116666666667
"944",791.266666666667
"945",791.266666666667
"946",890.116666666667
"947",791.266666666667
"948",1117.41666666667
"949",908.483333333333
"950",884.566666666667
"951",799.066666666667
"952",744.933333333333
"953",792.05
"954",939.616666666667
"955",812.783333333333
"956",928.283333333333
"957",723.066666666667
"958",917.95
"959",723.066666666667
"960",1009.41666666667
"961",723.066666666667
"962",723.066666666667
"963",815.983333333333
"964",743.7
"965",856.916666666667
"966",959.666666666667
"967",713.033333333333
"968",713.033333333333
"969",713.033333333333
"970",959.666666666667
"971",713.033333333333
"972",713.033333333333
"973",882.816666666667
"974",930.25
"975",930.25
"976",713.033333333333
"977",1007.23333333333
"978",751.783333333333
"979",713.033333333333
"980",713.033333333333
"981",774.833333333333
"982",854.4
"983",899.183333333333
"984",723.066666666667
"985",723.066666666667
"986",723.066666666667
"987",926.116666666667
"988",723.066666666667
"989",723.066666666667
"990",713.033333333333
"991",713.033333333333
"992",713.033333333333
"993",713.033333333333
"994",716.816666666667
"995",750.833333333333
"996",716.816666666667
"997",725.183333333333
"998",716.816666666667
"999",725.183333333333
"1000",716.816666666667
"1001",716.816666666667
"1002",725.183333333333
"1003",815.766666666667
"1004",716.816666666667
"1005",833.366666666667
"1006",716.816666666667
"1007",716.816666666667
"1008",716.816666666667
"1009",716.816666666667
"1010",863.666666666667
"1011",716.816666666667
"1012",716.816666666667
"1013",841.433333333333
"1014",716.816666666667
"1015",716.816666666667
"1016",904.083333333333
"1017",772.333333333333
"1018",716.816666666667
"1019",789.333333333333
"1020",891.1
"1021",887.266666666667
"1022",958.666666666667
"1023",716.816666666667
"1024",816.033333333333
"1025",716.816666666667
"1026",884.95
"1027",716.816666666667
"1028",819.2
"1029",783.966666666667
"1030",716.816666666667
"1031",716.816666666667
"1032",861.7
"1033",809.933333333333
"1034",716.816666666667
"1035",716.816666666667
"1036",729.5
"1037",994
"1038",729.5
"1039",844.616666666667
"1040",818.7
"1041",1130.83333333333
"1042",996.533333333333
"1043",729.5
"1044",844.616666666667
"1045",750.75
"1046",839.2
"1047",809.033333333333
"1048",791.55
"1049",729.5
"1050",750.75
"1051",729.5
"1052",984.5
"1053",785.383333333333
"1054",785.383333333333
"1055",995.033333333333
"1056",729.5
"1057",808.683333333333
"1058",851.1
"1059",729.5
"1060",899.416666666667
"1061",817.85
"1062",1167.66666666667
"1063",844.616666666667
"1064",990.116666666667
"1065",967.283333333333
"1066",982.033333333333
"1067",729.5
"1068",981.583333333333
"1069",809.033333333333
"1070",843.35
"1071",729.5
"1072",782.333333333333
"1073",782.333333333333
"1074",811.783333333333
"1075",782.333333333333
"1076",807.6
"1077",782.333333333333
"1078",805.433333333333
"1079",933.616666666667
"1080",736.016666666667
"1081",898.95
"1082",811.783333333333
"1083",736.016666666667
"1084",736.016666666667
"1085",782.333333333333
"1086",808.933333333333
"1087",782.333333333333
"1088",736.016666666667
"1089",1043.33333333333
"1090",782.333333333333
"1091",931.35
"1092",957.366666666667
"1093",838.95
"1094",736.016666666667
"1095",782.333333333333
"1096",841.816666666667
"1097",778.95
"1098",778.95
"1099",1051.83333333333
"1100",881.4
"1101",1073.5
"1102",911.95
"1103",938.166666666667
"1104",912.566666666667
"1105",906.15
"1106",1025.75
"1107",778.95
"1108",953.733333333333
"1109",778.95
"1110",823.883333333333
"1111",926.7
"1112",778.95
"1113",778.95
"1114",841.816666666667
"1115",778.95
"1116",778.95
"1117",778.95
"1118",778.95
"1119",778.95
"1120",778.95
"1121",778.95
"1122",778.95
"1123",1042.41666666667
"1124",743.233333333333
"1125",778.95
"1126",778.95
"1127",778.95
"1128",881.4
"1129",778.95
"1130",778.95
"1131",778.95
"1132",778.95
"1133",778.95
"1134",778.95
"1135",778.95
"1136",926.7
"1137",778.95
"1138",847.933333333333
"1139",710.3
"1140",710.3
"1141",782.633333333333
"1142",878.316666666667
"1143",916.783333333333
"1144",710.3
"1145",710.3
"1146",710.3
"1147",970.666666666667
"1148",743.233333333333
"1149",743.233333333333
"1150",743.233333333333
"1151",743.233333333333
"1152",743.233333333333
"1153",743.233333333333
"1154",743.233333333333
"1155",924.083333333333
"1156",710.3
"1157",710.3
"1158",710.3
"1159",809.033333333333
"1160",799.116666666667
"1161",799.116666666667
"1162",799.116666666667
"1163",903.866666666667
"1164",799.116666666667
"1165",864.533333333333
"1166",831.783333333333
"1167",799.116666666667
"1168",799.116666666667
"1169",864.533333333333
"1170",799.116666666667
"1171",773.666666666667
"1172",773.666666666667
"1173",773.666666666667
"1174",773.666666666667
"1175",773.666666666667
"1176",773.666666666667
"1177",773.666666666667
"1178",773.666666666667
"1179",773.666666666667
"1180",773.666666666667
"1181",773.666666666667
"1182",850.95
"1183",799.116666666667
"1184",799.116666666667
"1185",799.116666666667
"1186",799.116666666667
"1187",799.116666666667
"1188",799.116666666667
"1189",831.783333333333
"1190",895.95
"1191",799.116666666667
"1192",799.116666666667
"1193",799.116666666667
"1194",799.116666666667
"1195",843.183333333333
"1196",773.666666666667
"1197",773.666666666667
"1198",773.666666666667
"1199",773.666666666667
"1200",773.666666666667
"1201",849.433333333333
"1202",773.666666666667
"1203",995.5
"1204",773.666666666667
"1205",997.75
"1206",773.666666666667
"1207",727.3
"1208",825.95
"1209",959.2
"1210",727.3
"1211",1051.33333333333
"1212",993.666666666667
"1213",886.35
"1214",956.533333333333
"1215",886.35
"1216",955.433333333333
"1217",1193.16666666667
"1218",1076.83333333333
"1219",1189.16666666667
"1220",886.35
"1221",886.35
"1222",851.766666666667
"1223",851.766666666667
"1224",939.65
"1225",939.65
"1226",851.766666666667
"1227",1090.58333333333
"1228",851.766666666667
"1229",851.766666666667
"1230",1061.33333333333
"1231",922.95
"1232",851.766666666667
"1233",851.766666666667
"1234",1048.08333333333
"1235",851.766666666667
"1236",1165.75
"1237",1001.31666666667
"1238",942.916666666667
"1239",1200.16666666667
"1240",851.766666666667
"1241",1201.25
"1242",1131.58333333333
"1243",1061.58333333333
"1244",1111.41666666667
"1245",851.766666666667
"1246",987
"1247",851.766666666667
"1248",1120.66666666667
"1249",1073.41666666667
"1250",942.916666666667
"1251",910.433333333333
"1252",851.766666666667
"1253",851.766666666667
"1254",1036.16666666667
"1255",1302.41666666667
"1256",851.766666666667
"1257",1075.5
"1258",1053.75
"1259",1103.33333333333
"1260",959.4
"1261",851.766666666667
"1262",851.766666666667
"1263",851.766666666667
"1264",851.766666666667
"1265",851.766666666667
"1266",851.766666666667
"1267",851.766666666667
"1268",851.766666666667
"1269",887.433333333333
"1270",851.766666666667
"1271",851.766666666667
"1272",1085.33333333333
"1273",1014.66666666667
"1274",871.7
"1275",1148.58333333333
"1276",726.266666666667
"1277",1171.75
"1278",1031
"1279",1145.08333333333
"1280",831.783333333333
"1281",967.083333333333
"1282",831.783333333333
"1283",778.95
"1284",872
"1285",902.416666666667
"1286",1053.66666666667
"1287",705.683333333333
"1288",925
"1289",1126.83333333333
"1290",713.25
"1291",799.116666666667
"1292",713.25
"1293",991.116666666667
"1294",946.666666666667
"1295",876.166666666667
"1296",1045.08333333333
"1297",799.116666666667
"1298",799.116666666667
"1299",943.866666666667
"1300",1056.58333333333
"1301",938.166666666667
"1302",726.266666666667
"1303",694.216666666667
"1304",1083.66666666667
"1305",840.783333333333
"1306",930.833333333333
"1307",956.666666666667
"1308",1026.41666666667
"1309",972.083333333333
"1310",995
"1311",726.266666666667
"1312",1008.25
"1313",1037.66666666667
"1314",844.65
"1315",815.1
"1316",778.95
"1317",778.95
"1318",881.4
"1319",1127.41666666667
"1320",799.433333333333
"1321",705.683333333333
"1322",726.266666666667
"1323",889.416666666667
"1324",1082.83333333333
"1325",1069.25
"1326",902.95
"1327",778.95
"1328",799.116666666667
"1329",799.116666666667
"1330",1006.28333333333
"1331",1142.83333333333
"1332",1093.58333333333
"1333",831.783333333333
"1334",1030.41666666667
"1335",997.25
"1336",961.916666666667
"1337",1127.08333333333
"1338",1151.83333333333
"1339",881.4
"1340",1109.58333333333
"1341",835.733333333333
"1342",1074.58333333333
"1343",1071
"1344",773.666666666667
"1345",713.25
"1346",964.033333333333
"1347",999
"1348",872
"1349",799.116666666667
"1350",889.066666666667
"1351",799.116666666667
"1352",799.116666666667
"1353",892.7
"1354",1071.16666666667
"1355",773.666666666667
"1356",1013.25
"1357",1042.66666666667
"1358",1131.25
"1359",831.783333333333
"1360",881.4
"1361",926.7
"1362",705.683333333333
"1363",985.25
"1364",881.4
"1365",799.116666666667
"1366",872
"1367",697.3
"1368",1136.16666666667
"1369",865.733333333333
"1370",1103.66666666667
"1371",1150.41666666667
"1372",831.783333333333
"1373",1136.58333333333
"1374",1021.16666666667
"1375",1075.83333333333
"1376",799.116666666667
"1377",821.2
"1378",835.733333333333
"1379",1171
"1380",870.166666666667
"1381",713.25
"1382",1232.08333333333
"1383",1032.91666666667
"1384",1098.58333333333
"1385",1032.66666666667
"1386",1028.83333333333
"1387",1226
"1388",705.683333333333
"1389",831.783333333333
"1390",1091.66666666667
"1391",1087
"1392",905.916666666667
"1393",1059.25
"1394",1109.83333333333
"1395",945.75
"1396",990.75
"1397",1023.16666666667
"1398",986.583333333333
"1399",1077
"1400",1193.75
"1401",888.233333333333
"1402",778.95
"1403",713.25
"1404",1085.41666666667
"1405",1001.41666666667
"1406",799.116666666667
"1407",1132.91666666667
"1408",1169.08333333333
"1409",1040.91666666667
"1410",790.65
"1411",888.416666666667
"1412",1098.75
"1413",694.216666666667
"1414",961.333333333333
"1415",941.583333333333
"1416",1040.91666666667
"1417",894.866666666667
"1418",773.666666666667
"1419",868.533333333333
"1420",1121.66666666667
"1421",1010.83333333333
"1422",1112.66666666667
"1423",799.116666666667
"1424",870.166666666667
"1425",1012
"1426",1205.08333333333
"1427",697.3
"1428",799.116666666667
"1429",697.3
"1430",835.733333333333
"1431",759.05
"1432",889.116666666667
"1433",1071.08333333333
"1434",1213.5
"1435",870.166666666667
"1436",1032
"1437",1058
"1438",1024.5
"1439",881.4
"1440",881.4
"1441",778.95
"1442",743.233333333333
"1443",799.116666666667
"1444",910.283333333333
"1445",778.95
"1446",694.216666666667
"1447",778.95
"1448",697.3
"1449",860.916666666667
"1450",799.116666666667
"1451",713.25
"1452",1089.5
"1453",1022.33333333333
"1454",1062.75
"1455",713.25
"1456",831.783333333333
"1457",713.25
"1458",914.583333333333
"1459",835.733333333333
"1460",778.95
"1461",713.25
"1462",972.083333333333
"1463",1174.41666666667
"1464",773.666666666667
"1465",1101
"1466",836.2
"1467",778.95
"1468",790.65
"1469",778.95
"1470",795.75
"1471",946.666666666667
"1472",870.166666666667
"1473",778.95
"1474",697.3
"1475",1011
"1476",823.516666666667
"1477",1007.25
"1478",799.116666666667
"1479",854.316666666667
"1480",778.95
"1481",1003.33333333333
"1482",778.95
"1483",773.666666666667
"1484",1001.33333333333
"1485",926.7
"1486",680.483333333333
"1487",778.95
"1488",705.683333333333
"1489",778.95
"1490",705.683333333333
"1491",870.166666666667
"1492",1015.53333333333
"1493",975.75
"1494",778.95
"1495",697.3
"1496",778.95
"1497",846.75
"1498",1038.5
"1499",705.683333333333
"1500",778.95
"1501",778.95
"1502",680.483333333333
"1503",773.666666666667
"1504",851.15
"1505",778.95
"1506",881.4
"1507",713.25
"1508",778.95
"1509",694.216666666667
"1510",705.683333333333
"1511",778.95
"1512",1079.66666666667
"1513",847.933333333333
"1514",1102.58333333333
"1515",799.116666666667
"1516",726.266666666667
"1517",926.7
"1518",799.116666666667
"1519",773.666666666667
"1520",778.95
"1521",997.416666666667
"1522",713.25
"1523",778.95
"1524",713.25
"1525",809.6
"1526",930.066666666667
"1527",713.25
"1528",1072.08333333333
"1529",1037.66666666667
"1530",926.7
"1531",773.666666666667
"1532",868.033333333333
"1533",784.266666666667
"1534",970
"1535",822.683333333333
"1536",713.25
"1537",1037.5
"1538",799.116666666667
"1539",778.95
"1540",1085.16666666667
"1541",868.033333333333
"1542",799.116666666667
"1543",868.533333333333
"1544",705.683333333333
"1545",1054.75
"1546",1080.75
"1547",799.116666666667
"1548",799.116666666667
"1549",799.116666666667
"1550",881.4
"1551",1193.91666666667
"1552",705.683333333333
"1553",1070
"1554",1106.25
"1555",803.783333333333
"1556",780.583333333333
"1557",799.116666666667
"1558",799.116666666667
"1559",1056.75
"1560",1082.08333333333
"1561",799.116666666667
"1562",1154.91666666667
"1563",995
"1564",1128.91666666667
"1565",1151.83333333333
"1566",799.116666666667
"1567",1089.5
"1568",1017.33333333333
"1569",778.95
"1570",705.683333333333
"1571",799.116666666667
"1572",951.5
"1573",871.7
"1574",713.25
"1575",983.166666666667
"1576",879.15
"1577",868.533333333333
"1578",947.583333333333
"1579",1035.41666666667
"1580",798.3
"1581",983.833333333333
"1582",1194.25
"1583",1179.5
"1584",1145.91666666667
"1585",713.25
"1586",1032.5
"1587",853.766666666667
"1588",705.683333333333
"1589",1023.16666666667
"1590",697.3
"1591",1207.58333333333
"1592",1103.5
"1593",872
"1594",1069.36666666667
"1595",1087.83333333333
"1596",1142.91666666667
"1597",697.3
"1598",902.416666666667
"1599",799.116666666667
"1600",942.783333333333
"1601",881.4
"1602",897.15
"1603",799.116666666667
"1604",799.116666666667
"1605",713.25
"1606",726.266666666667
"1607",799.116666666667
"1608",1243.5
"1609",1225.75
"1610",799.116666666667
"1611",936.033333333333
"1612",713.25
"1613",969.166666666667
"1614",1039.91666666667
"1615",705.683333333333
"1616",743.233333333333
"1617",881.4
"1618",778.95
"1619",881.4
"1620",917.95
"1621",697.3
"1622",790.65
"1623",973.583333333333
"1624",799.116666666667
"1625",915.95
"1626",868.533333333333
"1627",713.25
"1628",778.95
"1629",977.166666666667
"1630",799.116666666667
"1631",1255.16666666667
"1632",1055.08333333333
"1633",743.233333333333
"1634",713.25
"1635",881.4
"1636",930.833333333333
"1637",726.266666666667
"1638",910.283333333333
"1639",910.283333333333
"1640",778.95
"1641",1016.03333333333
"1642",773.666666666667
"1643",713.25
"1644",860.016666666667
"1645",726.266666666667
"1646",958.4
"1647",799.116666666667
"1648",778.95
"1649",841.816666666667
"1650",697.3
"1651",799.116666666667
"1652",743.233333333333
"1653",966.916666666667
"1654",1092.33333333333
"1655",1067.41666666667
"1656",860.916666666667
"1657",713.25
"1658",961.5
"1659",1011
"1660",705.683333333333
"1661",881.4
"1662",1002.75
"1663",713.25
"1664",799.116666666667
"1665",876.7
"1666",1081.5
"1667",773.666666666667
"1668",680.483333333333
"1669",931.45
"1670",1110.33333333333
"1671",934.583333333333
"1672",881.116666666667
"1673",1013.83333333333
"1674",1021.91666666667
"1675",910.283333333333
"1676",778.95
"1677",705.683333333333
"1678",872
"1679",811.966666666667
"1680",680.483333333333
"1681",786.516666666667
"1682",799.116666666667
"1683",985.833333333333
"1684",889.483333333333
"1685",799.116666666667
"1686",1073.33333333333
"1687",872
"1688",871.783333333333
"1689",778.95
"1690",694.216666666667
"1691",694.216666666667
"1692",799.116666666667
"1693",835.733333333333
"1694",713.25
"1695",713.25
"1696",950
"1697",1078.91666666667
"1698",780.583333333333
"1699",1021.75
"1700",881.4
"1701",697.3
"1702",726.266666666667
"1703",881.4
"1704",865.783333333333
"1705",1041.16666666667
"1706",713.25
"1707",726.266666666667
"1708",767.966666666667
"1709",713.25
"1710",799.116666666667
"1711",773.666666666667
"1712",697.3
"1713",778.95
"1714",847.933333333333
"1715",910.283333333333
"1716",884.933333333333
"1717",1011
"1718",680.483333333333
"1719",857.85
"1720",799.116666666667
"1721",1039.66666666667
"1722",778.95
"1723",1027
"1724",778.95
"1725",983.316666666667
"1726",713.25
"1727",930.066666666667
"1728",713.25
"1729",1003.25
"1730",778.95
"1731",743.233333333333
"1732",743.233333333333
"1733",697.3
"1734",778.95
"1735",857.233333333333
"1736",743.233333333333
"1737",799.116666666667
"1738",799.116666666667
"1739",705.683333333333
"1740",697.3
"1741",726.266666666667
"1742",799.116666666667
"1743",1091.25
"1744",726.266666666667
"1745",778.95
"1746",778.95
"1747",773.666666666667
"1748",958.616666666667
"1749",980.833333333333
"1750",881.4
"1751",943.866666666667
"1752",957.5
"1753",950
"1754",1119.08333333333
"1755",1069.58333333333
"1756",846.75
"1757",1074.25
"1758",799.116666666667
"1759",799.116666666667
"1760",697.3
"1761",879.4
"1762",841.816666666667
"1763",803.783333333333
"1764",780.583333333333
"1765",778.95
"1766",705.683333333333
"1767",847.933333333333
"1768",910.283333333333
"1769",778.95
"1770",773.666666666667
"1771",743.233333333333
"1772",943.75
"1773",881.4
"1774",872
"1775",713.25
"1776",799.116666666667
"1777",713.25
"1778",773.666666666667
"1779",778.95
"1780",757.916666666667
"1781",713.25
"1782",846.75
"1783",778.95
"1784",975.166666666667
"1785",580.533333333333
"1786",799.116666666667
"1787",881.4
"1788",799.116666666667
"1789",958.2
"1790",789.3
"1791",780.583333333333
"1792",778.95
"1793",778.95
"1794",930.066666666667
"1795",799.116666666667
"1796",778.95
"1797",926.7
"1798",713.25
"1799",886.916666666667
"1800",959.25
"1801",799.116666666667
"1802",759.05
"1803",841.816666666667
"1804",868.033333333333
"1805",799.116666666667
"1806",799.116666666667
"1807",851.766666666667
"1808",1033.75
"1809",799.116666666667
"1810",1065.5
"1811",799.116666666667
"1812",964.116666666667
"1813",778.95
"1814",1192.91666666667
"1815",1012.75
"1816",778.95
"1817",778.95
"1818",778.95
"1819",791.266666666667
"1820",876.166666666667
"1821",713.25
"1822",726.266666666667
"1823",697.3
"1824",1078.5
"1825",1072.41666666667
"1826",945.583333333333
"1827",778.95
"1828",906.15
"1829",999.166666666667
"1830",697.3
"1831",1043.33333333333
"1832",799.116666666667
"1833",835.733333333333
"1834",925.416666666667
"1835",799.116666666667
"1836",881.4
"1837",926.7
"1838",778.95
"1839",847.933333333333
"1840",915.95
"1841",804.033333333333
"1842",860.916666666667
"1843",849.35
"1844",851.766666666667
"1845",726.266666666667
"1846",1027.25
"1847",799.116666666667
"1848",938.366666666667
"1849",1260.16666666667
"1850",726.266666666667
"1851",778.95
"1852",778.95
"1853",841.816666666667
"1854",778.95
"1855",799.116666666667
"1856",694.216666666667
"1857",713.25
"1858",836.2
"1859",958.25
"1860",799.116666666667
"1861",868.366666666667
"1862",1053.66666666667
"1863",697.3
"1864",773.666666666667
"1865",799.116666666667
"1866",881.4
"1867",799.116666666667
"1868",870.166666666667
"1869",713.25
"1870",780.583333333333
"1871",697.3
"1872",1027.58333333333
"1873",1030
"1874",1078
"1875",1074.83333333333
"1876",1070.16666666667
"1877",1024.41666666667
"1878",1076.83333333333
"1879",1230.25
"1880",1078
"1881",1191.91666666667
"1882",1078
"1883",1181.25
"1884",1026.83333333333
"1885",1074.41666666667
"1886",715.6
"1887",1113
"1888",1079.5
"1889",980.5
"1890",727.3
"1891",956.166666666667
"1892",1026.41666666667
"1893",1021.5
"1894",956.5
"1895",1079.5
"1896",1076.83333333333
"1897",1076.83333333333
"1898",1016.08333333333
"1899",1026.41666666667
"1900",945.75
"1901",940.833333333333
"1902",1109.25
"1903",852.166666666667
"1904",794.683333333333
"1905",1012.83333333333
"1906",727.3
"1907",727.3
"1908",958
"1909",1026.41666666667
"1910",1007.16666666667
"1911",727.3
"1912",1098.33333333333
"1913",868.583333333333
"1914",693.083333333333
"1915",693.083333333333
"1916",693.083333333333
"1917",1045.33333333333
"1918",693.083333333333
"1919",1056.41666666667
"1920",693.083333333333
"1921",957.166666666667
"1922",784.266666666667
"1923",1070.25
"1924",1151.75
"1925",987.75
"1926",957.166666666667
"1927",1058
"1928",1002.41666666667
"1929",889.416666666667
"1930",883.7
"1931",1015.83333333333
"1932",943.833333333333
"1933",951.5
"1934",1017.83333333333
"1935",1073.41666666667
"1936",994.083333333333
"1937",983.416666666667
"1938",811.933333333333
"1939",953.566666666667
"1940",876.4
"1941",1073.41666666667
"1942",1078.66666666667
"1943",1022.91666666667
"1944",1014.08333333333
"1945",1073.41666666667
"1946",957.166666666667
"1947",1166.08333333333
"1948",967.333333333333
"1949",1070.66666666667
"1950",982.75
"1951",1060.33333333333
"1952",957.166666666667
"1953",1110.08333333333
"1954",978
"1955",1041.66666666667
"1956",1115.58333333333
"1957",961.916666666667
"1958",1023
"1959",1014.08333333333
"1960",889.416666666667
"1961",1064.75
"1962",1014.08333333333
"1963",927.583333333333
"1964",1005.66666666667
"1965",784.266666666667
"1966",784.266666666667
"1967",957.166666666667
"1968",784.266666666667
"1969",784.266666666667
"1970",988.166666666667
"1971",784.266666666667
"1972",934.5
"1973",943.833333333333
"1974",951.5
"1975",784.266666666667
"1976",993.166666666667
"1977",826.316666666667
"1978",955.75
"1979",1005.66666666667
"1980",1130.16666666667
"1981",964.733333333333
"1982",876.4
"1983",964.733333333333
"1984",1034.08333333333
"1985",961.033333333333
"1986",1015.83333333333
"1987",1073.41666666667
"1988",784.266666666667
"1989",1216.25
"1990",846.75
"1991",846.75
"1992",846.75
"1993",846.75
"1994",968.833333333333
"1995",846.75
"1996",941.583333333333
"1997",941.583333333333
"1998",911.666666666667
"1999",846.75
"2000",941.583333333333
"2001",950
"2002",902.416666666667
"2003",952.25
"2004",911.666666666667
"2005",902.416666666667
"2006",846.75
"2007",846.75
"2008",1006.91666666667
"2009",902.416666666667
"2010",1069.25
"2011",1001.08333333333
"2012",1007.91666666667
"2013",846.75
"2014",1075.25
"2015",902.416666666667
"2016",941.583333333333
"2017",1012.41666666667
"2018",902.416666666667
"2019",846.75
"2020",916.083333333333
"2021",952.25
"2022",941.583333333333
"2023",846.75
"2024",1012.41666666667
"2025",1007.91666666667
"2026",1012
"2027",1012.41666666667
"2028",846.75
"2029",846.75
"2030",957.833333333333
"2031",941.583333333333
"2032",941.583333333333
"2033",1003.75
"2034",941.583333333333
"2035",952.25
"2036",941.583333333333
"2037",1051.75
"2038",846.75
"2039",1018.08333333333
"2040",902.416666666667
"2041",1069.25
"2042",914.583333333333
"2043",1012.41666666667
"2044",941.583333333333
"2045",902.416666666667
"2046",1054.08333333333
"2047",1008.91666666667
"2048",911.666666666667
"2049",846.75
"2050",1039.16666666667
"2051",1139.91666666667
"2052",941.583333333333
"2053",1066.75
"2054",924.666666666667
"2055",998.5
"2056",1007.91666666667
"2057",1093.25
"2058",952.25
"2059",914.583333333333
"2060",902.416666666667
"2061",941.583333333333
"2062",1003.25
"2063",952.25
"2064",986.5
"2065",1003.25
"2066",916.083333333333
"2067",941.583333333333
"2068",846.75
"2069",1000.66666666667
"2070",902.416666666667
"2071",998.5
"2072",907.416666666667
"2073",846.75
"2074",1019.66666666667
"2075",911.666666666667
"2076",846.75
"2077",1007.83333333333
"2078",902.416666666667
"2079",941.583333333333
"2080",936.166666666667
"2081",846.75
"2082",941.583333333333
"2083",998.5
"2084",982.666666666667
"2085",902.416666666667
"2086",941.583333333333
"2087",872.166666666667
"2088",973.083333333333
"2089",846.75
"2090",846.75
"2091",846.75
"2092",941.583333333333
"2093",846.75
"2094",846.75
"2095",846.75
"2096",846.75
"2097",846.75
"2098",1008.91666666667
"2099",1003.25
"2100",902.416666666667
"2101",902.416666666667
"2102",846.75
"2103",974.833333333333
"2104",846.75
"2105",846.75
"2106",1056.75
"2107",846.75
"2108",971.083333333333
"2109",846.75
"2110",942.333333333333
"2111",914.583333333333
"2112",864.666666666667
"2113",1028.91666666667
"2114",846.75
"2115",902.416666666667
"2116",902.416666666667
"2117",1164.41666666667
"2118",846.75
"2119",975.75
"2120",846.75
"2121",941.583333333333
"2122",902.416666666667
"2123",902.416666666667
"2124",976.666666666667
"2125",907.416666666667
"2126",1003.91666666667
"2127",864.666666666667
"2128",1003.25
"2129",941.583333333333
"2130",874.95
"2131",868.033333333333
"2132",868.033333333333
"2133",868.033333333333
"2134",868.033333333333
"2135",868.033333333333
"2136",958.333333333333
"2137",868.033333333333
"2138",930.666666666667
"2139",915.916666666667
"2140",868.033333333333
"2141",927.333333333333
"2142",930.666666666667
"2143",974.833333333333
"2144",868.033333333333
"2145",868.033333333333
"2146",972.833333333333
"2147",1005.2
"2148",927.333333333333
"2149",1029.66666666667
"2150",985.283333333333
"2151",971.366666666667
"2152",868.033333333333
"2153",931.45
"2154",1024.25
"2155",868.033333333333
"2156",915.916666666667
"2157",901.2
"2158",931.45
"2159",868.033333333333
"2160",868.033333333333
"2161",868.033333333333
"2162",915.916666666667
"2163",972.833333333333
"2164",930.666666666667
"2165",868.033333333333
"2166",930.666666666667
"2167",931.45
"2168",915.916666666667
"2169",1061.58333333333
"2170",868.033333333333
"2171",868.033333333333
"2172",1014.75
"2173",915.916666666667
"2174",868.033333333333
"2175",915.916666666667
"2176",1012.75
"2177",868.033333333333
"2178",955.116666666667
"2179",868.033333333333
"2180",997.833333333333
"2181",868.033333333333
"2182",979.333333333333
"2183",1128.83333333333
"2184",868.033333333333
"2185",927.333333333333
"2186",930.666666666667
"2187",994.5
"2188",993.533333333333
"2189",868.033333333333
"2190",1215.58333333333
"2191",868.033333333333
"2192",950.366666666667
"2193",868.033333333333
"2194",868.033333333333
"2195",930.666666666667
"2196",940.866666666667
"2197",915.916666666667
"2198",915.916666666667
"2199",997.25
"2200",923.45
"2201",868.033333333333
"2202",930.666666666667
"2203",868.033333333333
"2204",868.033333333333
"2205",984
"2206",868.033333333333
"2207",868.033333333333
"2208",936.7
"2209",915.916666666667
"2210",1012.75
"2211",950.366666666667
"2212",930.666666666667
"2213",868.033333333333
"2214",868.033333333333
"2215",930.666666666667
"2216",884.45
"2217",953.366666666667
"2218",868.033333333333
"2219",930.666666666667
"2220",1179.5
"2221",930.666666666667
"2222",915.916666666667
"2223",979.25
"2224",915.916666666667
"2225",868.033333333333
"2226",915.916666666667
"2227",915.916666666667
"2228",835.733333333333
"2229",835.733333333333
"2230",835.733333333333
"2231",885.4
"2232",835.733333333333
"2233",835.733333333333
"2234",835.733333333333
"2235",835.733333333333
"2236",945.333333333333
"2237",888.283333333333
"2238",835.733333333333
"2239",888.283333333333
"2240",835.733333333333
"2241",945.916666666667
"2242",1007.25
"2243",1079.33333333333
"2244",897.15
"2245",835.733333333333
"2246",835.733333333333
"2247",835.733333333333
"2248",931.45
"2249",835.733333333333
"2250",835.733333333333
"2251",835.733333333333
"2252",835.733333333333
"2253",888.283333333333
"2254",835.733333333333
"2255",897.15
"2256",835.733333333333
"2257",835.733333333333
"2258",939.65
"2259",835.733333333333
"2260",835.733333333333
"2261",897.15
"2262",835.733333333333
"2263",835.733333333333
"2264",835.733333333333
"2265",888.283333333333
"2266",835.733333333333
"2267",835.733333333333
"2268",897.15
"2269",835.733333333333
"2270",835.733333333333
"2271",948.616666666667
"2272",835.733333333333
"2273",835.733333333333
"2274",835.733333333333
"2275",835.733333333333
"2276",835.733333333333
"2277",835.733333333333
"2278",969.5
"2279",835.733333333333
"2280",835.733333333333
"2281",888.283333333333
"2282",835.733333333333
"2283",835.733333333333
"2284",835.733333333333
"2285",835.733333333333
"2286",835.733333333333
"2287",888.283333333333
"2288",835.733333333333
"2289",835.733333333333
"2290",888.283333333333
"2291",835.733333333333
"2292",835.733333333333
"2293",835.733333333333
"2294",835.733333333333
"2295",835.733333333333
"2296",948.616666666667
"2297",835.733333333333
"2298",835.733333333333
"2299",835.733333333333
"2300",835.733333333333
"2301",835.733333333333
"2302",835.733333333333
"2303",990.583333333333
"2304",945.916666666667
"2305",835.733333333333
"2306",835.733333333333
"2307",835.733333333333
"2308",835.733333333333
"2309",835.733333333333
"2310",835.733333333333
"2311",835.733333333333
"2312",835.733333333333
"2313",835.733333333333
"2314",835.733333333333
"2315",835.733333333333
"2316",835.733333333333
"2317",835.733333333333
"2318",835.733333333333
"2319",835.733333333333
"2320",835.733333333333
"2321",835.733333333333
"2322",835.733333333333
"2323",835.733333333333
"2324",835.733333333333
"2325",835.733333333333
"2326",835.733333333333
"2327",835.733333333333
"2328",888.283333333333
"2329",888.283333333333
"2330",888.283333333333
"2331",795.3
"2332",884.016666666667
"2333",846.35
"2334",795.3
"2335",893.6
"2336",795.3
"2337",826.85
"2338",795.3
"2339",795.3
"2340",795.3
"2341",854.966666666667
"2342",795.3
"2343",795.3
"2344",1005.61666666667
"2345",877.383333333333
"2346",795.3
"2347",795.3
"2348",795.3
"2349",795.3
"2350",795.3
"2351",795.3
"2352",846.35
"2353",795.3
"2354",938.783333333333
"2355",795.3
"2356",795.3
"2357",939.416666666667
"2358",795.3
"2359",795.3
"2360",927.616666666667
"2361",795.3
"2362",846.35
"2363",795.3
"2364",795.3
"2365",795.3
"2366",939.416666666667
"2367",795.3
"2368",826.85
"2369",938.783333333333
"2370",795.3
"2371",826.85
"2372",795.3
"2373",938.783333333333
"2374",939.416666666667
"2375",833.466666666667
"2376",795.3
"2377",993.333333333333
"2378",795.3
"2379",795.3
"2380",795.3
"2381",795.3
"2382",795.3
"2383",795.3
"2384",795.3
"2385",795.3
"2386",795.3
"2387",795.3
"2388",929.683333333333
"2389",939.416666666667
"2390",795.3
"2391",795.3
"2392",795.3
"2393",983.7
"2394",795.3
"2395",795.3
"2396",795.3
"2397",938.783333333333
"2398",795.3
"2399",795.3
"2400",795.3
"2401",877.95
"2402",795.3
"2403",939.416666666667
"2404",795.3
"2405",795.3
"2406",851.766666666667
"2407",871.683333333333
"2408",851.766666666667
"2409",851.766666666667
"2410",942.916666666667
"2411",883.566666666667
"2412",851.766666666667
"2413",851.766666666667
"2414",851.766666666667
"2415",851.766666666667
"2416",851.766666666667
"2417",851.766666666667
"2418",851.766666666667
"2419",851.766666666667
"2420",851.766666666667
"2421",851.766666666667
"2422",883.566666666667
"2423",851.766666666667
"2424",851.766666666667
"2425",851.766666666667
"2426",851.766666666667
"2427",851.766666666667
"2428",851.766666666667
"2429",922.95
"2430",851.766666666667
"2431",955.083333333333
"2432",939.783333333333
"2433",791.266666666667
"2434",994.533333333333
"2435",829.433333333333
"2436",829.816666666667
"2437",791.266666666667
"2438",849.35
"2439",791.266666666667
"2440",829.433333333333
"2441",829.433333333333
"2442",791.266666666667
"2443",849.35
"2444",791.266666666667
"2445",880.983333333333
"2446",851.233333333333
"2447",829.433333333333
"2448",791.266666666667
"2449",791.266666666667
"2450",829.433333333333
"2451",791.266666666667
"2452",822.566666666667
"2453",927.95
"2454",888.116666666667
"2455",857.316666666667
"2456",791.266666666667
"2457",866.95
"2458",927.95
"2459",791.266666666667
"2460",914.533333333333
"2461",791.266666666667
"2462",849.35
"2463",978.116666666667
"2464",939.666666666667
"2465",818.066666666667
"2466",886.616666666667
"2467",939.666666666667
"2468",849.35
"2469",849.35
"2470",870.15
"2471",822.566666666667
"2472",791.266666666667
"2473",791.266666666667
"2474",968.583333333333
"2475",849.35
"2476",849.35
"2477",791.266666666667
"2478",791.266666666667
"2479",870.15
"2480",849.35
"2481",911.65
"2482",910.533333333333
"2483",822.566666666667
"2484",817.183333333333
"2485",791.266666666667
"2486",888.116666666667
"2487",829.433333333333
"2488",888.116666666667
"2489",786.516666666667
"2490",786.516666666667
"2491",786.516666666667
"2492",786.516666666667
"2493",786.516666666667
"2494",786.516666666667
"2495",786.516666666667
"2496",786.516666666667
"2497",786.516666666667
"2498",786.516666666667
"2499",786.516666666667
"2500",887.916666666667
"2501",880.616666666667
"2502",782.55
"2503",859.2
"2504",808.466666666667
"2505",859.2
"2506",782.55
"2507",881.116666666667
"2508",782.55
"2509",859.2
"2510",782.55
"2511",880.616666666667
"2512",782.55
"2513",815.1
"2514",782.55
"2515",937.533333333333
"2516",782.55
"2517",782.55
"2518",782.55
"2519",815.1
"2520",782.55
"2521",782.55
"2522",782.55
"2523",808.466666666667
"2524",782.55
"2525",782.55
"2526",782.55
"2527",782.55
"2528",782.55
"2529",815.1
"2530",782.55
"2531",782.55
"2532",823.35
"2533",748.55
"2534",748.55
"2535",748.55
"2536",748.55
"2537",748.55
"2538",791.1
"2539",748.55
"2540",748.55
"2541",748.55
"2542",748.55
"2543",748.55
"2544",748.55
"2545",748.55
"2546",748.55
"2547",748.55
"2548",748.55
"2549",903.166666666667
"2550",755.45
"2551",889.116666666667
"2552",755.45
"2553",755.45
"2554",755.45
"2555",755.45
"2556",755.45
"2557",755.45
"2558",755.45
"2559",755.45
"2560",809.6
"2561",809.6
"2562",755.45
"2563",809.6
"2564",809.6
"2565",755.45
"2566",755.45
"2567",809.6
"2568",755.45
"2569",841.95
"2570",755.45
"2571",755.45
"2572",809.6
"2573",755.45
"2574",809.6
"2575",755.45
"2576",755.45
"2577",809.6
"2578",809.6
"2579",755.45
"2580",952.333333333333
"2581",952.333333333333
"2582",755.45
"2583",755.45
"2584",755.45
"2585",755.45
"2586",809.6
"2587",790.65
"2588",790.65
"2589",790.65
"2590",790.65
"2591",886.916666666667
"2592",790.65
"2593",790.65
"2594",790.65
"2595",790.65
"2596",790.65
"2597",790.65
"2598",790.65
"2599",886.916666666667
"2600",790.65
"2601",790.65
"2602",790.65
"2603",790.65
"2604",790.65
"2605",790.65
"2606",790.65
"2607",790.65
"2608",790.65
"2609",790.65
"2610",790.65
"2611",790.65
"2612",737.416666666667
"2613",737.416666666667
"2614",780.583333333333
"2615",780.583333333333
"2616",780.583333333333
"2617",780.583333333333
"2618",780.583333333333
"2619",780.583333333333
"2620",780.583333333333
"2621",780.583333333333
"2622",780.583333333333
"2623",780.583333333333
"2624",780.583333333333
"2625",780.583333333333
"2626",780.583333333333
"2627",780.583333333333
"2628",780.583333333333
"2629",780.583333333333
"2630",780.583333333333
"2631",780.583333333333
"2632",780.583333333333
"2633",780.583333333333
"2634",780.583333333333
"2635",780.583333333333
"2636",780.583333333333
"2637",932.166666666667
"2638",780.583333333333
"2639",780.583333333333
"2640",780.583333333333
"2641",780.583333333333
"2642",780.583333333333
"2643",780.583333333333
"2644",780.583333333333
"2645",780.583333333333
"2646",780.583333333333
"2647",780.583333333333
"2648",780.583333333333
"2649",780.583333333333
"2650",780.583333333333
"2651",780.583333333333
"2652",780.583333333333
"2653",780.583333333333
"2654",780.583333333333
"2655",780.583333333333
"2656",780.583333333333
"2657",780.583333333333
"2658",780.583333333333
"2659",780.583333333333
"2660",780.583333333333
"2661",780.583333333333
"2662",780.583333333333
"2663",780.583333333333
"2664",780.583333333333
"2665",780.583333333333
"2666",780.583333333333
"2667",780.583333333333
"2668",780.583333333333
"2669",780.583333333333
"2670",780.583333333333
"2671",780.583333333333
"2672",780.583333333333
"2673",780.583333333333
"2674",780.583333333333
"2675",780.583333333333
"2676",867.45
"2677",780.583333333333
"2678",780.583333333333
"2679",780.583333333333
"2680",780.583333333333
"2681",780.583333333333
"2682",780.583333333333
"2683",780.583333333333
"2684",780.583333333333
"2685",872
"2686",872
"2687",872
"2688",872
"2689",872
"2690",872
"2691",872
"2692",872
"2693",872
"2694",872
"2695",872
"2696",872
"2697",872
"2698",872
"2699",872
"2700",872
"2701",872
"2702",872
"2703",872
"2704",872
"2705",872
"2706",872
"2707",872
"2708",872
"2709",872
"2710",872
"2711",872
"2712",872
"2713",872
"2714",872
"2715",872
"2716",872
"2717",872
"2718",872
"2719",872
"2720",872
"2721",872
"2722",872
"2723",872
"2724",803.783333333333
"2725",803.783333333333
"2726",803.783333333333
"2727",803.783333333333
"2728",803.783333333333
"2729",803.783333333333
"2730",838.2
"2731",838.2
"2732",803.783333333333
"2733",803.783333333333
"2734",803.783333333333
"2735",803.783333333333
"2736",803.783333333333
"2737",838.2
"2738",803.783333333333
"2739",803.783333333333
"2740",803.783333333333
"2741",803.783333333333
"2742",803.783333333333
"2743",838.2
"2744",803.783333333333
"2745",757.916666666667
"2746",757.916666666667
"2747",757.916666666667
"2748",757.916666666667
"2749",757.916666666667
"2750",757.916666666667
"2751",757.916666666667
"2752",961.2
"2753",1034.51666666667
"2754",1174.61666666667
"2755",1185.56666666667
"2756",1151.56666666667
"2757",1060.9
"2758",1147.31666666667
"2759",1207.78333333333
"2760",1088.11666666667
"2761",1080.93333333333
"2762",716.85
"2763",1195.25
"2764",1128.51666666667
"2765",933.333333333333
"2766",801.016666666667
"2767",876.15
"2768",926
"2769",961.4
"2770",982.633333333333
"2771",995.483333333333
"2772",1143.6
"2773",1009.91666666667
"2774",929.1
"2775",1335.95
"2776",1155.95
"2777",963.983333333333
"2778",954.4
"2779",1004.83333333333
"2780",963.516666666667
"2781",1014.2
"2782",975.283333333333
"2783",1053.35
"2784",1028.96666666667
"2785",1161.95
"2786",976.733333333333
"2787",933.233333333333
"2788",1389.5
"2789",1293
"2790",1322.16666666667
"2791",933.883333333333
"2792",1172.86666666667
"2793",1379.11666666667
"2794",980.383333333333
"2795",941.283333333333
"2796",907.333333333333
"2797",742.45
