"","influenza_lin"
"1",858.135675082327
"2",778.491933877714
"3",751.116064565719
"4",955.932501834189
"5",915.840674789128
"6",915.840674789128
"7",743.826450999049
"8",965.853224610823
"9",725.061769616027
"10",876.414349775785
"11",895.283554741182
"12",859.078681318681
"13",772.186487554326
"14",743.826450999049
"15",807.604958677686
"16",725.061769616027
"17",743.826450999049
"18",976.225774225774
"19",784.586109995986
"20",829.191344929996
"21",863.252650176678
"22",789.977364591754
"23",725.061769616027
"24",947.130603343833
"25",784.586109995986
"26",852.706806282722
"27",1016.33073322933
"28",727.220093023256
"29",756.348297213622
"30",818.427135678392
"31",756.348297213622
"32",912.420168067227
"33",743.826450999049
"34",881.752312203925
"35",767.185083415113
"36",743.826450999049
"37",970.168279970216
"38",823.600505689001
"39",725.061769616027
"40",756.348297213622
"41",756.348297213622
"42",715.898901098901
"43",725.061769616027
"44",725.061769616027
"45",793.505481120585
"46",798.857142857143
"47",725.061769616027
"48",866.69800443459
"49",767.185083415113
"50",715.898901098901
"51",767.185083415113
"52",725.061769616027
"53",893.033584647019
"54",725.061769616027
"55",767.185083415113
"56",885.949229374433
"57",1042.90501600854
"58",928.457957244656
"59",1032.43740095087
"60",770.208472906404
"61",844.417368762152
"62",981.372834546824
"63",753.723100655611
"64",753.723100655611
"65",753.723100655611
"66",753.723100655611
"67",1179.12760180995
"68",892.218215019402
"69",1015.27480519481
"70",725.061769616027
"71",748.383687535899
"72",729.255223880597
"73",729.255223880597
"74",729.255223880597
"75",1090.62723214286
"76",743.826450999049
"77",1001.48808608762
"78",742.836944127708
"79",1062.75367047308
"80",782.074429771909
"81",1063.33188248096
"82",738.486302663896
"83",738.486302663896
"84",738.486302663896
"85",773.102848101266
"86",773.102848101266
"87",773.102848101266
"88",777.099005964215
"89",773.102848101266
"90",772.186487554326
"91",738.486302663896
"92",764.185337243402
"93",865.738205980066
"94",943.017611580217
"95",756.348297213622
"96",764.185337243402
"97",764.185337243402
"98",789.339256865913
"99",756.348297213622
"100",999.950882578665
"101",764.185337243402
"102",1010.02790697674
"103",927.576649264357
"104",789.339256865913
"105",781.605278944211
"106",781.605278944211
"107",781.605278944211
"108",764.185337243402
"109",781.605278944211
"110",906.075104311544
"111",789.339256865913
"112",789.339256865913
"113",996.636409994901
"114",781.605278944211
"115",780.356957476542
"116",732.672539831303
"117",879.767724510466
"118",727.897206703911
"119",1024.05239717055
"120",780.356957476542
"121",770.056737588652
"122",732.672539831303
"123",732.672539831303
"124",732.672539831303
"125",732.672539831303
"126",732.672539831303
"127",732.672539831303
"128",732.672539831303
"129",732.672539831303
"130",732.672539831303
"131",732.672539831303
"132",732.672539831303
"133",775.249504165014
"134",848.265625
"135",786.638760313946
"136",725.061769616027
"137",944.15652173913
"138",1154.06200177148
"139",962.760591133005
"140",953.135332845647
"141",1119.04036644718
"142",882.747967479675
"143",866.313829787234
"144",756.348297213622
"145",837.362467866324
"146",725.061769616027
"147",756.348297213622
"148",756.348297213622
"149",861.540224818162
"150",764.185337243402
"151",767.185083415113
"152",743.826450999049
"153",751.116064565719
"154",767.185083415113
"155",848.633955709944
"156",982.359386780598
"157",725.061769616027
"158",703.402555335613
"159",797.390452876377
"160",725.061769616027
"161",874.25810780586
"162",725.061769616027
"163",751.116064565719
"164",703.402555335613
"165",725.061769616027
"166",743.826450999049
"167",725.061769616027
"168",848.633955709944
"169",767.185083415113
"170",848.633955709944
"171",756.348297213622
"172",727.897206703911
"173",781.605278944211
"174",725.061769616027
"175",767.185083415113
"176",837.003854389722
"177",745.813394390384
"178",644.59234828496
"179",820.660927986563
"180",959.68769948441
"181",964.185495806611
"182",835.393887582817
"183",873.671881984801
"184",998.418390804598
"185",902.518586931425
"186",794.311725259094
"187",954.76502198339
"188",955.932501834189
"189",956.63436123348
"190",837.900964630225
"191",756.348297213622
"192",1035.72019077901
"193",840.784684878469
"194",764.185337243402
"195",963.710059171598
"196",966.569732937685
"197",998.928699207769
"198",1086.08168935816
"199",1000.97516005122
"200",954.76502198339
"201",819.628433633885
"202",952.902974158947
"203",1000.97516005122
"204",1032.98308668076
"205",1053.58706199461
"206",997.39933656545
"207",958.276048050993
"208",956.400293613898
"209",955.932501834189
"210",1011.33454075032
"211",764.185337243402
"212",1001.74474628396
"213",969.206050086784
"214",838.8
"215",959.68769948441
"216",980.388261851016
"217",878.58125421443
"218",804.281481481481
"219",947.360155113912
"220",994.354617145764
"221",1034.07619047619
"222",937.58887023267
"223",835.572466866182
"224",777.87223880597
"225",1091.23618090452
"226",1001.48808608762
"227",1001.74474628396
"228",961.576383763838
"229",971.615212527964
"230",939.617307692308
"231",1001.74474628396
"232",885.74847042828
"233",955.698777506112
"234",767.787860931055
"235",943.472845763939
"236",993.596339603457
"237",917.991545326444
"238",941.65454107444
"239",825.688212927757
"240",756.348297213622
"241",956.400293613898
"242",1004.83496143959
"243",1072.66959385291
"244",775.249504165014
"245",1037.09418944017
"246",957.102840352596
"247",768.089605030458
"248",1000.97516005122
"249",986.574457344775
"250",1052.45234248788
"251",1003.03002309469
"252",889.983606557377
"253",948.049478535047
"254",962.049716957913
"255",1026.2032029404
"256",931.777830750894
"257",901.270002305741
"258",962.523516375277
"259",960.159174649963
"260",879.371878515186
"261",959.452135493373
"262",712.246355685131
"263",908.602510460251
"264",908.602510460251
"265",691.334984082066
"266",960.159174649963
"267",851.592156862745
"268",1003.54505776637
"269",956.63436123348
"270",962.049716957913
"271",712.246355685131
"272",916.9148486981
"273",956.63436123348
"274",972.582234386663
"275",961.576383763838
"276",725.061769616027
"277",912.420168067227
"278",971.373757455268
"279",712.246355685131
"280",962.049716957913
"281",848.081579518334
"282",959.452135493373
"283",712.246355685131
"284",958.981354268891
"285",1003.03002309469
"286",999.439529532089
"287",1146.2780058651
"288",908.602510460251
"289",712.246355685131
"290",907.547713025308
"291",820.144355853966
"292",959.452135493373
"293",951.974671212859
"294",1000.97516005122
"295",941.65454107444
"296",712.246355685131
"297",994.354617145764
"298",691.334984082066
"299",712.246355685131
"300",959.452135493373
"301",712.246355685131
"302",962.049716957913
"303",959.452135493373
"304",1059.58471130388
"305",948.739805825243
"306",997.653905053599
"307",760.468482490272
"308",756.348297213622
"309",1044.29815655891
"310",848.265625
"311",802.135850605377
"312",794.311725259094
"313",1008.20428166108
"314",1001.74474628396
"315",764.035965598124
"316",832.901768591519
"317",848.633955709944
"318",687.08173668483
"319",687.08173668483
"320",729.936134453782
"321",972.824290691887
"322",687.08173668483
"323",1122.57553130385
"324",913.486328581444
"325",802.135850605377
"326",856.818939061815
"327",853.637912207906
"328",1037.92033988317
"329",1015.53858144973
"330",885.74847042828
"331",998.673479816045
"332",756.348297213622
"333",756.348297213622
"334",841.68992248062
"335",1054.15533980583
"336",756.348297213622
"337",894.464073226545
"338",779.112617101854
"339",911.994400373308
"340",893.237659963437
"341",1131.67573827446
"342",756.348297213622
"343",837.183122724352
"344",756.348297213622
"345",823.253580454928
"346",968.245727025019
"347",794.796258641724
"348",885.74847042828
"349",758.991844660194
"350",906.916009280743
"351",993.343837357052
"352",1169.25157044571
"353",869.59021134594
"354",954.531868131868
"355",858.324110671937
"356",764.185337243402
"357",893.237659963437
"358",885.74847042828
"359",973.308764940239
"360",794.796258641724
"361",840.242476354256
"362",756.348297213622
"363",966.569732937685
"364",756.348297213622
"365",849.187051922659
"366",877.004262957146
"367",955.465167440724
"368",949.892588092345
"369",756.348297213622
"370",883.546112115732
"371",907.33704735376
"372",716.292468389225
"373",716.292468389225
"374",681.689570980119
"375",681.689570980119
"376",681.689570980119
"377",681.689570980119
"378",681.689570980119
"379",1017.91875
"380",753.723100655611
"381",753.723100655611
"382",725.061769616027
"383",743.826450999049
"384",743.826450999049
"385",681.689570980119
"386",681.689570980119
"387",815.184150156413
"388",738.486302663896
"389",998.418390804598
"390",954.298828125
"391",773.102848101266
"392",935.793152980608
"393",738.486302663896
"394",764.185337243402
"395",764.185337243402
"396",779.42333000997
"397",859.078681318681
"398",853.265225933202
"399",756.348297213622
"400",879.371878515186
"401",756.348297213622
"402",789.339256865913
"403",852.892864935632
"404",776.790143084261
"405",764.035965598124
"406",781.605278944211
"407",710.175872093023
"408",732.672539831303
"409",732.672539831303
"410",732.672539831303
"411",987.571500757959
"412",780.668663870581
"413",910.719478098788
"414",891.607664233577
"415",785.374321880651
"416",785.374321880651
"417",785.374321880651
"418",785.374321880651
"419",785.374321880651
"420",785.374321880651
"421",936.914669223394
"422",785.374321880651
"423",785.374321880651
"424",785.374321880651
"425",785.374321880651
"426",785.374321880651
"427",785.374321880651
"428",785.374321880651
"429",785.374321880651
"430",1064.78016889131
"431",785.374321880651
"432",785.374321880651
"433",785.374321880651
"434",785.374321880651
"435",785.374321880651
"436",785.374321880651
"437",785.374321880651
"438",785.374321880651
"439",785.374321880651
"440",785.374321880651
"441",785.374321880651
"442",785.374321880651
"443",785.374321880651
"444",785.374321880651
"445",785.374321880651
"446",785.374321880651
"447",785.374321880651
"448",785.374321880651
"449",785.374321880651
"450",785.374321880651
"451",785.374321880651
"452",785.374321880651
"453",785.374321880651
"454",785.374321880651
"455",785.374321880651
"456",785.374321880651
"457",785.374321880651
"458",785.374321880651
"459",785.374321880651
"460",785.374321880651
"461",1131.67573827446
"462",785.374321880651
"463",937.813819577735
"464",1037.36942675159
"465",949.431139179014
"466",864.398053958426
"467",1001.48808608762
"468",900.647004608295
"469",785.374321880651
"470",785.374321880651
"471",958.746136865342
"472",785.374321880651
"473",785.374321880651
"474",795.929138668296
"475",971.856787667827
"476",955.465167440724
"477",954.298828125
"478",785.374321880651
"479",785.374321880651
"480",785.374321880651
"481",785.374321880651
"482",785.374321880651
"483",804.778258184064
"484",1035.72019077901
"485",1000.46275915024
"486",785.374321880651
"487",785.374321880651
"488",785.374321880651
"489",785.374321880651
"490",785.374321880651
"491",785.374321880651
"492",785.374321880651
"493",785.374321880651
"494",785.374321880651
"495",785.374321880651
"496",785.374321880651
"497",785.374321880651
"498",785.374321880651
"499",785.374321880651
"500",785.374321880651
"501",785.374321880651
"502",785.374321880651
"503",785.374321880651
"504",785.374321880651
"505",785.374321880651
"506",785.374321880651
"507",785.374321880651
"508",785.374321880651
"509",785.374321880651
"510",848.818241042345
"511",785.374321880651
"512",785.374321880651
"513",785.374321880651
"514",785.374321880651
"515",785.374321880651
"516",785.374321880651
"517",785.374321880651
"518",785.374321880651
"519",785.374321880651
"520",785.374321880651
"521",785.374321880651
"522",808.272952853598
"523",785.374321880651
"524",785.374321880651
"525",785.374321880651
"526",785.374321880651
"527",785.374321880651
"528",785.374321880651
"529",785.374321880651
"530",785.374321880651
"531",785.374321880651
"532",785.374321880651
"533",785.374321880651
"534",785.374321880651
"535",785.374321880651
"536",785.374321880651
"537",785.374321880651
"538",785.374321880651
"539",785.374321880651
"540",785.374321880651
"541",805.773654916512
"542",837.54188986501
"543",785.374321880651
"544",785.374321880651
"545",785.374321880651
"546",1139.2620227339
"547",1048.5
"548",785.374321880651
"549",1027.28199737188
"550",785.374321880651
"551",932
"552",785.374321880651
"553",785.374321880651
"554",958.746136865342
"555",785.374321880651
"556",785.374321880651
"557",785.374321880651
"558",785.374321880651
"559",785.374321880651
"560",785.374321880651
"561",785.374321880651
"562",785.374321880651
"563",785.374321880651
"564",785.374321880651
"565",785.374321880651
"566",785.374321880651
"567",872.891469405985
"568",791.096539162113
"569",935.345297918162
"570",731.028240134655
"571",727.220093023256
"572",1038.74780760032
"573",964.185495806611
"574",804.778258184064
"575",1030.5320326918
"576",1048.78132546284
"577",968.725650557621
"578",934.450872579488
"579",924.505203405866
"580",950.123480797278
"581",992.587100050787
"582",1023.51610369207
"583",909.236566643405
"584",811.629568106312
"585",902.102007846757
"586",888.365454545455
"587",890.794895168642
"588",900.854574786817
"589",727.220093023256
"590",1042.90501600854
"591",816.375939849624
"592",1012.12014500259
"593",838.080617495712
"594",778.491933877714
"595",907.758476544357
"596",705.433676231727
"597",802.135850605377
"598",881.155996393147
"599",972.098482964437
"600",952.902974158947
"601",853.265225933202
"602",857.7590520079
"603",703.402555335613
"604",758.10861132661
"605",884.345701357466
"606",969.927543424318
"607",703.402555335613
"608",961.812992125984
"609",966.808805342567
"610",800.165404298874
"611",982.359386780598
"612",703.402555335613
"613",703.402555335613
"614",865.92999556934
"615",874.25810780586
"616",908.391354868696
"617",781.605278944211
"618",919.070773571597
"619",841.327593628928
"620",786.638760313946
"621",815.524306279992
"622",888.365454545455
"623",905.235757295044
"624",1000.46275915024
"625",1082.77229916897
"626",841.327593628928
"627",787.27250755287
"628",924.723917672108
"629",884.145668400814
"630",794.311725259094
"631",880.957403651116
"632",790.456622851365
"633",974.522064323111
"634",912.420168067227
"635",886.150079347087
"636",755.617243379084
"637",870.364729458918
"638",837.721388769824
"639",908.391354868696
"640",1143.92976294996
"641",755.617243379084
"642",841.327593628928
"643",815.014178482068
"644",886.150079347087
"645",782.700841009211
"646",837.721388769824
"647",786.638760313946
"648",869.783711615487
"649",841.327593628928
"650",841.327593628928
"651",841.327593628928
"652",841.327593628928
"653",875.432922732363
"654",755.617243379084
"655",778.647011952191
"656",786.00603257591
"657",841.327593628928
"658",782.700841009211
"659",959.216687116564
"660",751.116064565719
"661",908.602510460251
"662",837.721388769824
"663",841.327593628928
"664",837.721388769824
"665",905.445448227936
"666",786.638760313946
"667",760.912594899747
"668",841.327593628928
"669",1013.69502074689
"670",886.753176043557
"671",892.829602558246
"672",741.709297912714
"673",844.417368762152
"674",797.878750765462
"675",1142.59222449576
"676",917.560563380282
"677",741.709297912714
"678",741.709297912714
"679",782.700841009211
"680",912.420168067227
"681",837.721388769824
"682",782.700841009211
"683",782.700841009211
"684",751.116064565719
"685",1058.15051434759
"686",967.766278781877
"687",997.908603523104
"688",751.116064565719
"689",809.444605508387
"690",916.9148486981
"691",760.61646234676
"692",820.31647429171
"693",788.543070405487
"694",782.700841009211
"695",1050.47245364149
"696",719.986737889114
"697",715.898901098901
"698",781.449020391843
"699",775.711053780512
"700",727.355414960923
"701",727.355414960923
"702",935.345297918162
"703",972.582234386663
"704",916.9148486981
"705",945.069632495164
"706",825.339527027027
"707",715.898901098901
"708",727.355414960923
"709",783.171308355039
"710",947.589818181818
"711",932.44465648855
"712",1011.85814134093
"713",806.605035080479
"714",811.12429964723
"715",806.605035080479
"716",910.931717548357
"717",731.028240134655
"718",984.338453789977
"719",843.506258092361
"720",920.585963259538
"721",847.346195534359
"722",1018.98018769552
"723",975.494883953082
"724",958.981354268891
"725",727.355414960923
"726",932.889737470167
"727",946.901162790698
"728",727.355414960923
"729",925.380681818182
"730",930.4470364199
"731",727.355414960923
"732",919.935984937632
"733",911.994400373308
"734",727.355414960923
"735",727.355414960923
"736",965.614624505929
"737",803.78531770512
"738",800.821143208359
"739",825.513833157339
"740",877.792050303166
"741",715.898901098901
"742",908.391354868696
"743",727.355414960923
"744",727.355414960923
"745",800.821143208359
"746",715.898901098901
"747",849.187051922659
"748",727.355414960923
"749",727.355414960923
"750",822.041640378549
"751",731.028240134655
"752",715.898901098901
"753",727.355414960923
"754",715.898901098901
"755",727.355414960923
"756",797.878750765462
"757",727.355414960923
"758",715.898901098901
"759",727.355414960923
"760",855.13191861737
"761",715.898901098901
"762",831.130767595152
"763",727.355414960923
"764",776.173153296267
"765",916.9148486981
"766",775.249504165014
"767",773.102848101266
"768",921.019792648445
"769",806.605035080479
"770",731.028240134655
"771",980.388261851016
"772",1073.2586490939
"773",715.898901098901
"774",797.227819702223
"775",781.7616
"776",727.355414960923
"777",781.292824305417
"778",817.400250941029
"779",1019.24589308996
"780",932.667143879742
"781",727.355414960923
"782",958.511034820991
"783",747.239151213917
"784",727.355414960923
"785",842.052563550194
"786",806.605035080479
"787",987.322051022986
"788",983.347924528302
"789",1004.31860226105
"790",727.355414960923
"791",874.25810780586
"792",904.607266836381
"793",803.289765721332
"794",827.085907744393
"795",845.147675675676
"796",808.607364501448
"797",795.767100977199
"798",727.897206703911
"799",727.897206703911
"800",832.015325670498
"801",715.898901098901
"802",875.040967092008
"803",929.561950059453
"804",806.605035080479
"805",916.270042194093
"806",731.028240134655
"807",773.102848101266
"808",751.983070411697
"809",715.898901098901
"810",1040.68370607029
"811",759.581811115429
"812",715.898901098901
"813",837.362467866324
"814",715.898901098901
"815",715.898901098901
"816",756.348297213622
"817",932
"818",756.348297213622
"819",768.089605030458
"820",756.348297213622
"821",727.897206703911
"822",784.743625777956
"823",727.897206703911
"824",727.897206703911
"825",727.897206703911
"826",725.061769616027
"827",725.061769616027
"828",824.991135500211
"829",763.886652335353
"830",935.121531100478
"831",903.979648473636
"832",931.555767397521
"833",912.633201027317
"834",909.659762625087
"835",897.132889602938
"836",831.130767595152
"837",882.947368421053
"838",1046.81521156936
"839",849.002606429192
"840",785.058847158064
"841",956.400293613898
"842",886.351020408163
"843",870.752506126086
"844",831.130767595152
"845",990.072948328267
"846",972.098482964437
"847",831.130767595152
"848",1051.88589881593
"849",743.826450999049
"850",831.130767595152
"851",982.11256281407
"852",1129.38688240393
"853",885.949229374433
"854",1042.07091442282
"855",811.461075358107
"856",1125.80875576037
"857",946.442615012107
"858",777.87223880597
"859",743.826450999049
"860",1054.15533980583
"861",889.781015251537
"862",845.879246916252
"863",875.825229666144
"864",776.327308838133
"865",831.130767595152
"866",771.881516587678
"867",902.102007846757
"868",804.447005556699
"869",912.633201027317
"870",1037.09418944017
"871",1071.19978076185
"872",839.160154572778
"873",743.826450999049
"874",785.532154340836
"875",877.792050303166
"876",951.742878013148
"877",831.130767595152
"878",831.130767595152
"879",818.084554206781
"880",1040.96085219707
"881",857.947322212467
"882",832.901768591519
"883",804.447005556699
"884",839.520618556701
"885",889.173794358508
"886",984.338453789977
"887",804.447005556699
"888",851.035924232528
"889",763.289982425308
"890",787.431103948429
"891",831.130767595152
"892",831.130767595152
"893",1009.2455460883
"894",785.532154340836
"895",782.544144144144
"896",825.339527027027
"897",829.367281985996
"898",792.70087203407
"899",1124.83683453237
"900",743.826450999049
"901",812.98003327787
"902",748.957271507952
"903",812.98003327787
"904",812.98003327787
"905",748.957271507952
"906",774.021386138614
"907",774.021386138614
"908",812.98003327787
"909",748.957271507952
"910",809.779987569919
"911",777.253529528733
"912",748.957271507952
"913",876.807537012113
"914",777.253529528733
"915",807.104687177369
"916",790.936462970457
"917",756.934159566228
"918",748.957271507952
"919",809.779987569919
"920",807.104687177369
"921",774.021386138614
"922",895.283554741182
"923",781.7616
"924",809.779987569919
"925",777.253529528733
"926",1068.85643970468
"927",854.571053782248
"928",962.049716957913
"929",748.957271507952
"930",774.021386138614
"931",774.021386138614
"932",827.436071126164
"933",970.891207153502
"934",748.957271507952
"935",774.021386138614
"936",748.957271507952
"937",852.706806282722
"938",812.98003327787
"939",807.104687177369
"940",815.524306279992
"941",781.7616
"942",774.021386138614
"943",809.779987569919
"944",748.957271507952
"945",748.957271507952
"946",809.779987569919
"947",748.957271507952
"948",996.128440366972
"949",822.387544708605
"950",805.607584501237
"951",753.287338600887
"952",723.049944506104
"953",748.813793103448
"954",844.417368762152
"955",761.505552308592
"956",835.929854576561
"957",709.273816004355
"958",829.191344929996
"959",709.273816004355
"960",898.370029878189
"961",709.273816004355
"962",709.273816004355
"963",762.99199687683
"964",719.986737889114
"965",788.702179176755
"966",859.078681318681
"967",698.126093945347
"968",698.126093945347
"969",698.126093945347
"970",859.078681318681
"971",698.126093945347
"972",698.126093945347
"973",804.447005556699
"974",837.721388769824
"975",837.721388769824
"976",698.126093945347
"977",895.693858845096
"978",720.119380987472
"979",698.126093945347
"980",698.126093945347
"981",736.954751131222
"982",786.955506341856
"983",815.524306279992
"984",709.273816004355
"985",709.273816004355
"986",709.273816004355
"987",834.680333119795
"988",709.273816004355
"989",709.273816004355
"990",698.126093945347
"991",698.126093945347
"992",698.126093945347
"993",698.126093945347
"994",702.643897177782
"995",723.71931123866
"996",702.643897177782
"997",708.374048568322
"998",702.643897177782
"999",708.374048568322
"1000",702.643897177782
"1001",702.643897177782
"1002",708.374048568322
"1003",762.545454545455
"1004",702.643897177782
"1005",773.408785120697
"1006",702.643897177782
"1007",702.643897177782
"1008",702.643897177782
"1009",702.643897177782
"1010",793.022519780889
"1011",702.643897177782
"1012",702.643897177782
"1013",777.87223880597
"1014",702.643897177782
"1015",702.643897177782
"1016",819.628433633885
"1017",735.429539040452
"1018",702.643897177782
"1019",746.810852120749
"1020",809.779987569919
"1021",807.604958677686
"1022",858.324110671937
"1023",702.643897177782
"1024",763.4390625
"1025",702.643897177782
"1026",806.771517027864
"1027",702.643897177782
"1028",765.232576350822
"1029",741.990888382688
"1030",702.643897177782
"1031",702.643897177782
"1032",790.616504854369
"1033",758.844496214327
"1034",702.643897177782
"1035",702.643897177782
"1036",711.2096069869
"1037",886.150079347087
"1038",711.2096069869
"1039",780.356957476542
"1040",764.783408334964
"1041",1008.20428166108
"1042",887.760163524869
"1043",711.2096069869
"1044",780.356957476542
"1045",725.869637883008
"1046",777.253529528733
"1047",759.286713286713
"1048",748.383687535899
"1049",711.2096069869
"1050",725.869637883008
"1051",711.2096069869
"1052",878.58125421443
"1053",745.102554327106
"1054",745.102554327106
"1055",886.552052619642
"1056",711.2096069869
"1057",758.844496214327
"1058",784.42865743528
"1059",711.2096069869
"1060",816.717091516924
"1061",764.035965598124
"1062",1048.5
"1063",780.356957476542
"1064",882.150304671632
"1065",864.780530973451
"1066",876.217888365837
"1067",711.2096069869
"1068",875.629032258065
"1069",759.286713286713
"1070",779.578779417631
"1071",711.2096069869
"1072",742.836944127708
"1073",742.836944127708
"1074",760.912594899747
"1075",742.836944127708
"1076",757.961605584642
"1077",742.836944127708
"1078",756.934159566228
"1079",840.242476354256
"1080",717.080902586681
"1081",816.205470870745
"1082",760.912594899747
"1083",717.080902586681
"1084",717.080902586681
"1085",742.836944127708
"1086",758.991844660194
"1087",742.836944127708
"1088",717.080902586681
"1089",926.916765473085
"1090",742.836944127708
"1091",838.440154440154
"1092",856.818939061815
"1093",777.099005964215
"1094",717.080902586681
"1095",742.836944127708
"1096",778.957353527302
"1097",740.164362810074
"1098",740.164362810074
"1099",934.450872579488
"1100",804.447005556699
"1101",953.833089311859
"1102",824.991135500211
"1103",844.052688404232
"1104",824.643037974684
"1105",820.488664987406
"1106",912.420168067227
"1107",740.164362810074
"1108",854.944881889764
"1109",740.164362810074
"1110",766.432941176471
"1111",835.393887582817
"1112",740.164362810074
"1113",740.164362810074
"1114",778.957353527302
"1115",740.164362810074
"1116",740.164362810074
"1117",740.164362810074
"1118",740.164362810074
"1119",740.164362810074
"1120",740.164362810074
"1121",740.164362810074
"1122",740.164362810074
"1123",925.380681818182
"1124",715.767808093756
"1125",740.164362810074
"1126",740.164362810074
"1127",740.164362810074
"1128",804.447005556699
"1129",740.164362810074
"1130",740.164362810074
"1131",740.164362810074
"1132",740.164362810074
"1133",740.164362810074
"1134",740.164362810074
"1135",740.164362810074
"1136",835.393887582817
"1137",740.164362810074
"1138",782.700841009211
"1139",700.880043033889
"1140",700.880043033889
"1141",743.2606959498
"1142",801.477957760919
"1143",827.786531130877
"1144",700.880043033889
"1145",700.880043033889
"1146",700.880043033889
"1147",867.467376830892
"1148",715.767808093756
"1149",715.767808093756
"1150",715.767808093756
"1151",715.767808093756
"1152",715.767808093756
"1153",715.767808093756
"1154",715.767808093756
"1155",833.612284069098
"1156",700.880043033889
"1157",700.880043033889
"1158",700.880043033889
"1159",759.286713286713
"1160",753.723100655611
"1161",753.723100655611
"1162",753.723100655611
"1163",819.113160100587
"1164",753.723100655611
"1165",793.505481120585
"1166",772.949970338145
"1167",753.723100655611
"1168",753.723100655611
"1169",793.505481120585
"1170",753.723100655611
"1171",738.207365439093
"1172",738.207365439093
"1173",738.207365439093
"1174",738.207365439093
"1175",738.207365439093
"1176",738.207365439093
"1177",738.207365439093
"1178",738.207365439093
"1179",738.207365439093
"1180",738.207365439093
"1181",738.207365439093
"1182",784.586109995986
"1183",753.723100655611
"1184",753.723100655611
"1185",753.723100655611
"1186",753.723100655611
"1187",753.723100655611
"1188",753.723100655611
"1189",772.949970338145
"1190",813.995835068721
"1191",753.723100655611
"1192",753.723100655611
"1193",753.723100655611
"1194",753.723100655611
"1195",779.734290843806
"1196",738.207365439093
"1197",738.207365439093
"1198",738.207365439093
"1199",738.207365439093
"1200",738.207365439093
"1201",783.642341619888
"1202",738.207365439093
"1203",887.357094211124
"1204",738.207365439093
"1205",889.173794358508
"1206",738.207365439093
"1207",708.502446982056
"1208",769.298956898248
"1209",858.512629035801
"1210",708.502446982056
"1211",934.004301075269
"1212",885.54780244676
"1213",807.271375464684
"1214",856.818939061815
"1215",807.271375464684
"1216",855.506237688772
"1217",1077.9944842802
"1218",956.166340508806
"1219",1073.2586490939
"1220",807.271375464684
"1221",807.271375464684
"1222",785.374321880651
"1223",785.374321880651
"1224",844.964980544747
"1225",844.964980544747
"1226",785.374321880651
"1227",970.409136047666
"1228",785.374321880651
"1229",785.374321880651
"1230",943.017611580217
"1231",832.901768591519
"1232",785.374321880651
"1233",785.374321880651
"1234",931.111958075274
"1235",785.374321880651
"1236",1046.81521156936
"1237",892.218215019402
"1238",847.529921942758
"1239",1084.8759367194
"1240",785.374321880651
"1241",1088.19821826281
"1242",1010.28896355647
"1243",943.245173745174
"1244",990.072948328267
"1245",785.374321880651
"1246",880.56048659608
"1247",785.374321880651
"1248",999.439529532089
"1249",953.367804878049
"1250",847.529921942758
"1251",823.947723440135
"1252",785.374321880651
"1253",785.374321880651
"1254",919.935984937632
"1255",1221.88433885589
"1256",785.374321880651
"1257",955.698777506112
"1258",935.793152980608
"1259",982.853407090772
"1260",858.889914304548
"1261",785.374321880651
"1262",785.374321880651
"1263",785.374321880651
"1264",785.374321880651
"1265",785.374321880651
"1266",785.374321880651
"1267",785.374321880651
"1268",785.374321880651
"1269",808.272952853598
"1270",785.374321880651
"1271",785.374321880651
"1272",964.185495806611
"1273",902.727020785219
"1274",797.878750765462
"1275",1028.36306235201
"1276",710.175872093023
"1277",1052.16904441454
"1278",916.9148486981
"1279",1024.58925294889
"1280",772.949970338145
"1281",865.354881558557
"1282",772.949970338145
"1283",740.164362810074
"1284",798.69391091132
"1285",818.770004189359
"1286",936.465740297077
"1287",689.505732933498
"1288",833.967996586303
"1289",1005.35185185185
"1290",697.378768956289
"1291",753.723100655611
"1292",697.378768956289
"1293",882.947368421053
"1294",850.295410050033
"1295",801.149415863906
"1296",928.457957244656
"1297",753.723100655611
"1298",753.723100655611
"1299",847.529921942758
"1300",938.71469740634
"1301",844.052688404232
"1302",710.175872093023
"1303",681.570706190061
"1304",962.9977827051
"1305",778.491933877714
"1306",838.440154440154
"1307",856.818939061815
"1308",912.633201027317
"1309",869.203468979319
"1310",886.954390742001
"1311",710.175872093023
"1312",897.751033532384
"1313",922.323737612081
"1314",780.824610467439
"1315",762.545454545455
"1316",740.164362810074
"1317",740.164362810074
"1318",804.447005556699
"1319",1006.38722966014
"1320",753.432536622976
"1321",689.505732933498
"1322",710.175872093023
"1323",809.947782842934
"1324",962.9977827051
"1325",949.892588092345
"1326",818.770004189359
"1327",740.164362810074
"1328",753.723100655611
"1329",753.723100655611
"1330",895.693858845096
"1331",1022.17782426778
"1332",972.098482964437
"1333",772.949970338145
"1334",916.055308179049
"1335",888.769440654843
"1336",860.781325699185
"1337",1006.9057187017
"1338",1031.89229144667
"1339",804.447005556699
"1340",987.821076573161
"1341",775.557142857143
"1342",955.231671554252
"1343",951.511197663096
"1344",738.207365439093
"1345",697.378768956289
"1346",862.490732568402
"1347",890.186290138921
"1348",798.69391091132
"1349",753.723100655611
"1350",809.27701863354
"1351",753.723100655611
"1352",753.723100655611
"1353",811.798130841122
"1354",951.279630080312
"1355",738.207365439093
"1356",901.893862482695
"1357",925.599810561212
"1358",1009.50619834711
"1359",772.949970338145
"1360",804.447005556699
"1361",835.393887582817
"1362",689.505732933498
"1363",879.174089068826
"1364",804.447005556699
"1365",753.723100655611
"1366",798.69391091132
"1367",683.477531036895
"1368",1015.53858144973
"1369",793.82778229082
"1370",981.126506024096
"1371",1030.80379746835
"1372",772.949970338145
"1373",1015.53858144973
"1374",908.18029739777
"1375",956.400293613898
"1376",753.723100655611
"1377",766.432941176471
"1378",775.557142857143
"1379",1051.32006455083
"1380",797.227819702223
"1381",697.378768956289
"1382",1125.80875576037
"1383",918.207188160677
"1384",976.95776055986
"1385",916.9148486981
"1386",914.341052631579
"1387",1117.44082332762
"1388",689.505732933498
"1389",772.949970338145
"1390",969.446428571429
"1391",966.569732937685
"1392",820.31647429171
"1393",940.748014440433
"1394",989.321184510251
"1395",849.002606429192
"1396",883.546112115732
"1397",909.871508379888
"1398",879.569756975698
"1399",957.102840352596
"1400",1079.18498067366
"1401",808.607364501448
"1402",740.164362810074
"1403",697.378768956289
"1404",964.6614017769
"1405",891.811088295688
"1406",753.723100655611
"1407",1010.81148176881
"1408",1051.03737563861
"1409",924.068085106383
"1410",748.670369660985
"1411",809.27701863354
"1412",977.935451588692
"1413",681.570706190061
"1414",860.970925110132
"1415",846.245507685646
"1416",925.161656804734
"1417",813.149157478677
"1418",738.207365439093
"1419",796.091242362525
"1420",1000.46275915024
"1421",899.1966873706
"1422",991.328430129343
"1423",753.723100655611
"1424",797.227819702223
"1425",900.854574786817
"1426",1091.84581005587
"1427",683.477531036895
"1428",753.723100655611
"1429",683.477531036895
"1430",775.557142857143
"1431",727.355414960923
"1432",809.27701863354
"1433",951.974671212859
"1434",1101.69334836528
"1435",797.227819702223
"1436",916.699812382739
"1437",938.489315726291
"1438",910.295295761528
"1439",804.447005556699
"1440",804.447005556699
"1441",740.164362810074
"1442",715.767808093756
"1443",753.723100655611
"1444",824.121442125237
"1445",740.164362810074
"1446",681.570706190061
"1447",740.164362810074
"1448",683.477531036895
"1449",791.256680161943
"1450",753.723100655611
"1451",697.378768956289
"1452",967.766278781877
"1453",908.813764240874
"1454",943.928519681236
"1455",697.378768956289
"1456",772.949970338145
"1457",697.378768956289
"1458",826.910937169452
"1459",775.557142857143
"1460",740.164362810074
"1461",697.378768956289
"1462",869.203468979319
"1463",1056.14914887868
"1464",738.207365439093
"1465",980.142427281846
"1466",775.557142857143
"1467",740.164362810074
"1468",748.670369660985
"1469",740.164362810074
"1470",750.107081174439
"1471",850.295410050033
"1472",797.227819702223
"1473",740.164362810074
"1474",683.477531036895
"1475",900.024867603039
"1476",767.335689045936
"1477",896.92703074805
"1478",753.723100655611
"1479",786.797101449275
"1480",740.164362810074
"1481",892.014605203104
"1482",740.164362810074
"1483",738.207365439093
"1484",891.40433295325
"1485",835.393887582817
"1486",666.236236577467
"1487",740.164362810074
"1488",689.505732933498
"1489",740.164362810074
"1490",689.505732933498
"1491",797.227819702223
"1492",902.518586931425
"1493",871.723461195361
"1494",740.164362810074
"1495",683.477531036895
"1496",740.164362810074
"1497",782.544144144144
"1498",923.413182140326
"1499",689.505732933498
"1500",740.164362810074
"1501",740.164362810074
"1502",666.236236577467
"1503",738.207365439093
"1504",784.901204819277
"1505",740.164362810074
"1506",804.447005556699
"1507",697.378768956289
"1508",740.164362810074
"1509",681.570706190061
"1510",689.505732933498
"1511",740.164362810074
"1512",959.216687116564
"1513",782.700841009211
"1514",980.880301129235
"1515",753.723100655611
"1516",710.175872093023
"1517",835.393887582817
"1518",753.723100655611
"1519",738.207365439093
"1520",740.164362810074
"1521",888.567401682201
"1522",697.378768956289
"1523",740.164362810074
"1524",697.378768956289
"1525",759.286713286713
"1526",837.721388769824
"1527",697.378768956289
"1528",952.902974158947
"1529",922.323737612081
"1530",835.393887582817
"1531",738.207365439093
"1532",795.929138668296
"1533",744.960548885077
"1534",866.313829787234
"1535",767.185083415113
"1536",697.378768956289
"1537",921.454031117397
"1538",753.723100655611
"1539",740.164362810074
"1540",964.423390081421
"1541",795.929138668296
"1542",753.723100655611
"1543",796.091242362525
"1544",689.505732933498
"1545",936.690150970525
"1546",960.63111329565
"1547",753.723100655611
"1548",753.723100655611
"1549",753.723100655611
"1550",804.447005556699
"1551",1078.88711012973
"1552",689.505732933498
"1553",950.58560311284
"1554",985.330980589866
"1555",756.348297213622
"1556",741.709297912714
"1557",753.723100655611
"1558",753.723100655611
"1559",938.489315726291
"1560",962.286558345643
"1561",753.723100655611
"1562",1035.72019077901
"1563",886.954390742001
"1564",1007.94430118618
"1565",1031.89229144667
"1566",753.723100655611
"1567",967.766278781877
"1568",904.607266836381
"1569",740.164362810074
"1570",689.505732933498
"1571",753.723100655611
"1572",853.265225933202
"1573",797.878750765462
"1574",697.378768956289
"1575",877.201077199282
"1576",802.300492610837
"1577",796.091242362525
"1578",850.665505984766
"1579",919.286923800564
"1580",752.127766018857
"1581",878.383820224719
"1582",1078.29186206897
"1583",1062.46480021745
"1584",1025.93385826772
"1585",697.378768956289
"1586",918.207188160677
"1587",786.00603257591
"1588",689.505732933498
"1589",909.871508379888
"1590",683.477531036895
"1591",1093.37286713287
"1592",982.606334841629
"1593",798.69391091132
"1594",950.123480797278
"1595",966.569732937685
"1596",1021.37653514502
"1597",683.477531036895
"1598",818.770004189359
"1599",753.723100655611
"1600",846.61208576998
"1601",804.447005556699
"1602",815.014178482068
"1603",753.723100655611
"1604",753.723100655611
"1605",697.378768956289
"1606",710.175872093023
"1607",753.723100655611
"1608",1140.25904317386
"1609",1117.12146327522
"1610",753.723100655611
"1611",841.68992248062
"1612",697.378768956289
"1613",866.313829787234
"1614",924.286592575077
"1615",689.505732933498
"1616",715.767808093756
"1617",804.447005556699
"1618",740.164362810074
"1619",804.447005556699
"1620",829.191344929996
"1621",683.477531036895
"1622",748.670369660985
"1623",870.364729458918
"1624",753.723100655611
"1625",827.786531130877
"1626",796.091242362525
"1627",697.378768956289
"1628",740.164362810074
"1629",872.501785714286
"1630",753.723100655611
"1631",1155.42654448714
"1632",937.364028776978
"1633",715.767808093756
"1634",697.378768956289
"1635",804.447005556699
"1636",838.440154440154
"1637",710.175872093023
"1638",824.121442125237
"1639",824.121442125237
"1640",740.164362810074
"1641",902.935550935551
"1642",738.207365439093
"1643",697.378768956289
"1644",789.977364591754
"1645",710.175872093023
"1646",858.135675082327
"1647",753.723100655611
"1648",740.164362810074
"1649",778.957353527302
"1650",683.477531036895
"1651",753.723100655611
"1652",715.767808093756
"1653",864.589250165893
"1654",970.891207153502
"1655",947.819592628516
"1656",791.256680161943
"1657",697.378768956289
"1658",860.781325699185
"1659",900.024867603039
"1660",689.505732933498
"1661",804.447005556699
"1662",893.237659963437
"1663",697.378768956289
"1664",753.723100655611
"1665",801.313653136531
"1666",961.339891785539
"1667",738.207365439093
"1668",666.236236577467
"1669",838.9800386349
"1670",988.570561456753
"1671",841.146546158812
"1672",803.950637597696
"1673",901.685813148789
"1674",908.813764240874
"1675",824.121442125237
"1676",740.164362810074
"1677",689.505732933498
"1678",798.69391091132
"1679",760.61646234676
"1680",666.236236577467
"1681",746.240549828179
"1682",753.723100655611
"1683",879.965781179649
"1684",809.444605508387
"1685",753.723100655611
"1686",954.065901879424
"1687",798.69391091132
"1688",798.204615070451
"1689",740.164362810074
"1690",681.570706190061
"1691",681.570706190061
"1692",753.723100655611
"1693",775.557142857143
"1694",697.378768956289
"1695",697.378768956289
"1696",852.14911706998
"1697",958.511034820991
"1698",741.709297912714
"1699",909.02511627907
"1700",804.447005556699
"1701",683.477531036895
"1702",710.175872093023
"1703",804.447005556699
"1704",794.311725259094
"1705",925.380681818182
"1706",697.378768956289
"1707",710.175872093023
"1708",735.429539040452
"1709",697.378768956289
"1710",753.723100655611
"1711",738.207365439093
"1712",683.477531036895
"1713",740.164362810074
"1714",782.700841009211
"1715",824.121442125237
"1716",806.605035080479
"1717",900.024867603039
"1718",666.236236577467
"1719",788.702179176755
"1720",753.723100655611
"1721",924.068085106383
"1722",740.164362810074
"1723",913.486328581444
"1724",740.164362810074
"1725",877.792050303166
"1726",697.378768956289
"1727",837.721388769824
"1728",697.378768956289
"1729",893.646090534979
"1730",740.164362810074
"1731",715.767808093756
"1732",715.767808093756
"1733",683.477531036895
"1734",740.164362810074
"1735",788.384025816862
"1736",715.767808093756
"1737",753.723100655611
"1738",753.723100655611
"1739",689.505732933498
"1740",683.477531036895
"1741",710.175872093023
"1742",753.723100655611
"1743",970.650111745716
"1744",710.175872093023
"1745",740.164362810074
"1746",740.164362810074
"1747",738.207365439093
"1748",857.7590520079
"1749",876.021515015688
"1750",804.447005556699
"1751",847.529921942758
"1752",857.7590520079
"1753",852.14911706998
"1754",997.39933656545
"1755",950.58560311284
"1756",782.544144144144
"1757",954.531868131868
"1758",753.723100655611
"1759",753.723100655611
"1760",683.477531036895
"1761",803.124717485104
"1762",778.957353527302
"1763",756.348297213622
"1764",741.709297912714
"1765",740.164362810074
"1766",689.505732933498
"1767",782.700841009211
"1768",824.121442125237
"1769",740.164362810074
"1770",738.207365439093
"1771",715.767808093756
"1772",847.529921942758
"1773",804.447005556699
"1774",798.69391091132
"1775",697.378768956289
"1776",753.723100655611
"1777",697.378768956289
"1778",738.207365439093
"1779",740.164362810074
"1780",727.897206703911
"1781",697.378768956289
"1782",782.544144144144
"1783",740.164362810074
"1784",870.946524064171
"1785",556.572404955147
"1786",753.723100655611
"1787",804.447005556699
"1788",753.723100655611
"1789",858.512629035801
"1790",746.953563921269
"1791",741.709297912714
"1792",740.164362810074
"1793",740.164362810074
"1794",837.721388769824
"1795",753.723100655611
"1796",740.164362810074
"1797",835.393887582817
"1798",697.378768956289
"1799",808.272952853598
"1800",859.078681318681
"1801",753.723100655611
"1802",727.355414960923
"1803",778.957353527302
"1804",795.929138668296
"1805",753.723100655611
"1806",753.723100655611
"1807",785.374321880651
"1808",918.207188160677
"1809",753.723100655611
"1810",946.442615012107
"1811",753.723100655611
"1812",862.681085853013
"1813",740.164362810074
"1814",1077.69727047146
"1815",901.477859778598
"1816",740.164362810074
"1817",740.164362810074
"1818",740.164362810074
"1819",748.957271507952
"1820",801.149415863906
"1821",697.378768956289
"1822",710.175872093023
"1823",683.477531036895
"1824",958.511034820991
"1825",953.600390339107
"1826",849.187051922659
"1827",740.164362810074
"1828",820.488664987406
"1829",889.983606557377
"1830",683.477531036895
"1831",926.916765473085
"1832",753.723100655611
"1833",775.557142857143
"1834",834.858607432721
"1835",753.723100655611
"1836",804.447005556699
"1837",835.393887582817
"1838",740.164362810074
"1839",782.700841009211
"1840",827.786531130877
"1841",756.348297213622
"1842",791.256680161943
"1843",783.328256513026
"1844",785.374321880651
"1845",710.175872093023
"1846",912.633201027317
"1847",753.723100655611
"1848",843.688322900928
"1849",1162.29794826048
"1850",710.175872093023
"1851",740.164362810074
"1852",740.164362810074
"1853",778.957353527302
"1854",740.164362810074
"1855",753.723100655611
"1856",681.570706190061
"1857",697.378768956289
"1858",775.557142857143
"1859",857.382759377056
"1860",753.723100655611
"1861",795.605129248931
"1862",936.465740297077
"1863",683.477531036895
"1864",738.207365439093
"1865",753.723100655611
"1866",804.447005556699
"1867",753.723100655611
"1868",797.227819702223
"1869",697.378768956289
"1870",741.709297912714
"1871",683.477531036895
"1872",912.20723453909
"1873",913.913490764555
"1874",956.868543451652
"1875",954.298828125
"1876",950.354485776805
"1877",909.871508379888
"1878",956.166340508806
"1879",1121.28743545611
"1880",956.868543451652
"1881",1075.0297029703
"1882",956.868543451652
"1883",1063.04269785151
"1884",911.569029850746
"1885",954.298828125
"1886",701.131479820628
"1887",990.825855513308
"1888",958.276048050993
"1889",875.432922732363
"1890",708.502446982056
"1891",856.44347063979
"1892",911.569029850746
"1893",907.758476544357
"1894",857.006796755098
"1895",958.276048050993
"1896",956.166340508806
"1897",956.166340508806
"1898",903.561719833564
"1899",911.569029850746
"1900",849.002606429192
"1901",845.696235395932
"1902",987.072727272727
"1903",785.690050251256
"1904",750.683310927598
"1905",900.854574786817
"1906",708.502446982056
"1907",708.502446982056
"1908",858.135675082327
"1909",911.569029850746
"1910",896.515596330275
"1911",708.502446982056
"1912",976.713643178411
"1913",795.929138668296
"1914",677.906347554631
"1915",677.906347554631
"1916",677.906347554631
"1917",928.678545972915
"1918",677.906347554631
"1919",937.813819577735
"1920",677.906347554631
"1921",857.194736842105
"1922",744.960548885077
"1923",950.816832887375
"1924",1031.34775725594
"1925",881.155996393147
"1926",857.194736842105
"1927",939.617307692308
"1928",892.62571363325
"1929",809.947782842934
"1930",805.939793814433
"1931",903.352900392882
"1932",847.897613882863
"1933",853.265225933202
"1934",905.026163463765
"1935",953.367804878049
"1936",885.54780244676
"1937",877.39797979798
"1938",760.764499805372
"1939",854.944881889764
"1940",801.149415863906
"1941",953.367804878049
"1942",958.276048050993
"1943",909.659762625087
"1944",901.893862482695
"1945",953.367804878049
"1946",857.194736842105
"1947",1046.25481798715
"1948",864.589250165893
"1949",950.816832887375
"1950",877.201077199282
"1951",942.108459869848
"1952",857.194736842105
"1953",988.320606826802
"1954",873.476648044693
"1955",924.723917672108
"1956",993.848970251716
"1957",860.781325699185
"1958",909.02511627907
"1959",901.893862482695
"1960",809.947782842934
"1961",945.755625453666
"1962",901.893862482695
"1963",836.108663101604
"1964",895.283554741182
"1965",744.960548885077
"1966",744.960548885077
"1967",857.194736842105
"1968",744.960548885077
"1969",744.960548885077
"1970",881.155996393147
"1971",744.960548885077
"1972",840.784684878469
"1973",847.897613882863
"1974",853.265225933202
"1975",744.960548885077
"1976",885.146739130435
"1977",769.450393700787
"1978",856.44347063979
"1979",895.283554741182
"1980",1009.2455460883
"1981",863.062044601457
"1982",801.149415863906
"1983",863.062044601457
"1984",918.854724964739
"1985",860.213028169014
"1986",903.352900392882
"1987",953.367804878049
"1988",744.960548885077
"1989",1105.11959287532
"1990",782.544144144144
"1991",782.544144144144
"1992",782.544144144144
"1993",782.544144144144
"1994",866.69800443459
"1995",782.544144144144
"1996",846.245507685646
"1997",846.245507685646
"1998",825.165294490184
"1999",782.544144144144
"2000",846.245507685646
"2001",852.14911706998
"2002",818.770004189359
"2003",853.824377457405
"2004",825.165294490184
"2005",818.770004189359
"2006",782.544144144144
"2007",782.544144144144
"2008",896.310020637468
"2009",818.770004189359
"2010",949.892588092345
"2011",892.218215019402
"2012",897.132889602938
"2013",782.544144144144
"2014",955.465167440724
"2015",818.770004189359
"2016",846.245507685646
"2017",900.854574786817
"2018",818.770004189359
"2019",782.544144144144
"2020",827.961872484643
"2021",853.824377457405
"2022",846.245507685646
"2023",782.544144144144
"2024",900.854574786817
"2025",897.132889602938
"2026",900.854574786817
"2027",900.854574786817
"2028",782.544144144144
"2029",782.544144144144
"2030",858.324110671937
"2031",846.245507685646
"2032",846.245507685646
"2033",894.054894784995
"2034",846.245507685646
"2035",853.824377457405
"2036",846.245507685646
"2037",934.004301075269
"2038",782.544144144144
"2039",905.235757295044
"2040",818.770004189359
"2041",949.892588092345
"2042",826.910937169452
"2043",900.854574786817
"2044",846.245507685646
"2045",818.770004189359
"2046",936.465740297077
"2047",897.957270847691
"2048",825.165294490184
"2049",782.544144144144
"2050",923.631379962193
"2051",1019.5117370892
"2052",846.245507685646
"2053",947.589818181818
"2054",834.32401280683
"2055",889.781015251537
"2056",897.132889602938
"2057",972.582234386663
"2058",853.824377457405
"2059",826.910937169452
"2060",818.770004189359
"2061",846.245507685646
"2062",893.646090534979
"2063",853.824377457405
"2064",880.163927043459
"2065",893.646090534979
"2066",827.961872484643
"2067",846.245507685646
"2068",782.544144144144
"2069",891.201094391245
"2070",818.770004189359
"2071",889.781015251537
"2072",822.214556163231
"2073",782.544144144144
"2074",906.916009280743
"2075",825.165294490184
"2076",782.544144144144
"2077",896.721266345492
"2078",818.770004189359
"2079",846.245507685646
"2080",842.597111446432
"2081",782.544144144144
"2082",846.245507685646
"2083",889.781015251537
"2084",876.807537012113
"2085",818.770004189359
"2086",846.245507685646
"2087",798.530745658836
"2088",869.977298019141
"2089",782.544144144144
"2090",782.544144144144
"2091",782.544144144144
"2092",846.245507685646
"2093",782.544144144144
"2094",782.544144144144
"2095",782.544144144144
"2096",782.544144144144
"2097",782.544144144144
"2098",897.957270847691
"2099",893.646090534979
"2100",818.770004189359
"2101",818.770004189359
"2102",782.544144144144
"2103",871.334819438252
"2104",782.544144144144
"2105",782.544144144144
"2106",938.489315726291
"2107",782.544144144144
"2108",868.431015329927
"2109",782.544144144144
"2110",846.795493934142
"2111",826.910937169452
"2112",793.666598984772
"2113",914.76901474374
"2114",782.544144144144
"2115",818.770004189359
"2116",818.770004189359
"2117",1044.85645549318
"2118",782.544144144144
"2119",871.723461195361
"2120",782.544144144144
"2121",846.245507685646
"2122",818.770004189359
"2123",818.770004189359
"2124",872.112449799197
"2125",822.214556163231
"2126",893.850445918134
"2127",793.666598984772
"2128",893.646090534979
"2129",846.245507685646
"2130",800.165404298874
"2131",795.929138668296
"2132",795.929138668296
"2133",795.929138668296
"2134",795.929138668296
"2135",795.929138668296
"2136",858.701230228471
"2137",795.929138668296
"2138",838.620038618322
"2139",828.137288135593
"2140",795.929138668296
"2141",835.929854576561
"2142",838.620038618322
"2143",871.334819438252
"2144",795.929138668296
"2145",795.929138668296
"2146",869.783711615487
"2147",894.668802929732
"2148",835.929854576561
"2149",915.411709601874
"2150",878.976388576569
"2151",868.431015329927
"2152",795.929138668296
"2153",838.9800386349
"2154",911.144055944056
"2155",795.929138668296
"2156",828.137288135593
"2157",817.742259414226
"2158",838.9800386349
"2159",795.929138668296
"2160",795.929138668296
"2161",795.929138668296
"2162",828.137288135593
"2163",869.783711615487
"2164",838.620038618322
"2165",795.929138668296
"2166",838.620038618322
"2167",838.9800386349
"2168",828.137288135593
"2169",943.245173745174
"2170",795.929138668296
"2171",795.929138668296
"2172",903.144177449168
"2173",828.137288135593
"2174",795.929138668296
"2175",828.137288135593
"2176",901.477859778598
"2177",795.929138668296
"2178",856.068331143233
"2179",795.929138668296
"2180",889.578516158398
"2181",795.929138668296
"2182",874.845120859445
"2183",1007.42474226804
"2184",795.929138668296
"2185",835.929854576561
"2186",838.620038618322
"2187",886.552052619642
"2188",885.54780244676
"2189",795.929138668296
"2190",1104.8072357264
"2191",795.929138668296
"2192",852.520828789531
"2193",795.929138668296
"2194",795.929138668296
"2195",838.620038618322
"2196",845.513303049968
"2197",828.137288135593
"2198",828.137288135593
"2199",888.769440654843
"2200",833.256874866766
"2201",795.929138668296
"2202",838.620038618322
"2203",795.929138668296
"2204",795.929138668296
"2205",878.18647494945
"2206",795.929138668296
"2207",795.929138668296
"2208",842.778783958603
"2209",828.137288135593
"2210",901.477859778598
"2211",852.520828789531
"2212",838.620038618322
"2213",795.929138668296
"2214",795.929138668296
"2215",838.620038618322
"2216",806.438621827935
"2217",854.757926962607
"2218",795.929138668296
"2219",838.620038618322
"2220",1062.46480021745
"2221",838.620038618322
"2222",828.137288135593
"2223",874.453691275168
"2224",828.137288135593
"2225",795.929138668296
"2226",828.137288135593
"2227",828.137288135593
"2228",775.557142857143
"2229",775.557142857143
"2230",775.557142857143
"2231",807.104687177369
"2232",775.557142857143
"2233",775.557142857143
"2234",775.557142857143
"2235",775.557142857143
"2236",849.002606429192
"2237",809.109501138481
"2238",775.557142857143
"2239",809.109501138481
"2240",775.557142857143
"2241",849.740869565217
"2242",896.92703074805
"2243",959.68769948441
"2244",815.014178482068
"2245",775.557142857143
"2246",775.557142857143
"2247",775.557142857143
"2248",838.8
"2249",775.557142857143
"2250",775.557142857143
"2251",775.557142857143
"2252",775.557142857143
"2253",809.109501138481
"2254",775.557142857143
"2255",815.014178482068
"2256",775.557142857143
"2257",775.557142857143
"2258",844.964980544747
"2259",775.557142857143
"2260",775.557142857143
"2261",815.014178482068
"2262",775.557142857143
"2263",775.557142857143
"2264",775.557142857143
"2265",809.109501138481
"2266",775.557142857143
"2267",775.557142857143
"2268",815.014178482068
"2269",775.557142857143
"2270",775.557142857143
"2271",851.035924232528
"2272",775.557142857143
"2273",775.557142857143
"2274",775.557142857143
"2275",775.557142857143
"2276",775.557142857143
"2277",775.557142857143
"2278",866.890219560878
"2279",775.557142857143
"2280",775.557142857143
"2281",809.109501138481
"2282",775.557142857143
"2283",775.557142857143
"2284",775.557142857143
"2285",775.557142857143
"2286",775.557142857143
"2287",809.109501138481
"2288",775.557142857143
"2289",775.557142857143
"2290",809.109501138481
"2291",775.557142857143
"2292",775.557142857143
"2293",775.557142857143
"2294",775.557142857143
"2295",775.557142857143
"2296",851.035924232528
"2297",775.557142857143
"2298",775.557142857143
"2299",775.557142857143
"2300",775.557142857143
"2301",775.557142857143
"2302",775.557142857143
"2303",883.745873841284
"2304",849.740869565217
"2305",775.557142857143
"2306",775.557142857143
"2307",775.557142857143
"2308",775.557142857143
"2309",775.557142857143
"2310",775.557142857143
"2311",775.557142857143
"2312",775.557142857143
"2313",775.557142857143
"2314",775.557142857143
"2315",775.557142857143
"2316",775.557142857143
"2317",775.557142857143
"2318",775.557142857143
"2319",775.557142857143
"2320",775.557142857143
"2321",775.557142857143
"2322",775.557142857143
"2323",775.557142857143
"2324",775.557142857143
"2325",775.557142857143
"2326",775.557142857143
"2327",775.557142857143
"2328",809.109501138481
"2329",809.109501138481
"2330",809.109501138481
"2331",751.116064565719
"2332",805.607584501237
"2333",781.605278944211
"2334",751.116064565719
"2335",812.135466445045
"2336",751.116064565719
"2337",769.601890135854
"2338",751.116064565719
"2339",751.116064565719
"2340",751.116064565719
"2341",786.955506341856
"2342",751.116064565719
"2343",751.116064565719
"2344",894.668802929732
"2345",801.149415863906
"2346",751.116064565719
"2347",751.116064565719
"2348",751.116064565719
"2349",751.116064565719
"2350",751.116064565719
"2351",751.116064565719
"2352",781.605278944211
"2353",751.116064565719
"2354",843.688322900928
"2355",751.116064565719
"2356",751.116064565719
"2357",844.964980544747
"2358",751.116064565719
"2359",751.116064565719
"2360",835.929854576561
"2361",751.116064565719
"2362",781.605278944211
"2363",751.116064565719
"2364",751.116064565719
"2365",751.116064565719
"2366",844.964980544747
"2367",751.116064565719
"2368",769.601890135854
"2369",843.688322900928
"2370",751.116064565719
"2371",769.601890135854
"2372",751.116064565719
"2373",843.688322900928
"2374",844.964980544747
"2375",773.561844448842
"2376",751.116064565719
"2377",885.949229374433
"2378",751.116064565719
"2379",751.116064565719
"2380",751.116064565719
"2381",751.116064565719
"2382",751.116064565719
"2383",751.116064565719
"2384",751.116064565719
"2385",751.116064565719
"2386",751.116064565719
"2387",751.116064565719
"2388",837.54188986501
"2389",844.964980544747
"2390",751.116064565719
"2391",751.116064565719
"2392",751.116064565719
"2393",877.39797979798
"2394",751.116064565719
"2395",751.116064565719
"2396",751.116064565719
"2397",843.688322900928
"2398",751.116064565719
"2399",751.116064565719
"2400",751.116064565719
"2401",802.135850605377
"2402",751.116064565719
"2403",844.964980544747
"2404",751.116064565719
"2405",751.116064565719
"2406",785.374321880651
"2407",797.878750765462
"2408",785.374321880651
"2409",785.374321880651
"2410",847.529921942758
"2411",805.773654916512
"2412",785.374321880651
"2413",785.374321880651
"2414",785.374321880651
"2415",785.374321880651
"2416",785.374321880651
"2417",785.374321880651
"2418",785.374321880651
"2419",785.374321880651
"2420",785.374321880651
"2421",785.374321880651
"2422",805.773654916512
"2423",785.374321880651
"2424",785.374321880651
"2425",785.374321880651
"2426",785.374321880651
"2427",785.374321880651
"2428",785.374321880651
"2429",832.901768591519
"2430",785.374321880651
"2431",856.255859802848
"2432",844.417368762152
"2433",748.957271507952
"2434",885.347225368063
"2435",771.27229676401
"2436",771.576786419266
"2437",748.957271507952
"2438",783.328256513026
"2439",748.957271507952
"2440",771.27229676401
"2441",771.27229676401
"2442",748.957271507952
"2443",783.328256513026
"2444",748.957271507952
"2445",803.78531770512
"2446",784.586109995986
"2447",771.27229676401
"2448",748.957271507952
"2449",748.957271507952
"2450",771.27229676401
"2451",748.957271507952
"2452",767.185083415113
"2453",835.572466866182
"2454",808.607364501448
"2455",788.702179176755
"2456",748.957271507952
"2457",794.957901159243
"2458",835.572466866182
"2459",748.957271507952
"2460",826.386469344609
"2461",748.957271507952
"2462",783.328256513026
"2463",872.696584058942
"2464",845.147675675676
"2465",764.484255818502
"2466",807.604958677686
"2467",845.147675675676
"2468",783.328256513026
"2469",783.328256513026
"2470",796.41564792176
"2471",767.185083415113
"2472",748.957271507952
"2473",748.957271507952
"2474",866.505874528929
"2475",783.328256513026
"2476",783.328256513026
"2477",748.957271507952
"2478",748.957271507952
"2479",796.41564792176
"2480",783.328256513026
"2481",824.295234078448
"2482",823.600505689001
"2483",767.185083415113
"2484",763.886652335353
"2485",748.957271507952
"2486",808.607364501448
"2487",771.27229676401
"2488",808.607364501448
"2489",746.240549828179
"2490",746.240549828179
"2491",746.240549828179
"2492",746.240549828179
"2493",746.240549828179
"2494",746.240549828179
"2495",746.240549828179
"2496",746.240549828179
"2497",746.240549828179
"2498",746.240549828179
"2499",746.240549828179
"2500",808.942052980132
"2501",803.620065789474
"2502",743.826450999049
"2503",789.977364591754
"2504",758.549970890743
"2505",789.977364591754
"2506",743.826450999049
"2507",803.950637597696
"2508",743.826450999049
"2509",789.977364591754
"2510",743.826450999049
"2511",803.620065789474
"2512",743.826450999049
"2513",762.545454545455
"2514",743.826450999049
"2515",842.778783958603
"2516",743.826450999049
"2517",743.826450999049
"2518",743.826450999049
"2519",762.545454545455
"2520",743.826450999049
"2521",743.826450999049
"2522",743.826450999049
"2523",758.549970890743
"2524",743.826450999049
"2525",743.826450999049
"2526",743.826450999049
"2527",743.826450999049
"2528",743.826450999049
"2529",762.545454545455
"2530",743.826450999049
"2531",743.826450999049
"2532",767.486353818967
"2533",725.061769616027
"2534",725.061769616027
"2535",725.061769616027
"2536",725.061769616027
"2537",725.061769616027
"2538",748.527001148985
"2539",725.061769616027
"2540",725.061769616027
"2541",725.061769616027
"2542",725.061769616027
"2543",725.061769616027
"2544",725.061769616027
"2545",725.061769616027
"2546",725.061769616027
"2547",725.061769616027
"2548",725.061769616027
"2549",819.284845944247
"2550",727.220093023256
"2551",809.27701863354
"2552",727.220093023256
"2553",727.220093023256
"2554",727.220093023256
"2555",727.220093023256
"2556",727.220093023256
"2557",727.220093023256
"2558",727.220093023256
"2559",727.220093023256
"2560",759.286713286713
"2561",759.286713286713
"2562",727.220093023256
"2563",759.286713286713
"2564",759.286713286713
"2565",727.220093023256
"2566",727.220093023256
"2567",759.286713286713
"2568",727.220093023256
"2569",779.112617101854
"2570",727.220093023256
"2571",727.220093023256
"2572",759.286713286713
"2573",727.220093023256
"2574",759.286713286713
"2575",727.220093023256
"2576",727.220093023256
"2577",759.286713286713
"2578",759.286713286713
"2579",727.220093023256
"2580",854.197552447552
"2581",854.197552447552
"2582",727.220093023256
"2583",727.220093023256
"2584",727.220093023256
"2585",727.220093023256
"2586",759.286713286713
"2587",748.670369660985
"2588",748.670369660985
"2589",748.670369660985
"2590",748.670369660985
"2591",808.272952853598
"2592",748.670369660985
"2593",748.670369660985
"2594",748.670369660985
"2595",748.670369660985
"2596",748.670369660985
"2597",748.670369660985
"2598",748.670369660985
"2599",808.272952853598
"2600",748.670369660985
"2601",748.670369660985
"2602",748.670369660985
"2603",748.670369660985
"2604",748.670369660985
"2605",748.670369660985
"2606",748.670369660985
"2607",748.670369660985
"2608",748.670369660985
"2609",748.670369660985
"2610",748.670369660985
"2611",748.670369660985
"2612",715.898901098901
"2613",715.898901098901
"2614",741.709297912714
"2615",741.709297912714
"2616",741.709297912714
"2617",741.709297912714
"2618",741.709297912714
"2619",741.709297912714
"2620",741.709297912714
"2621",741.709297912714
"2622",741.709297912714
"2623",741.709297912714
"2624",741.709297912714
"2625",741.709297912714
"2626",741.709297912714
"2627",741.709297912714
"2628",741.709297912714
"2629",741.709297912714
"2630",741.709297912714
"2631",741.709297912714
"2632",741.709297912714
"2633",741.709297912714
"2634",741.709297912714
"2635",741.709297912714
"2636",741.709297912714
"2637",839.700966702471
"2638",741.709297912714
"2639",741.709297912714
"2640",741.709297912714
"2641",741.709297912714
"2642",741.709297912714
"2643",741.709297912714
"2644",741.709297912714
"2645",741.709297912714
"2646",741.709297912714
"2647",741.709297912714
"2648",741.709297912714
"2649",741.709297912714
"2650",741.709297912714
"2651",741.709297912714
"2652",741.709297912714
"2653",741.709297912714
"2654",741.709297912714
"2655",741.709297912714
"2656",741.709297912714
"2657",741.709297912714
"2658",741.709297912714
"2659",741.709297912714
"2660",741.709297912714
"2661",741.709297912714
"2662",741.709297912714
"2663",741.709297912714
"2664",741.709297912714
"2665",741.709297912714
"2666",741.709297912714
"2667",741.709297912714
"2668",741.709297912714
"2669",741.709297912714
"2670",741.709297912714
"2671",741.709297912714
"2672",741.709297912714
"2673",741.709297912714
"2674",741.709297912714
"2675",741.709297912714
"2676",795.281383519837
"2677",741.709297912714
"2678",741.709297912714
"2679",741.709297912714
"2680",741.709297912714
"2681",741.709297912714
"2682",741.709297912714
"2683",741.709297912714
"2684",741.709297912714
"2685",798.69391091132
"2686",798.69391091132
"2687",798.69391091132
"2688",798.69391091132
"2689",798.69391091132
"2690",798.69391091132
"2691",798.69391091132
"2692",798.69391091132
"2693",798.69391091132
"2694",798.69391091132
"2695",798.69391091132
"2696",798.69391091132
"2697",798.69391091132
"2698",798.69391091132
"2699",798.69391091132
"2700",798.69391091132
"2701",798.69391091132
"2702",798.69391091132
"2703",798.69391091132
"2704",798.69391091132
"2705",798.69391091132
"2706",798.69391091132
"2707",798.69391091132
"2708",798.69391091132
"2709",798.69391091132
"2710",798.69391091132
"2711",798.69391091132
"2712",798.69391091132
"2713",798.69391091132
"2714",798.69391091132
"2715",798.69391091132
"2716",798.69391091132
"2717",798.69391091132
"2718",798.69391091132
"2719",798.69391091132
"2720",798.69391091132
"2721",798.69391091132
"2722",798.69391091132
"2723",798.69391091132
"2724",756.348297213622
"2725",756.348297213622
"2726",756.348297213622
"2727",756.348297213622
"2728",756.348297213622
"2729",756.348297213622
"2730",776.790143084261
"2731",776.790143084261
"2732",756.348297213622
"2733",756.348297213622
"2734",756.348297213622
"2735",756.348297213622
"2736",756.348297213622
"2737",776.790143084261
"2738",756.348297213622
"2739",756.348297213622
"2740",756.348297213622
"2741",756.348297213622
"2742",756.348297213622
"2743",776.790143084261
"2744",756.348297213622
"2745",727.897206703911
"2746",727.897206703911
"2747",727.897206703911
"2748",727.897206703911
"2749",727.897206703911
"2750",727.897206703911
"2751",727.897206703911
"2752",939.730256040389
"2753",962.168123076923
"2754",1022.84652623315
"2755",1026.87718376461
"2756",1013.30084251458
"2757",978.792537874045
"2758",1009.37585539057
"2759",1036.6816072139
"2760",983.966771554437
"2761",982.729855436832
"2762",672.830364058869
"2763",1031.75610399894
"2764",1002.90134701732
"2765",901.166109510086
"2766",754.086621008971
"2767",837.631629701061
"2768",898.886512590548
"2769",915.090249326934
"2770",938.376665466331
"2771",950.238969247599
"2772",1006.516801854
"2773",948.854958125986
"2774",909.130829166182
"2775",1091.99832378824
"2776",1015.40667619171
"2777",918.315047574298
"2778",910.825585459629
"2779",951.858760501644
"2780",935.233401124536
"2781",953.716725631329
"2782",930.336308461264
"2783",961.931339977852
"2784",964.304428271864
"2785",1017.78622575186
"2786",929.009625668449
"2787",912.313688878516
"2788",1117.92020592021
"2789",1073.11132463967
"2790",1086.53453787352
"2791",894.771202930067
"2792",1022.31149470381
"2793",1112.51117119681
"2794",935.681149012567
"2795",904.502603262756
"2796",874.551515829511
"2797",694.837436672296
