"","influenza_clo"
"1",0.000109769484083425
"2",9.95817566221868e-05
"3",9.60799385088394e-05
"4",0.00012227928588897
"5",0.000117150890346767
"6",0.000117150890346767
"7",9.51474785918173e-05
"8",0.000123548307388189
"9",9.2747171211278e-05
"10",0.000112107623318386
"11",0.000114521300961979
"12",0.00010989010989011
"13",9.87751876728566e-05
"14",9.51474785918173e-05
"15",0.000103305785123967
"16",9.2747171211278e-05
"17",9.51474785918173e-05
"18",0.000124875124875125
"19",0.000100361300682457
"20",0.000106067034365719
"21",0.000110424028268551
"22",0.000101050929668553
"23",9.2747171211278e-05
"24",0.000121153380179307
"25",0.000100361300682457
"26",0.000109075043630017
"27",0.000130005200208008
"28",9.30232558139535e-05
"29",9.6749226006192e-05
"30",0.000104690117252931
"31",9.6749226006192e-05
"32",0.00011671335200747
"33",9.51474785918173e-05
"34",0.000112790435371081
"35",9.8135426889107e-05
"36",9.51474785918173e-05
"37",0.000124100273020601
"38",0.00010535187526338
"39",9.2747171211278e-05
"40",9.6749226006192e-05
"41",9.6749226006192e-05
"42",9.15750915750916e-05
"43",9.2747171211278e-05
"44",9.2747171211278e-05
"45",0.000101502233049127
"46",0.000102186797465767
"47",9.2747171211278e-05
"48",0.000110864745011086
"49",9.8135426889107e-05
"50",9.15750915750916e-05
"51",9.8135426889107e-05
"52",9.2747171211278e-05
"53",0.000114233493260224
"54",9.2747171211278e-05
"55",9.8135426889107e-05
"56",0.000113327289211242
"57",0.000133404482390608
"58",0.000118764845605701
"59",0.000132065504490227
"60",9.85221674876847e-05
"61",0.00010801468999784
"62",0.000125533517449159
"63",9.64134207481682e-05
"64",9.64134207481682e-05
"65",9.64134207481682e-05
"66",9.64134207481682e-05
"67",0.000150829562594268
"68",0.000114129194247889
"69",0.00012987012987013
"70",9.2747171211278e-05
"71",9.57304231284702e-05
"72",9.32835820895522e-05
"73",9.32835820895522e-05
"74",9.32835820895522e-05
"75",0.000139508928571429
"76",9.51474785918173e-05
"77",0.000128106584678452
"78",9.50209045990118e-05
"79",0.000135943447525829
"80",0.000100040016006403
"81",0.000136017410228509
"82",9.44643869261288e-05
"83",9.44643869261288e-05
"84",9.44643869261288e-05
"85",9.88924050632911e-05
"86",9.88924050632911e-05
"87",9.88924050632911e-05
"88",9.9403578528827e-05
"89",9.88924050632911e-05
"90",9.87751876728566e-05
"91",9.44643869261288e-05
"92",9.77517106549365e-05
"93",0.000110741971207087
"94",0.000120627261761158
"95",9.6749226006192e-05
"96",9.77517106549365e-05
"97",9.77517106549365e-05
"98",0.000100969305331179
"99",9.6749226006192e-05
"100",0.000127909951394218
"101",9.77517106549365e-05
"102",0.000129198966408269
"103",0.000118652112007594
"104",0.000100969305331179
"105",9.99800039992002e-05
"106",9.99800039992002e-05
"107",9.99800039992002e-05
"108",9.77517106549365e-05
"109",9.99800039992002e-05
"110",0.000115901715345387
"111",0.000100969305331179
"112",0.000100969305331179
"113",0.00012748597654258
"114",9.99800039992002e-05
"115",9.98203234178479e-05
"116",9.37207122774133e-05
"117",0.000112536574386676
"118",9.31098696461825e-05
"119",0.000130992926381975
"120",9.98203234178479e-05
"121",9.85027580772262e-05
"122",9.37207122774133e-05
"123",9.37207122774133e-05
"124",9.37207122774133e-05
"125",9.37207122774133e-05
"126",9.37207122774133e-05
"127",9.37207122774133e-05
"128",9.37207122774133e-05
"129",9.37207122774133e-05
"130",9.37207122774133e-05
"131",9.37207122774133e-05
"132",9.37207122774133e-05
"133",9.91669972233241e-05
"134",0.000108506944444444
"135",0.000100623867981485
"136",9.2747171211278e-05
"137",0.000120772946859903
"138",0.000147623265426631
"139",0.000123152709359606
"140",0.000121921482565228
"141",0.000143143429716576
"142",0.000112917795844625
"143",0.000110815602836879
"144",9.6749226006192e-05
"145",0.000107112253641817
"146",9.2747171211278e-05
"147",9.6749226006192e-05
"148",9.6749226006192e-05
"149",0.000110204981265153
"150",9.77517106549365e-05
"151",9.8135426889107e-05
"152",9.51474785918173e-05
"153",9.60799385088394e-05
"154",9.8135426889107e-05
"155",0.000108554059921841
"156",0.000125659713495853
"157",9.2747171211278e-05
"158",8.99766060824186e-05
"159",0.000101999184006528
"160",9.2747171211278e-05
"161",0.000111831804965332
"162",9.2747171211278e-05
"163",9.60799385088394e-05
"164",8.99766060824186e-05
"165",9.2747171211278e-05
"166",9.51474785918173e-05
"167",9.2747171211278e-05
"168",0.000108554059921841
"169",9.8135426889107e-05
"170",0.000108554059921841
"171",9.6749226006192e-05
"172",9.31098696461825e-05
"173",9.99800039992002e-05
"174",9.2747171211278e-05
"175",9.8135426889107e-05
"176",0.000107066381156317
"177",9.54016409082236e-05
"178",8.24538258575198e-05
"179",0.000104975855553223
"180",0.000122759636631476
"181",0.000123334977799704
"182",0.000106860440265014
"183",0.000111756817165847
"184",0.000127713920817369
"185",0.000115446779034865
"186",0.00010160536476326
"187",0.000122129946262824
"188",0.00012227928588897
"189",0.000122369065100343
"190",0.000107181136120043
"191",9.6749226006192e-05
"192",0.000132485426603074
"193",0.000107550010755001
"194",9.77517106549365e-05
"195",0.0001232741617357
"196",0.000123639960435213
"197",0.000127779197546639
"198",0.000138927479855515
"199",0.000128040973111396
"200",0.000122129946262824
"201",0.000104843782763682
"202",0.000121891760117016
"203",0.000128040973111396
"204",0.000132135306553911
"205",0.000134770889487871
"206",0.00012758356723654
"207",0.000122579063495955
"208",0.000122339124051872
"209",0.00012227928588897
"210",0.000129366106080207
"211",9.77517106549365e-05
"212",0.000128139415684264
"213",0.000123977188197372
"214",0.000107296137339056
"215",0.000122759636631476
"216",0.000125407574617507
"217",0.000112384805574286
"218",0.000102880658436214
"219",0.000121182743577315
"220",0.000127194098193844
"221",0.000132275132275132
"222",0.000119932837610938
"223",0.000106883283454468
"224",9.95024875621891e-05
"225",0.000139586823003908
"226",0.000128106584678452
"227",0.000128139415684264
"228",0.0001230012300123
"229",0.000124285359184688
"230",0.000120192307692308
"231",0.000128139415684264
"232",0.000113301608882846
"233",0.000122249388753056
"234",9.82125319190729e-05
"235",0.000120685493603669
"236",0.00012709710218607
"237",0.000117426021606388
"238",0.00012045290291496
"239",0.000105618926911703
"240",9.6749226006192e-05
"241",0.000122339124051872
"242",0.00012853470437018
"243",0.000137211855104281
"244",9.91669972233241e-05
"245",0.000132661183337755
"246",0.000122428991185113
"247",9.82511298879937e-05
"248",0.000128040973111396
"249",0.000126198889449773
"250",0.000134625740441572
"251",0.000128303823453939
"252",0.00011384335154827
"253",0.000121270919233568
"254",0.00012306177701206
"255",0.000131268049356787
"256",0.000119189511323004
"257",0.00011528706479133
"258",0.000123122383649347
"259",0.000122819945959224
"260",0.000112485939257593
"261",0.000122729504172803
"262",9.11078717201166e-05
"263",0.000116225011622501
"264",0.000116225011622501
"265",8.84329678103997e-05
"266",0.000122819945959224
"267",0.000108932461873638
"268",0.000128369704749679
"269",0.000122369065100343
"270",0.00012306177701206
"271",9.11078717201166e-05
"272",0.000117288294628196
"273",0.000122369065100343
"274",0.000124409056979348
"275",0.0001230012300123
"276",9.2747171211278e-05
"277",0.00011671335200747
"278",0.000124254473161034
"279",9.11078717201166e-05
"280",0.00012306177701206
"281",0.000108483402039488
"282",0.000122729504172803
"283",9.11078717201166e-05
"284",0.000122669283611384
"285",0.000128303823453939
"286",0.000127844541038098
"287",0.000146627565982405
"288",0.000116225011622501
"289",9.11078717201166e-05
"290",0.000116090085906664
"291",0.000104909777591272
"292",0.000122729504172803
"293",0.000121773015099854
"294",0.000128040973111396
"295",0.00012045290291496
"296",9.11078717201166e-05
"297",0.000127194098193844
"298",8.84329678103997e-05
"299",9.11078717201166e-05
"300",0.000122729504172803
"301",9.11078717201166e-05
"302",0.00012306177701206
"303",0.000122729504172803
"304",0.000135538086202223
"305",0.000121359223300971
"306",0.000127616130678918
"307",9.72762645914397e-05
"308",9.6749226006192e-05
"309",0.000133582687683676
"310",0.000108506944444444
"311",0.000102606197414324
"312",0.00010160536476326
"313",0.000128965695125097
"314",0.000128139415684264
"315",9.77326035965598e-05
"316",0.000106541657788195
"317",0.000108554059921841
"318",8.78889084197574e-05
"319",8.78889084197574e-05
"320",9.33706816059757e-05
"321",0.000124440019910403
"322",8.78889084197574e-05
"323",0.000143595634692705
"324",0.000116849731245618
"325",0.000102606197414324
"326",0.000109601052170101
"327",0.00010919414719371
"328",0.000132766861391397
"329",0.00012990387113536
"330",0.000113301608882846
"331",0.000127746550843127
"332",9.6749226006192e-05
"333",9.6749226006192e-05
"334",0.000107665805340224
"335",0.000134843581445523
"336",9.6749226006192e-05
"337",0.00011441647597254
"338",9.96611520829181e-05
"339",0.000116658889407373
"340",0.000114259597806216
"341",0.000144759698899826
"342",9.6749226006192e-05
"343",0.000107089312486614
"344",9.6749226006192e-05
"345",0.00010530749789385
"346",0.00012385434728759
"347",0.000101667344448963
"348",0.000113301608882846
"349",9.70873786407767e-05
"350",0.000116009280742459
"351",0.000127064803049555
"352",0.000149566257852229
"353",0.000111234705228031
"354",0.000122100122100122
"355",0.000109793588054458
"356",9.77517106549365e-05
"357",0.000114259597806216
"358",0.000113301608882846
"359",0.000124501992031873
"360",0.000101667344448963
"361",0.000107480653482373
"362",9.6749226006192e-05
"363",0.000123639960435213
"364",9.6749226006192e-05
"365",0.000108624809906583
"366",0.000112183082791115
"367",0.000122219506233195
"368",0.000121506682867558
"369",9.6749226006192e-05
"370",0.000113019891500904
"371",0.000116063138347261
"372",9.16254352208173e-05
"373",9.16254352208173e-05
"374",8.71991628880363e-05
"375",8.71991628880363e-05
"376",8.71991628880363e-05
"377",8.71991628880363e-05
"378",8.71991628880363e-05
"379",0.000130208333333333
"380",9.64134207481682e-05
"381",9.64134207481682e-05
"382",9.2747171211278e-05
"383",9.51474785918173e-05
"384",9.51474785918173e-05
"385",8.71991628880363e-05
"386",8.71991628880363e-05
"387",0.000104275286757039
"388",9.44643869261288e-05
"389",0.000127713920817369
"390",0.0001220703125
"391",9.88924050632911e-05
"392",0.000119703136222169
"393",9.44643869261288e-05
"394",9.77517106549365e-05
"395",9.77517106549365e-05
"396",9.97008973080758e-05
"397",0.00010989010989011
"398",0.000109146474568871
"399",9.6749226006192e-05
"400",0.000112485939257593
"401",9.6749226006192e-05
"402",0.000100969305331179
"403",0.000109098843552258
"404",9.93640699523053e-05
"405",9.77326035965598e-05
"406",9.99800039992002e-05
"407",9.0843023255814e-05
"408",9.37207122774133e-05
"409",9.37207122774133e-05
"410",9.37207122774133e-05
"411",0.000126326427488631
"412",9.98601957259836e-05
"413",0.000116495806150979
"414",0.000114051094890511
"415",0.000100462125778581
"416",0.000100462125778581
"417",0.000100462125778581
"418",0.000100462125778581
"419",0.000100462125778581
"420",0.000100462125778581
"421",0.000119846596356663
"422",0.000100462125778581
"423",0.000100462125778581
"424",0.000100462125778581
"425",0.000100462125778581
"426",0.000100462125778581
"427",0.000100462125778581
"428",0.000100462125778581
"429",0.000100462125778581
"430",0.000136202669572324
"431",0.000100462125778581
"432",0.000100462125778581
"433",0.000100462125778581
"434",0.000100462125778581
"435",0.000100462125778581
"436",0.000100462125778581
"437",0.000100462125778581
"438",0.000100462125778581
"439",0.000100462125778581
"440",0.000100462125778581
"441",0.000100462125778581
"442",0.000100462125778581
"443",0.000100462125778581
"444",0.000100462125778581
"445",0.000100462125778581
"446",0.000100462125778581
"447",0.000100462125778581
"448",0.000100462125778581
"449",0.000100462125778581
"450",0.000100462125778581
"451",0.000100462125778581
"452",0.000100462125778581
"453",0.000100462125778581
"454",0.000100462125778581
"455",0.000100462125778581
"456",0.000100462125778581
"457",0.000100462125778581
"458",0.000100462125778581
"459",0.000100462125778581
"460",0.000100462125778581
"461",0.000144759698899826
"462",0.000100462125778581
"463",0.000119961612284069
"464",0.000132696390658174
"465",0.000121447656060238
"466",0.000110570544007077
"467",0.000128106584678452
"468",0.000115207373271889
"469",0.000100462125778581
"470",0.000100462125778581
"471",0.000122639195486878
"472",0.000100462125778581
"473",0.000100462125778581
"474",0.000101812258195887
"475",0.000124316260566882
"476",0.000122219506233195
"477",0.0001220703125
"478",0.000100462125778581
"479",0.000100462125778581
"480",0.000100462125778581
"481",0.000100462125778581
"482",0.000100462125778581
"483",0.000102944204241301
"484",0.000132485426603074
"485",0.000127975428717686
"486",0.000100462125778581
"487",0.000100462125778581
"488",0.000100462125778581
"489",0.000100462125778581
"490",0.000100462125778581
"491",0.000100462125778581
"492",0.000100462125778581
"493",0.000100462125778581
"494",0.000100462125778581
"495",0.000100462125778581
"496",0.000100462125778581
"497",0.000100462125778581
"498",0.000100462125778581
"499",0.000100462125778581
"500",0.000100462125778581
"501",0.000100462125778581
"502",0.000100462125778581
"503",0.000100462125778581
"504",0.000100462125778581
"505",0.000100462125778581
"506",0.000100462125778581
"507",0.000100462125778581
"508",0.000100462125778581
"509",0.000100462125778581
"510",0.0001085776330076
"511",0.000100462125778581
"512",0.000100462125778581
"513",0.000100462125778581
"514",0.000100462125778581
"515",0.000100462125778581
"516",0.000100462125778581
"517",0.000100462125778581
"518",0.000100462125778581
"519",0.000100462125778581
"520",0.000100462125778581
"521",0.000100462125778581
"522",0.00010339123242349
"523",0.000100462125778581
"524",0.000100462125778581
"525",0.000100462125778581
"526",0.000100462125778581
"527",0.000100462125778581
"528",0.000100462125778581
"529",0.000100462125778581
"530",0.000100462125778581
"531",0.000100462125778581
"532",0.000100462125778581
"533",0.000100462125778581
"534",0.000100462125778581
"535",0.000100462125778581
"536",0.000100462125778581
"537",0.000100462125778581
"538",0.000100462125778581
"539",0.000100462125778581
"540",0.000100462125778581
"541",0.00010307153164296
"542",0.000107135204628241
"543",0.000100462125778581
"544",0.000100462125778581
"545",0.000100462125778581
"546",0.00014573010784028
"547",0.00013412017167382
"548",0.000100462125778581
"549",0.000131406044678055
"550",0.000100462125778581
"551",0.000119217930376729
"552",0.000100462125778581
"553",0.000100462125778581
"554",0.000122639195486878
"555",0.000100462125778581
"556",0.000100462125778581
"557",0.000100462125778581
"558",0.000100462125778581
"559",0.000100462125778581
"560",0.000100462125778581
"561",0.000100462125778581
"562",0.000100462125778581
"563",0.000100462125778581
"564",0.000100462125778581
"565",0.000100462125778581
"566",0.000100462125778581
"567",0.000111656989727557
"568",0.000101194090265129
"569",0.000119645848289064
"570",9.35103796521414e-05
"571",9.30232558139535e-05
"572",0.000132872707945788
"573",0.000123334977799704
"574",0.000102944204241301
"575",0.000131821776957553
"576",0.000134156157767642
"577",0.000123915737298637
"578",0.00011953143676787
"579",0.000118259224219489
"580",0.000121536217792902
"581",0.000126968004062976
"582",0.000130924325739722
"583",0.000116306117701791
"584",0.000103820598006645
"585",0.000115393491807062
"586",0.000113636363636364
"587",0.000113947128532361
"588",0.000115233924867481
"589",9.30232558139535e-05
"590",0.000133404482390608
"591",0.000104427736006683
"592",0.000129466597617815
"593",0.000107204116638079
"594",9.95817566221868e-05
"595",0.00011611704598235
"596",9.02364194188775e-05
"597",0.000102606197414324
"598",0.000112714156898106
"599",0.000124347177319075
"600",0.000121891760117016
"601",0.000109146474568871
"602",0.00010972130787799
"603",8.99766060824186e-05
"604",9.69743987587277e-05
"605",0.000113122171945701
"606",0.000124069478908189
"607",8.99766060824186e-05
"608",0.000123031496062992
"609",0.000123670541676973
"610",0.000102354145342886
"611",0.000125659713495853
"612",8.99766060824186e-05
"613",8.99766060824186e-05
"614",0.000110766504209127
"615",0.000111831804965332
"616",0.000116198001394376
"617",9.99800039992002e-05
"618",0.000117564072419469
"619",0.000107619457597934
"620",0.000100623867981485
"621",0.000104318798247444
"622",0.000113636363636364
"623",0.000115794349235757
"624",0.000127975428717686
"625",0.000138504155124654
"626",0.000107619457597934
"627",0.000100704934541793
"628",0.000118287201324817
"629",0.000113096584483149
"630",0.00010160536476326
"631",0.000112688753662384
"632",0.000101112234580384
"633",0.00012465719272002
"634",0.00011671335200747
"635",0.000113352981183405
"636",9.66557123526e-05
"637",0.000111333778668448
"638",0.000107158165452207
"639",0.000116198001394376
"640",0.000146327187591454
"641",9.66557123526e-05
"642",0.000107619457597934
"643",0.000104253544620517
"644",0.000113352981183405
"645",0.000100120144173008
"646",0.000107158165452207
"647",0.000100623867981485
"648",0.00011125945705385
"649",0.000107619457597934
"650",0.000107619457597934
"651",0.000107619457597934
"652",0.000107619457597934
"653",0.000111982082866741
"654",9.66557123526e-05
"655",9.9601593625498e-05
"656",0.000100542931831892
"657",0.000107619457597934
"658",0.000100120144173008
"659",0.000122699386503067
"660",9.60799385088394e-05
"661",0.000116225011622501
"662",0.000107158165452207
"663",0.000107619457597934
"664",0.000107158165452207
"665",0.000115821172110262
"666",0.000100623867981485
"667",9.73330737784699e-05
"668",0.000107619457597934
"669",0.000129668049792531
"670",0.000113430127041742
"671",0.000114207400639561
"672",9.4876660341556e-05
"673",0.00010801468999784
"674",0.000102061645233721
"675",0.000146156094709149
"676",0.000117370892018779
"677",9.4876660341556e-05
"678",9.4876660341556e-05
"679",0.000100120144173008
"680",0.00011671335200747
"681",0.000107158165452207
"682",0.000100120144173008
"683",0.000100120144173008
"684",9.60799385088394e-05
"685",0.000135354629128316
"686",0.000123793018073781
"687",0.000127648710748021
"688",9.60799385088394e-05
"689",0.00010354110581901
"690",0.000117288294628196
"691",9.72951936174353e-05
"692",0.000104931794333683
"693",0.000100867460157353
"694",0.000100120144173008
"695",0.00013437248051599
"696",9.20979922637686e-05
"697",9.15750915750916e-05
"698",9.99600159936026e-05
"699",9.92260369120857e-05
"700",9.30405656866394e-05
"701",9.30405656866394e-05
"702",0.000119645848289064
"703",0.000124409056979348
"704",0.000117288294628196
"705",0.000120889748549323
"706",0.000105574324324324
"707",9.15750915750916e-05
"708",9.30405656866394e-05
"709",0.000100180324584252
"710",0.000121212121212121
"711",0.000119274809160305
"712",0.000129433083096039
"713",0.000103177878662815
"714",0.000103755965968043
"715",0.000103177878662815
"716",0.000116522955022139
"717",9.35103796521414e-05
"718",0.00012591286829514
"719",0.000107898144151921
"720",0.000117757889778615
"721",0.000108389334489486
"722",0.000130344108446298
"723",0.000124781632143748
"724",0.000122669283611384
"725",9.30405656866394e-05
"726",0.000119331742243437
"727",0.000121124031007752
"728",9.30405656866394e-05
"729",0.000118371212121212
"730",0.000119019281123542
"731",9.30405656866394e-05
"732",0.000117674746999294
"733",0.000116658889407373
"734",9.30405656866394e-05
"735",9.30405656866394e-05
"736",0.000123517786561265
"737",0.000102817191034341
"738",0.000102438024994878
"739",0.000105596620908131
"740",0.000112283853581855
"741",9.15750915750916e-05
"742",0.000116198001394376
"743",9.30405656866394e-05
"744",9.30405656866394e-05
"745",0.000102438024994878
"746",9.15750915750916e-05
"747",0.000108624809906583
"748",9.30405656866394e-05
"749",9.30405656866394e-05
"750",0.00010515247108307
"751",9.35103796521414e-05
"752",9.15750915750916e-05
"753",9.30405656866394e-05
"754",9.15750915750916e-05
"755",9.30405656866394e-05
"756",0.000102061645233721
"757",9.30405656866394e-05
"758",9.15750915750916e-05
"759",9.30405656866394e-05
"760",0.000109385254867644
"761",9.15750915750916e-05
"762",0.000106315118009781
"763",9.30405656866394e-05
"764",9.92851469420175e-05
"765",0.000117288294628196
"766",9.91669972233241e-05
"767",9.88924050632911e-05
"768",0.000117813383600377
"769",0.000103177878662815
"770",9.35103796521414e-05
"771",0.000125407574617507
"772",0.00013728720483251
"773",9.15750915750916e-05
"774",0.000101978380583316
"775",1e-04
"776",9.30405656866394e-05
"777",9.99400359784129e-05
"778",0.000104558762024258
"779",0.000130378096479791
"780",0.000119303268909568
"781",9.30405656866394e-05
"782",0.000122609122118686
"783",9.55840183521315e-05
"784",9.30405656866394e-05
"785",0.00010771219302025
"786",0.000103177878662815
"787",0.000126294518817883
"788",0.000125786163522013
"789",0.00012846865364851
"790",9.30405656866394e-05
"791",0.000111831804965332
"792",0.000115713955102985
"793",0.00010275380189067
"794",0.000105797714769361
"795",0.000108108108108108
"796",0.000103434009102193
"797",0.000101791530944625
"798",9.31098696461825e-05
"799",9.31098696461825e-05
"800",0.000106428267347808
"801",9.15750915750916e-05
"802",0.000111931945377211
"803",0.000118906064209275
"804",0.000103177878662815
"805",0.000117205813408345
"806",9.35103796521414e-05
"807",9.88924050632911e-05
"808",9.61908426317815e-05
"809",9.15750915750916e-05
"810",0.000133120340788072
"811",9.71628449280995e-05
"812",9.15750915750916e-05
"813",0.000107112253641817
"814",9.15750915750916e-05
"815",9.15750915750916e-05
"816",9.6749226006192e-05
"817",0.000119217930376729
"818",9.6749226006192e-05
"819",9.82511298879937e-05
"820",9.6749226006192e-05
"821",9.31098696461825e-05
"822",0.000100381449508131
"823",9.31098696461825e-05
"824",9.31098696461825e-05
"825",9.31098696461825e-05
"826",9.2747171211278e-05
"827",9.2747171211278e-05
"828",0.000105529759392149
"829",9.77135040062537e-05
"830",0.000119617224880383
"831",0.000115633672525439
"832",0.000119161105815062
"833",0.000116740602381508
"834",0.000116360251338143
"835",0.000114757860913473
"836",0.000106315118009781
"837",0.000112943302462164
"838",0.000133904659882164
"839",0.000108601216333623
"840",0.000100421771440048
"841",0.000122339124051872
"842",0.000113378684807256
"843",0.000111383381599465
"844",0.000106315118009781
"845",0.000126646403242148
"846",0.000124347177319075
"847",0.000106315118009781
"848",0.000134553283100108
"849",9.51474785918173e-05
"850",0.000106315118009781
"851",0.000125628140703518
"852",0.00014446691707599
"853",0.000113327289211242
"854",0.000133297787256732
"855",0.000103799045048786
"856",0.000144009216589862
"857",0.000121065375302663
"858",9.95024875621891e-05
"859",9.51474785918173e-05
"860",0.000134843581445523
"861",0.000113817436831323
"862",0.000108201687946332
"863",0.000112032265292404
"864",9.9304865938431e-05
"865",0.000106315118009781
"866",9.87361769352291e-05
"867",0.000115393491807062
"868",0.000102901831652603
"869",0.000116740602381508
"870",0.000132661183337755
"871",0.000137023842148534
"872",0.000107342206955775
"873",9.51474785918173e-05
"874",0.00010048231511254
"875",0.000112283853581855
"876",0.000121743364986608
"877",0.000106315118009781
"878",0.000106315118009781
"879",0.000104646295521139
"880",0.000133155792276964
"881",0.000109745390693591
"882",0.000106541657788195
"883",0.000102901831652603
"884",0.000107388316151203
"885",0.000113739763421292
"886",0.00012591286829514
"887",0.000102901831652603
"888",0.000108861310690181
"889",9.76371802382347e-05
"890",0.000100725221595488
"891",0.000106315118009781
"892",0.000106315118009781
"893",0.000129098889749548
"894",0.00010048231511254
"895",0.0001001001001001
"896",0.000105574324324324
"897",0.000106089539571398
"898",0.000101399310484689
"899",0.000143884892086331
"900",9.51474785918173e-05
"901",0.000103993344425957
"902",9.58037938302357e-05
"903",0.000103993344425957
"904",0.000103993344425957
"905",9.58037938302357e-05
"906",9.9009900990099e-05
"907",9.9009900990099e-05
"908",0.000103993344425957
"909",9.58037938302357e-05
"910",0.000103584006629376
"911",9.94233446013124e-05
"912",9.58037938302357e-05
"913",0.000112157918349035
"914",9.94233446013124e-05
"915",0.000103241792277514
"916",0.000101173613921489
"917",9.68241673121611e-05
"918",9.58037938302357e-05
"919",0.000103584006629376
"920",0.000103241792277514
"921",9.9009900990099e-05
"922",0.000114521300961979
"923",1e-04
"924",0.000103584006629376
"925",9.94233446013124e-05
"926",0.000136724090784796
"927",0.000109313511149978
"928",0.00012306177701206
"929",9.58037938302357e-05
"930",9.9009900990099e-05
"931",9.9009900990099e-05
"932",0.00010584250635055
"933",0.000124192747143567
"934",9.58037938302357e-05
"935",9.9009900990099e-05
"936",9.58037938302357e-05
"937",0.000109075043630017
"938",0.000103993344425957
"939",0.000103241792277514
"940",0.000104318798247444
"941",1e-04
"942",9.9009900990099e-05
"943",0.000103584006629376
"944",9.58037938302357e-05
"945",9.58037938302357e-05
"946",0.000103584006629376
"947",9.58037938302357e-05
"948",0.000127420998980632
"949",0.000105196717862403
"950",0.000103050288540808
"951",9.63576797070727e-05
"952",9.24898261191269e-05
"953",9.57854406130268e-05
"954",0.00010801468999784
"955",9.74089226573154e-05
"956",0.000106928999144568
"957",9.07276356378153e-05
"958",0.000106067034365719
"959",9.07276356378153e-05
"960",0.000114916111238796
"961",9.07276356378153e-05
"962",9.07276356378153e-05
"963",9.75990630489947e-05
"964",9.20979922637686e-05
"965",0.00010088781275222
"966",0.00010989010989011
"967",8.93016610108948e-05
"968",8.93016610108948e-05
"969",8.93016610108948e-05
"970",0.00010989010989011
"971",8.93016610108948e-05
"972",8.93016610108948e-05
"973",0.000102901831652603
"974",0.000107158165452207
"975",0.000107158165452207
"976",8.93016610108948e-05
"977",0.000114573785517874
"978",9.21149594694178e-05
"979",8.93016610108948e-05
"980",8.93016610108948e-05
"981",9.42684766214178e-05
"982",0.000100664384940608
"983",0.000104318798247444
"984",9.07276356378153e-05
"985",9.07276356378153e-05
"986",9.07276356378153e-05
"987",0.000106769165065129
"988",9.07276356378153e-05
"989",9.07276356378153e-05
"990",8.93016610108948e-05
"991",8.93016610108948e-05
"992",8.93016610108948e-05
"993",8.93016610108948e-05
"994",8.98795613877404e-05
"995",9.25754489909276e-05
"996",8.98795613877404e-05
"997",9.06125407756434e-05
"998",8.98795613877404e-05
"999",9.06125407756434e-05
"1000",8.98795613877404e-05
"1001",8.98795613877404e-05
"1002",9.06125407756434e-05
"1003",9.75419430355053e-05
"1004",8.98795613877404e-05
"1005",9.89315393747527e-05
"1006",8.98795613877404e-05
"1007",8.98795613877404e-05
"1008",8.98795613877404e-05
"1009",8.98795613877404e-05
"1010",0.000101440454453236
"1011",8.98795613877404e-05
"1012",8.98795613877404e-05
"1013",9.95024875621891e-05
"1014",8.98795613877404e-05
"1015",8.98795613877404e-05
"1016",0.000104843782763682
"1017",9.40733772342427e-05
"1018",8.98795613877404e-05
"1019",9.55292319449752e-05
"1020",0.000103584006629376
"1021",0.000103305785123967
"1022",0.000109793588054458
"1023",8.98795613877404e-05
"1024",9.765625e-05
"1025",8.98795613877404e-05
"1026",0.000103199174406605
"1027",8.98795613877404e-05
"1028",9.78856695379797e-05
"1029",9.49126803340926e-05
"1030",8.98795613877404e-05
"1031",8.98795613877404e-05
"1032",0.000101132686084142
"1033",9.706853038245e-05
"1034",8.98795613877404e-05
"1035",8.98795613877404e-05
"1036",9.09752547307133e-05
"1037",0.000113352981183405
"1038",9.09752547307133e-05
"1039",9.98203234178479e-05
"1040",9.78282136568186e-05
"1041",0.000128965695125097
"1042",0.000113558937088349
"1043",9.09752547307133e-05
"1044",9.98203234178479e-05
"1045",9.28505106778087e-05
"1046",9.94233446013124e-05
"1047",9.71250971250971e-05
"1048",9.57304231284702e-05
"1049",9.09752547307133e-05
"1050",9.28505106778087e-05
"1051",9.09752547307133e-05
"1052",0.000112384805574286
"1053",9.53107129241327e-05
"1054",9.53107129241327e-05
"1055",0.000113404400090724
"1056",9.09752547307133e-05
"1057",9.706853038245e-05
"1058",0.000100341159943809
"1059",9.09752547307133e-05
"1060",0.000104471374843293
"1061",9.77326035965598e-05
"1062",0.00013412017167382
"1063",9.98203234178479e-05
"1064",0.000112841345068833
"1065",0.000110619469026549
"1066",0.000112082492714638
"1067",9.09752547307133e-05
"1068",0.000112007168458781
"1069",9.71250971250971e-05
"1070",9.97207818109294e-05
"1071",9.09752547307133e-05
"1072",9.50209045990118e-05
"1073",9.50209045990118e-05
"1074",9.73330737784699e-05
"1075",9.50209045990118e-05
"1076",9.69555943377933e-05
"1077",9.50209045990118e-05
"1078",9.68241673121611e-05
"1079",0.000107480653482373
"1080",9.1726288754357e-05
"1081",0.000104405930256839
"1082",9.73330737784699e-05
"1083",9.1726288754357e-05
"1084",9.1726288754357e-05
"1085",9.50209045990118e-05
"1086",9.70873786407767e-05
"1087",9.50209045990118e-05
"1088",9.1726288754357e-05
"1089",0.000118567702157932
"1090",9.50209045990118e-05
"1091",0.000107250107250107
"1092",0.000109601052170101
"1093",9.9403578528827e-05
"1094",9.1726288754357e-05
"1095",9.50209045990118e-05
"1096",9.96412913511359e-05
"1097",9.46790380609733e-05
"1098",9.46790380609733e-05
"1099",0.00011953143676787
"1100",0.000102901831652603
"1101",0.000122010736944851
"1102",0.000105529759392149
"1103",0.000107968041459728
"1104",0.000105485232067511
"1105",0.00010495382031906
"1106",0.00011671335200747
"1107",9.46790380609733e-05
"1108",0.000109361329833771
"1109",9.46790380609733e-05
"1110",9.80392156862745e-05
"1111",0.000106860440265014
"1112",9.46790380609733e-05
"1113",9.46790380609733e-05
"1114",9.96412913511359e-05
"1115",9.46790380609733e-05
"1116",9.46790380609733e-05
"1117",9.46790380609733e-05
"1118",9.46790380609733e-05
"1119",9.46790380609733e-05
"1120",9.46790380609733e-05
"1121",9.46790380609733e-05
"1122",9.46790380609733e-05
"1123",0.000118371212121212
"1124",9.1558322651529e-05
"1125",9.46790380609733e-05
"1126",9.46790380609733e-05
"1127",9.46790380609733e-05
"1128",0.000102901831652603
"1129",9.46790380609733e-05
"1130",9.46790380609733e-05
"1131",9.46790380609733e-05
"1132",9.46790380609733e-05
"1133",9.46790380609733e-05
"1134",9.46790380609733e-05
"1135",9.46790380609733e-05
"1136",0.000106860440265014
"1137",9.46790380609733e-05
"1138",0.000100120144173008
"1139",8.9653935807782e-05
"1140",8.9653935807782e-05
"1141",9.50751093363757e-05
"1142",0.000102522042239081
"1143",0.000105887335874629
"1144",8.9653935807782e-05
"1145",8.9653935807782e-05
"1146",8.9653935807782e-05
"1147",0.000110963160230803
"1148",9.1558322651529e-05
"1149",9.1558322651529e-05
"1150",9.1558322651529e-05
"1151",9.1558322651529e-05
"1152",9.1558322651529e-05
"1153",9.1558322651529e-05
"1154",9.1558322651529e-05
"1155",0.000106632544252506
"1156",8.9653935807782e-05
"1157",8.9653935807782e-05
"1158",8.9653935807782e-05
"1159",9.71250971250971e-05
"1160",9.64134207481682e-05
"1161",9.64134207481682e-05
"1162",9.64134207481682e-05
"1163",0.000104777870913663
"1164",9.64134207481682e-05
"1165",0.000101502233049127
"1166",9.8872849515523e-05
"1167",9.64134207481682e-05
"1168",9.64134207481682e-05
"1169",0.000101502233049127
"1170",9.64134207481682e-05
"1171",9.44287063267233e-05
"1172",9.44287063267233e-05
"1173",9.44287063267233e-05
"1174",9.44287063267233e-05
"1175",9.44287063267233e-05
"1176",9.44287063267233e-05
"1177",9.44287063267233e-05
"1178",9.44287063267233e-05
"1179",9.44287063267233e-05
"1180",9.44287063267233e-05
"1181",9.44287063267233e-05
"1182",0.000100361300682457
"1183",9.64134207481682e-05
"1184",9.64134207481682e-05
"1185",9.64134207481682e-05
"1186",9.64134207481682e-05
"1187",9.64134207481682e-05
"1188",9.64134207481682e-05
"1189",9.8872849515523e-05
"1190",0.000104123281965848
"1191",9.64134207481682e-05
"1192",9.64134207481682e-05
"1193",9.64134207481682e-05
"1194",9.64134207481682e-05
"1195",9.97406742469579e-05
"1196",9.44287063267233e-05
"1197",9.44287063267233e-05
"1198",9.44287063267233e-05
"1199",9.44287063267233e-05
"1200",9.44287063267233e-05
"1201",0.000100240577385726
"1202",9.44287063267233e-05
"1203",0.000113507377979569
"1204",9.44287063267233e-05
"1205",0.000113739763421292
"1206",9.44287063267233e-05
"1207",9.06289650172195e-05
"1208",9.8405825624877e-05
"1209",0.000109817702613661
"1210",9.06289650172195e-05
"1211",0.0001194743130227
"1212",0.000113275940190304
"1213",0.000103263114415531
"1214",0.000109601052170101
"1215",0.000103263114415531
"1216",0.000109433136353688
"1217",0.000137892995035852
"1218",0.000122309197651663
"1219",0.00013728720483251
"1220",0.000103263114415531
"1221",0.000103263114415531
"1222",0.000100462125778581
"1223",0.000100462125778581
"1224",0.000108084738434933
"1225",0.000108084738434933
"1226",0.000100462125778581
"1227",0.000124131082423039
"1228",0.000100462125778581
"1229",0.000100462125778581
"1230",0.000120627261761158
"1231",0.000106541657788195
"1232",0.000100462125778581
"1233",0.000100462125778581
"1234",0.000119104335397808
"1235",0.000100462125778581
"1236",0.000133904659882164
"1237",0.000114129194247889
"1238",0.000108412836079792
"1239",0.000138773244518457
"1240",0.000100462125778581
"1241",0.000139198218262806
"1242",0.00012923235978289
"1243",0.000120656370656371
"1244",0.000126646403242148
"1245",0.000100462125778581
"1246",0.000112637981527371
"1247",0.000100462125778581
"1248",0.000127844541038098
"1249",0.000121951219512195
"1250",0.000108412836079792
"1251",0.00010539629005059
"1252",0.000100462125778581
"1253",0.000100462125778581
"1254",0.000117674746999294
"1255",0.000156298843388559
"1256",0.000100462125778581
"1257",0.000122249388753056
"1258",0.000119703136222169
"1259",0.000125722906713603
"1260",0.0001098659635245
"1261",0.000100462125778581
"1262",0.000100462125778581
"1263",0.000100462125778581
"1264",0.000100462125778581
"1265",0.000100462125778581
"1266",0.000100462125778581
"1267",0.000100462125778581
"1268",0.000100462125778581
"1269",0.00010339123242349
"1270",0.000100462125778581
"1271",0.000100462125778581
"1272",0.000123334977799704
"1273",0.000115473441108545
"1274",0.000102061645233721
"1275",0.000131544330439358
"1276",9.0843023255814e-05
"1277",0.000134589502018843
"1278",0.000117288294628196
"1279",0.000131061598951507
"1280",9.8872849515523e-05
"1281",0.000110692937790569
"1282",9.8872849515523e-05
"1283",9.46790380609733e-05
"1284",0.000102165917449939
"1285",0.000104733975701718
"1286",0.000119789171058936
"1287",8.81989768918681e-05
"1288",0.000106678045658204
"1289",0.000128600823045267
"1290",8.92060660124889e-05
"1291",9.64134207481682e-05
"1292",8.92060660124889e-05
"1293",0.000112943302462164
"1294",0.000108766586904503
"1295",0.000102480016396803
"1296",0.000118764845605701
"1297",9.64134207481682e-05
"1298",9.64134207481682e-05
"1299",0.000108412836079792
"1300",0.000120076849183477
"1301",0.000107968041459728
"1302",9.0843023255814e-05
"1303",8.71839581517001e-05
"1304",0.000123183050012318
"1305",9.95817566221868e-05
"1306",0.000107250107250107
"1307",0.000109601052170101
"1308",0.000116740602381508
"1309",0.000111185234600845
"1310",0.000113455865668255
"1311",9.0843023255814e-05
"1312",0.000114836931557189
"1313",0.000117980179329873
"1314",9.98801438274071e-05
"1315",9.75419430355053e-05
"1316",9.46790380609733e-05
"1317",9.46790380609733e-05
"1318",0.000102901831652603
"1319",0.000128733264675592
"1320",9.63762528912876e-05
"1321",8.81989768918681e-05
"1322",9.0843023255814e-05
"1323",0.000103605470368835
"1324",0.000123183050012318
"1325",0.000121506682867558
"1326",0.000104733975701718
"1327",9.46790380609733e-05
"1328",9.64134207481682e-05
"1329",9.64134207481682e-05
"1330",0.000114573785517874
"1331",0.000130753138075314
"1332",0.000124347177319075
"1333",9.8872849515523e-05
"1334",0.000117178345441762
"1335",0.00011368804001819
"1336",0.000110107905747633
"1337",0.000128799587841319
"1338",0.000131995776135164
"1339",0.000102901831652603
"1340",0.000126358352287086
"1341",9.92063492063492e-05
"1342",0.000122189638318671
"1343",0.000121713729308666
"1344",9.44287063267233e-05
"1345",8.92060660124889e-05
"1346",0.000110326566637246
"1347",0.000113869278068777
"1348",0.000102165917449939
"1349",9.64134207481682e-05
"1350",0.00010351966873706
"1351",9.64134207481682e-05
"1352",9.64134207481682e-05
"1353",0.000103842159916926
"1354",0.000121684108055488
"1355",9.44287063267233e-05
"1356",0.000115366866635902
"1357",0.00011839924224485
"1358",0.000129132231404959
"1359",9.8872849515523e-05
"1360",0.000102901831652603
"1361",0.000106860440265014
"1362",8.81989768918681e-05
"1363",0.000112460638776428
"1364",0.000102901831652603
"1365",9.64134207481682e-05
"1366",0.000102165917449939
"1367",8.74278720055954e-05
"1368",0.00012990387113536
"1369",0.000101543460601137
"1370",0.000125502008032129
"1371",0.000131856540084388
"1372",9.8872849515523e-05
"1373",0.00012990387113536
"1374",0.000116171003717472
"1375",0.000122339124051872
"1376",9.64134207481682e-05
"1377",9.80392156862745e-05
"1378",9.92063492063492e-05
"1379",0.000134480903711673
"1380",0.000101978380583316
"1381",8.92060660124889e-05
"1382",0.000144009216589862
"1383",0.000117453605825699
"1384",0.000124968757810547
"1385",0.000117288294628196
"1386",0.000116959064327485
"1387",0.000142938822184105
"1388",8.81989768918681e-05
"1389",9.8872849515523e-05
"1390",0.000124007936507937
"1391",0.000123639960435213
"1392",0.000104931794333683
"1393",0.000120336943441637
"1394",0.000126550240445457
"1395",0.000108601216333623
"1396",0.000113019891500904
"1397",0.000116387337057728
"1398",0.000112511251125113
"1399",0.000122428991185113
"1400",0.000138045278851463
"1401",0.000103434009102193
"1402",9.46790380609733e-05
"1403",8.92060660124889e-05
"1404",0.000123395853899309
"1405",0.000114077116130504
"1406",9.64134207481682e-05
"1407",0.00012929919834497
"1408",0.00013444474321054
"1409",0.000118203309692671
"1410",9.57670944263551e-05
"1411",0.00010351966873706
"1412",0.000125093820365274
"1413",8.71839581517001e-05
"1414",0.000110132158590308
"1415",0.000108248538644728
"1416",0.000118343195266272
"1417",0.000104014978156855
"1418",9.44287063267233e-05
"1419",0.00010183299389002
"1420",0.000127975428717686
"1421",0.000115021854152289
"1422",0.000126806999746386
"1423",9.64134207481682e-05
"1424",0.000101978380583316
"1425",0.000115233924867481
"1426",0.000139664804469274
"1427",8.74278720055954e-05
"1428",9.64134207481682e-05
"1429",8.74278720055954e-05
"1430",9.92063492063492e-05
"1431",9.30405656866394e-05
"1432",0.00010351966873706
"1433",0.000121773015099854
"1434",0.000140924464487035
"1435",0.000101978380583316
"1436",0.000117260787992495
"1437",0.000120048019207683
"1438",0.000116441546343735
"1439",0.000102901831652603
"1440",0.000102901831652603
"1441",9.46790380609733e-05
"1442",9.1558322651529e-05
"1443",9.64134207481682e-05
"1444",0.000105418511490618
"1445",9.46790380609733e-05
"1446",8.71839581517001e-05
"1447",9.46790380609733e-05
"1448",8.74278720055954e-05
"1449",0.000101214574898785
"1450",9.64134207481682e-05
"1451",8.92060660124889e-05
"1452",0.000123793018073781
"1453",0.000116252034410602
"1454",0.000120743781695243
"1455",8.92060660124889e-05
"1456",9.8872849515523e-05
"1457",8.92060660124889e-05
"1458",0.0001057753331923
"1459",9.92063492063492e-05
"1460",9.46790380609733e-05
"1461",8.92060660124889e-05
"1462",0.000111185234600845
"1463",0.000135098621994056
"1464",9.44287063267233e-05
"1465",0.000125376128385155
"1466",9.92063492063492e-05
"1467",9.46790380609733e-05
"1468",9.57670944263551e-05
"1469",9.46790380609733e-05
"1470",9.59508731529457e-05
"1471",0.000108766586904503
"1472",0.000101978380583316
"1473",9.46790380609733e-05
"1474",8.74278720055954e-05
"1475",0.000115127791848952
"1476",9.81546917942678e-05
"1477",0.000114731528223956
"1478",9.64134207481682e-05
"1479",0.000100644122383253
"1480",9.46790380609733e-05
"1481",0.000114103149246919
"1482",9.46790380609733e-05
"1483",9.44287063267233e-05
"1484",0.000114025085518814
"1485",0.000106860440265014
"1486",8.52224305437191e-05
"1487",9.46790380609733e-05
"1488",8.81989768918681e-05
"1489",9.46790380609733e-05
"1490",8.81989768918681e-05
"1491",0.000101978380583316
"1492",0.000115446779034865
"1493",0.000111507582515611
"1494",9.46790380609733e-05
"1495",8.74278720055954e-05
"1496",9.46790380609733e-05
"1497",0.0001001001001001
"1498",0.000118119536971415
"1499",8.81989768918681e-05
"1500",9.46790380609733e-05
"1501",9.46790380609733e-05
"1502",8.52224305437191e-05
"1503",9.44287063267233e-05
"1504",0.000100401606425703
"1505",9.46790380609733e-05
"1506",0.000102901831652603
"1507",8.92060660124889e-05
"1508",9.46790380609733e-05
"1509",8.71839581517001e-05
"1510",8.81989768918681e-05
"1511",9.46790380609733e-05
"1512",0.000122699386503067
"1513",0.000100120144173008
"1514",0.000125470514429109
"1515",9.64134207481682e-05
"1516",9.0843023255814e-05
"1517",0.000106860440265014
"1518",9.64134207481682e-05
"1519",9.44287063267233e-05
"1520",9.46790380609733e-05
"1521",0.000113662195953626
"1522",8.92060660124889e-05
"1523",9.46790380609733e-05
"1524",8.92060660124889e-05
"1525",9.71250971250971e-05
"1526",0.000107158165452207
"1527",8.92060660124889e-05
"1528",0.000121891760117016
"1529",0.000117980179329873
"1530",0.000106860440265014
"1531",9.44287063267233e-05
"1532",0.000101812258195887
"1533",9.52925481227368e-05
"1534",0.000110815602836879
"1535",9.8135426889107e-05
"1536",8.92060660124889e-05
"1537",0.000117868929750118
"1538",9.64134207481682e-05
"1539",9.46790380609733e-05
"1540",0.000123365408339502
"1541",0.000101812258195887
"1542",9.64134207481682e-05
"1543",0.00010183299389002
"1544",8.81989768918681e-05
"1545",0.000119817876827223
"1546",0.000122880314573605
"1547",9.64134207481682e-05
"1548",9.64134207481682e-05
"1549",9.64134207481682e-05
"1550",0.000102901831652603
"1551",0.000138007176373171
"1552",8.81989768918681e-05
"1553",0.0001215953307393
"1554",0.000126039828585833
"1555",9.6749226006192e-05
"1556",9.4876660341556e-05
"1557",9.64134207481682e-05
"1558",9.64134207481682e-05
"1559",0.000120048019207683
"1560",0.000123092072870507
"1561",9.64134207481682e-05
"1562",0.000132485426603074
"1563",0.000113455865668255
"1564",0.000128932439401753
"1565",0.000131995776135164
"1566",9.64134207481682e-05
"1567",0.000123793018073781
"1568",0.000115713955102985
"1569",9.46790380609733e-05
"1570",8.81989768918681e-05
"1571",9.64134207481682e-05
"1572",0.000109146474568871
"1573",0.000102061645233721
"1574",8.92060660124889e-05
"1575",0.000112208258527828
"1576",0.000102627257799672
"1577",0.00010183299389002
"1578",0.000108813928182807
"1579",0.000117591721542803
"1580",9.62093515489706e-05
"1581",0.000112359550561798
"1582",0.000137931034482759
"1583",0.000135906496330525
"1584",0.000131233595800525
"1585",8.92060660124889e-05
"1586",0.000117453605825699
"1587",0.000100542931831892
"1588",8.81989768918681e-05
"1589",0.000116387337057728
"1590",8.74278720055954e-05
"1591",0.00013986013986014
"1592",0.00012569130216189
"1593",0.000102165917449939
"1594",0.000121536217792902
"1595",0.000123639960435213
"1596",0.000130650640188137
"1597",8.74278720055954e-05
"1598",0.000104733975701718
"1599",9.64134207481682e-05
"1600",0.000108295429932857
"1601",0.000102901831652603
"1602",0.000104253544620517
"1603",9.64134207481682e-05
"1604",9.64134207481682e-05
"1605",8.92060660124889e-05
"1606",9.0843023255814e-05
"1607",9.64134207481682e-05
"1608",0.00014585764294049
"1609",0.000142897970848814
"1610",9.64134207481682e-05
"1611",0.000107665805340224
"1612",8.92060660124889e-05
"1613",0.000110815602836879
"1614",0.000118231260345235
"1615",8.81989768918681e-05
"1616",9.1558322651529e-05
"1617",0.000102901831652603
"1618",9.46790380609733e-05
"1619",0.000102901831652603
"1620",0.000106067034365719
"1621",8.74278720055954e-05
"1622",9.57670944263551e-05
"1623",0.000111333778668448
"1624",9.64134207481682e-05
"1625",0.000105887335874629
"1626",0.00010183299389002
"1627",8.92060660124889e-05
"1628",9.46790380609733e-05
"1629",0.000111607142857143
"1630",9.64134207481682e-05
"1631",0.000147797812592374
"1632",0.000119904076738609
"1633",9.1558322651529e-05
"1634",8.92060660124889e-05
"1635",0.000102901831652603
"1636",0.000107250107250107
"1637",9.0843023255814e-05
"1638",0.000105418511490618
"1639",0.000105418511490618
"1640",9.46790380609733e-05
"1641",0.000115500115500115
"1642",9.44287063267233e-05
"1643",8.92060660124889e-05
"1644",0.000101050929668553
"1645",9.0843023255814e-05
"1646",0.000109769484083425
"1647",9.64134207481682e-05
"1648",9.46790380609733e-05
"1649",9.96412913511359e-05
"1650",8.74278720055954e-05
"1651",9.64134207481682e-05
"1652",9.1558322651529e-05
"1653",0.00011059500110595
"1654",0.000124192747143567
"1655",0.000121241513094083
"1656",0.000101214574898785
"1657",8.92060660124889e-05
"1658",0.000110107905747633
"1659",0.000115127791848952
"1660",8.81989768918681e-05
"1661",0.000102901831652603
"1662",0.000114259597806216
"1663",8.92060660124889e-05
"1664",9.64134207481682e-05
"1665",0.00010250102501025
"1666",0.000122970978848992
"1667",9.44287063267233e-05
"1668",8.52224305437191e-05
"1669",0.000107319167203263
"1670",0.000126454223571067
"1671",0.000107596298687325
"1672",0.000102838338132456
"1673",0.000115340253748558
"1674",0.000116252034410602
"1675",0.000105418511490618
"1676",9.46790380609733e-05
"1677",8.81989768918681e-05
"1678",0.000102165917449939
"1679",9.72951936174353e-05
"1680",8.52224305437191e-05
"1681",9.54562810232913e-05
"1682",9.64134207481682e-05
"1683",0.000112561909049978
"1684",0.00010354110581901
"1685",9.64134207481682e-05
"1686",0.000122040517451794
"1687",0.000102165917449939
"1688",0.000102103328568511
"1689",9.46790380609733e-05
"1690",8.71839581517001e-05
"1691",8.71839581517001e-05
"1692",9.64134207481682e-05
"1693",9.92063492063492e-05
"1694",8.92060660124889e-05
"1695",8.92060660124889e-05
"1696",0.000109003706126008
"1697",0.000122609122118686
"1698",9.4876660341556e-05
"1699",0.000116279069767442
"1700",0.000102901831652603
"1701",8.74278720055954e-05
"1702",9.0843023255814e-05
"1703",0.000102901831652603
"1704",0.00010160536476326
"1705",0.000118371212121212
"1706",8.92060660124889e-05
"1707",9.0843023255814e-05
"1708",9.40733772342427e-05
"1709",8.92060660124889e-05
"1710",9.64134207481682e-05
"1711",9.44287063267233e-05
"1712",8.74278720055954e-05
"1713",9.46790380609733e-05
"1714",0.000100120144173008
"1715",0.000105418511490618
"1716",0.000103177878662815
"1717",0.000115127791848952
"1718",8.52224305437191e-05
"1719",0.00010088781275222
"1720",9.64134207481682e-05
"1721",0.000118203309692671
"1722",9.46790380609733e-05
"1723",0.000116849731245618
"1724",9.46790380609733e-05
"1725",0.000112283853581855
"1726",8.92060660124889e-05
"1727",0.000107158165452207
"1728",8.92060660124889e-05
"1729",0.000114311842706904
"1730",9.46790380609733e-05
"1731",9.1558322651529e-05
"1732",9.1558322651529e-05
"1733",8.74278720055954e-05
"1734",9.46790380609733e-05
"1735",0.000100847115772489
"1736",9.1558322651529e-05
"1737",9.64134207481682e-05
"1738",9.64134207481682e-05
"1739",8.81989768918681e-05
"1740",8.74278720055954e-05
"1741",9.0843023255814e-05
"1742",9.64134207481682e-05
"1743",0.000124161907126893
"1744",9.0843023255814e-05
"1745",9.46790380609733e-05
"1746",9.46790380609733e-05
"1747",9.44287063267233e-05
"1748",0.00010972130787799
"1749",0.000112057373375168
"1750",0.000102901831652603
"1751",0.000108412836079792
"1752",0.00010972130787799
"1753",0.000109003706126008
"1754",0.00012758356723654
"1755",0.0001215953307393
"1756",0.0001001001001001
"1757",0.000122100122100122
"1758",9.64134207481682e-05
"1759",9.64134207481682e-05
"1760",8.74278720055954e-05
"1761",0.000102732689541812
"1762",9.96412913511359e-05
"1763",9.6749226006192e-05
"1764",9.4876660341556e-05
"1765",9.46790380609733e-05
"1766",8.81989768918681e-05
"1767",0.000100120144173008
"1768",0.000105418511490618
"1769",9.46790380609733e-05
"1770",9.44287063267233e-05
"1771",9.1558322651529e-05
"1772",0.000108412836079792
"1773",0.000102901831652603
"1774",0.000102165917449939
"1775",8.92060660124889e-05
"1776",9.64134207481682e-05
"1777",8.92060660124889e-05
"1778",9.44287063267233e-05
"1779",9.46790380609733e-05
"1780",9.31098696461825e-05
"1781",8.92060660124889e-05
"1782",0.0001001001001001
"1783",9.46790380609733e-05
"1784",0.000111408199643494
"1785",7.11946461626086e-05
"1786",9.64134207481682e-05
"1787",0.000102901831652603
"1788",9.64134207481682e-05
"1789",0.000109817702613661
"1790",9.55474871010893e-05
"1791",9.4876660341556e-05
"1792",9.46790380609733e-05
"1793",9.46790380609733e-05
"1794",0.000107158165452207
"1795",9.64134207481682e-05
"1796",9.46790380609733e-05
"1797",0.000106860440265014
"1798",8.92060660124889e-05
"1799",0.00010339123242349
"1800",0.00010989010989011
"1801",9.64134207481682e-05
"1802",9.30405656866394e-05
"1803",9.96412913511359e-05
"1804",0.000101812258195887
"1805",9.64134207481682e-05
"1806",9.64134207481682e-05
"1807",0.000100462125778581
"1808",0.000117453605825699
"1809",9.64134207481682e-05
"1810",0.000121065375302663
"1811",9.64134207481682e-05
"1812",0.000110350915912602
"1813",9.46790380609733e-05
"1814",0.000137854976564654
"1815",0.000115313653136531
"1816",9.46790380609733e-05
"1817",9.46790380609733e-05
"1818",9.46790380609733e-05
"1819",9.58037938302357e-05
"1820",0.000102480016396803
"1821",8.92060660124889e-05
"1822",9.0843023255814e-05
"1823",8.74278720055954e-05
"1824",0.000122609122118686
"1825",0.000121980970968529
"1826",0.000108624809906583
"1827",9.46790380609733e-05
"1828",0.00010495382031906
"1829",0.00011384335154827
"1830",8.74278720055954e-05
"1831",0.000118567702157932
"1832",9.64134207481682e-05
"1833",9.92063492063492e-05
"1834",0.000106791969243913
"1835",9.64134207481682e-05
"1836",0.000102901831652603
"1837",0.000106860440265014
"1838",9.46790380609733e-05
"1839",0.000100120144173008
"1840",0.000105887335874629
"1841",9.6749226006192e-05
"1842",0.000101214574898785
"1843",0.000100200400801603
"1844",0.000100462125778581
"1845",9.0843023255814e-05
"1846",0.000116740602381508
"1847",9.64134207481682e-05
"1848",0.000107921433196633
"1849",0.000148676776687481
"1850",9.0843023255814e-05
"1851",9.46790380609733e-05
"1852",9.46790380609733e-05
"1853",9.96412913511359e-05
"1854",9.46790380609733e-05
"1855",9.64134207481682e-05
"1856",8.71839581517001e-05
"1857",8.92060660124889e-05
"1858",9.92063492063492e-05
"1859",0.000109673173941654
"1860",9.64134207481682e-05
"1861",0.000101770812131081
"1862",0.000119789171058936
"1863",8.74278720055954e-05
"1864",9.44287063267233e-05
"1865",9.64134207481682e-05
"1866",0.000102901831652603
"1867",9.64134207481682e-05
"1868",0.000101978380583316
"1869",8.92060660124889e-05
"1870",9.4876660341556e-05
"1871",8.74278720055954e-05
"1872",0.000116686114352392
"1873",0.000116904372223521
"1874",0.000122399020807834
"1875",0.0001220703125
"1876",0.00012156576707999
"1877",0.000116387337057728
"1878",0.000122309197651663
"1879",0.000143430866322433
"1880",0.000122399020807834
"1881",0.000137513751375138
"1882",0.000122399020807834
"1883",0.00013598041881969
"1884",0.00011660447761194
"1885",0.0001220703125
"1886",8.96860986547085e-05
"1887",0.000126742712294043
"1888",0.000122579063495955
"1889",0.000111982082866741
"1890",9.06289650172195e-05
"1891",0.000109553023663453
"1892",0.00011660447761194
"1893",0.00011611704598235
"1894",0.000109625082218812
"1895",0.000122579063495955
"1896",0.000122309197651663
"1897",0.000122309197651663
"1898",0.000115580212667591
"1899",0.00011660447761194
"1900",0.000108601216333623
"1901",0.000108178277801817
"1902",0.000126262626262626
"1903",0.000100502512562814
"1904",9.6024582293067e-05
"1905",0.000115233924867481
"1906",9.06289650172195e-05
"1907",9.06289650172195e-05
"1908",0.000109769484083425
"1909",0.00011660447761194
"1910",0.000114678899082569
"1911",9.06289650172195e-05
"1912",0.000124937531234383
"1913",0.000101812258195887
"1914",8.67152271938952e-05
"1915",8.67152271938952e-05
"1916",8.67152271938952e-05
"1917",0.000118793062485151
"1918",8.67152271938952e-05
"1919",0.000119961612284069
"1920",8.67152271938952e-05
"1921",0.000109649122807018
"1922",9.52925481227368e-05
"1923",0.000121624908781318
"1924",0.000131926121372032
"1925",0.000112714156898106
"1926",0.000109649122807018
"1927",0.000120192307692308
"1928",0.000114181319936058
"1929",0.000103605470368835
"1930",0.000103092783505155
"1931",0.000115553501271089
"1932",0.000108459869848156
"1933",0.000109146474568871
"1934",0.000115767538782125
"1935",0.000121951219512195
"1936",0.000113275940190304
"1937",0.000112233445566779
"1938",9.73141300116777e-05
"1939",0.000109361329833771
"1940",0.000102480016396803
"1941",0.000121951219512195
"1942",0.000122579063495955
"1943",0.000116360251338143
"1944",0.000115366866635902
"1945",0.000121951219512195
"1946",0.000109649122807018
"1947",0.000133832976445396
"1948",0.00011059500110595
"1949",0.000121624908781318
"1950",0.000112208258527828
"1951",0.000120510966497951
"1952",0.000109649122807018
"1953",0.000126422250316056
"1954",0.000111731843575419
"1955",0.000118287201324817
"1956",0.000127129417747267
"1957",0.000110107905747633
"1958",0.000116279069767442
"1959",0.000115366866635902
"1960",0.000103605470368835
"1961",0.000120977498185338
"1962",0.000115366866635902
"1963",0.000106951871657754
"1964",0.000114521300961979
"1965",9.52925481227368e-05
"1966",9.52925481227368e-05
"1967",0.000109649122807018
"1968",9.52925481227368e-05
"1969",9.52925481227368e-05
"1970",0.000112714156898106
"1971",9.52925481227368e-05
"1972",0.000107550010755001
"1973",0.000108459869848156
"1974",0.000109146474568871
"1975",9.52925481227368e-05
"1976",0.000113224637681159
"1977",9.84251968503937e-05
"1978",0.000109553023663453
"1979",0.000114521300961979
"1980",0.000129098889749548
"1981",0.00011039964672113
"1982",0.000102480016396803
"1983",0.00011039964672113
"1984",0.000117536436295252
"1985",0.000110035211267606
"1986",0.000115553501271089
"1987",0.000121951219512195
"1988",9.52925481227368e-05
"1989",0.000141362736782584
"1990",0.0001001001001001
"1991",0.0001001001001001
"1992",0.0001001001001001
"1993",0.0001001001001001
"1994",0.000110864745011086
"1995",0.0001001001001001
"1996",0.000108248538644728
"1997",0.000108248538644728
"1998",0.000105552037154317
"1999",0.0001001001001001
"2000",0.000108248538644728
"2001",0.000109003706126008
"2002",0.000104733975701718
"2003",0.000109217999126256
"2004",0.000105552037154317
"2005",0.000104733975701718
"2006",0.0001001001001001
"2007",0.0001001001001001
"2008",0.000114652602614079
"2009",0.000104733975701718
"2010",0.000121506682867558
"2011",0.000114129194247889
"2012",0.000114757860913473
"2013",0.0001001001001001
"2014",0.000122219506233195
"2015",0.000104733975701718
"2016",0.000108248538644728
"2017",0.000115233924867481
"2018",0.000104733975701718
"2019",0.0001001001001001
"2020",0.000105909764880322
"2021",0.000109217999126256
"2022",0.000108248538644728
"2023",0.0001001001001001
"2024",0.000115233924867481
"2025",0.000114757860913473
"2026",0.000115233924867481
"2027",0.000115233924867481
"2028",0.0001001001001001
"2029",0.0001001001001001
"2030",0.000109793588054458
"2031",0.000108248538644728
"2032",0.000108248538644728
"2033",0.000114364135407136
"2034",0.000108248538644728
"2035",0.000109217999126256
"2036",0.000108248538644728
"2037",0.0001194743130227
"2038",0.0001001001001001
"2039",0.000115794349235757
"2040",0.000104733975701718
"2041",0.000121506682867558
"2042",0.0001057753331923
"2043",0.000115233924867481
"2044",0.000108248538644728
"2045",0.000104733975701718
"2046",0.000119789171058936
"2047",0.000114863312657937
"2048",0.000105552037154317
"2049",0.0001001001001001
"2050",0.000118147448015123
"2051",0.000130412102243088
"2052",0.000108248538644728
"2053",0.000121212121212121
"2054",0.000106723585912487
"2055",0.000113817436831323
"2056",0.000114757860913473
"2057",0.000124409056979348
"2058",0.000109217999126256
"2059",0.0001057753331923
"2060",0.000104733975701718
"2061",0.000108248538644728
"2062",0.000114311842706904
"2063",0.000109217999126256
"2064",0.00011258725512272
"2065",0.000114311842706904
"2066",0.000105909764880322
"2067",0.000108248538644728
"2068",0.0001001001001001
"2069",0.000113999088007296
"2070",0.000104733975701718
"2071",0.000113817436831323
"2072",0.0001051745898191
"2073",0.0001001001001001
"2074",0.000116009280742459
"2075",0.000105552037154317
"2076",0.0001001001001001
"2077",0.000114705207616426
"2078",0.000104733975701718
"2079",0.000108248538644728
"2080",0.000107781849536538
"2081",0.0001001001001001
"2082",0.000108248538644728
"2083",0.000113817436831323
"2084",0.000112157918349035
"2085",0.000104733975701718
"2086",0.000108248538644728
"2087",0.000102145045965271
"2088",0.000111284219897619
"2089",0.0001001001001001
"2090",0.0001001001001001
"2091",0.0001001001001001
"2092",0.000108248538644728
"2093",0.0001001001001001
"2094",0.0001001001001001
"2095",0.0001001001001001
"2096",0.0001001001001001
"2097",0.0001001001001001
"2098",0.000114863312657937
"2099",0.000114311842706904
"2100",0.000104733975701718
"2101",0.000104733975701718
"2102",0.0001001001001001
"2103",0.000111457868925546
"2104",0.0001001001001001
"2105",0.0001001001001001
"2106",0.000120048019207683
"2107",0.0001001001001001
"2108",0.000111086425238836
"2109",0.0001001001001001
"2110",0.000108318890814558
"2111",0.0001057753331923
"2112",0.000101522842639594
"2113",0.0001170138076293
"2114",0.0001001001001001
"2115",0.000104733975701718
"2116",0.000104733975701718
"2117",0.000133654103180968
"2118",0.0001001001001001
"2119",0.000111507582515611
"2120",0.0001001001001001
"2121",0.000108248538644728
"2122",0.000104733975701718
"2123",0.000104733975701718
"2124",0.000111557340473003
"2125",0.0001051745898191
"2126",0.000114337983077979
"2127",0.000101522842639594
"2128",0.000114311842706904
"2129",0.000108248538644728
"2130",0.000102354145342886
"2131",0.000101812258195887
"2132",0.000101812258195887
"2133",0.000101812258195887
"2134",0.000101812258195887
"2135",0.000101812258195887
"2136",0.000109841827768014
"2137",0.000101812258195887
"2138",0.00010727311735679
"2139",0.000105932203389831
"2140",0.000101812258195887
"2141",0.000106928999144568
"2142",0.00010727311735679
"2143",0.000111457868925546
"2144",0.000101812258195887
"2145",0.000101812258195887
"2146",0.00011125945705385
"2147",0.000114442664225223
"2148",0.000106928999144568
"2149",0.000117096018735363
"2150",0.000112435349673937
"2151",0.000111086425238836
"2152",0.000101812258195887
"2153",0.000107319167203263
"2154",0.000116550116550117
"2155",0.000101812258195887
"2156",0.000105932203389831
"2157",0.000104602510460251
"2158",0.000107319167203263
"2159",0.000101812258195887
"2160",0.000101812258195887
"2161",0.000101812258195887
"2162",0.000105932203389831
"2163",0.00011125945705385
"2164",0.00010727311735679
"2165",0.000101812258195887
"2166",0.00010727311735679
"2167",0.000107319167203263
"2168",0.000105932203389831
"2169",0.000120656370656371
"2170",0.000101812258195887
"2171",0.000101812258195887
"2172",0.000115526802218115
"2173",0.000105932203389831
"2174",0.000101812258195887
"2175",0.000105932203389831
"2176",0.000115313653136531
"2177",0.000101812258195887
"2178",0.000109505037231713
"2179",0.000101812258195887
"2180",0.000113791533909877
"2181",0.000101812258195887
"2182",0.000111906893464637
"2183",0.000128865979381443
"2184",0.000101812258195887
"2185",0.000106928999144568
"2186",0.00010727311735679
"2187",0.000113404400090724
"2188",0.000113275940190304
"2189",0.000101812258195887
"2190",0.000141322781232335
"2191",0.000101812258195887
"2192",0.000109051254089422
"2193",0.000101812258195887
"2194",0.000101812258195887
"2195",0.00010727311735679
"2196",0.000108154877784988
"2197",0.000105932203389831
"2198",0.000105932203389831
"2199",0.00011368804001819
"2200",0.000106587081645705
"2201",0.000101812258195887
"2202",0.00010727311735679
"2203",0.000101812258195887
"2204",0.000101812258195887
"2205",0.000112334306897326
"2206",0.000101812258195887
"2207",0.000101812258195887
"2208",0.000107805088400172
"2209",0.000105932203389831
"2210",0.000115313653136531
"2211",0.000109051254089422
"2212",0.00010727311735679
"2213",0.000101812258195887
"2214",0.000101812258195887
"2215",0.00010727311735679
"2216",0.00010315659170621
"2217",0.000109337415263503
"2218",0.000101812258195887
"2219",0.00010727311735679
"2220",0.000135906496330525
"2221",0.00010727311735679
"2222",0.000105932203389831
"2223",0.000111856823266219
"2224",0.000105932203389831
"2225",0.000101812258195887
"2226",0.000105932203389831
"2227",0.000105932203389831
"2228",9.92063492063492e-05
"2229",9.92063492063492e-05
"2230",9.92063492063492e-05
"2231",0.000103241792277514
"2232",9.92063492063492e-05
"2233",9.92063492063492e-05
"2234",9.92063492063492e-05
"2235",9.92063492063492e-05
"2236",0.000108601216333623
"2237",0.000103498240529911
"2238",9.92063492063492e-05
"2239",0.000103498240529911
"2240",9.92063492063492e-05
"2241",0.000108695652173913
"2242",0.000114731528223956
"2243",0.000122759636631476
"2244",0.000104253544620517
"2245",9.92063492063492e-05
"2246",9.92063492063492e-05
"2247",9.92063492063492e-05
"2248",0.000107296137339056
"2249",9.92063492063492e-05
"2250",9.92063492063492e-05
"2251",9.92063492063492e-05
"2252",9.92063492063492e-05
"2253",0.000103498240529911
"2254",9.92063492063492e-05
"2255",0.000104253544620517
"2256",9.92063492063492e-05
"2257",9.92063492063492e-05
"2258",0.000108084738434933
"2259",9.92063492063492e-05
"2260",9.92063492063492e-05
"2261",0.000104253544620517
"2262",9.92063492063492e-05
"2263",9.92063492063492e-05
"2264",9.92063492063492e-05
"2265",0.000103498240529911
"2266",9.92063492063492e-05
"2267",9.92063492063492e-05
"2268",0.000104253544620517
"2269",9.92063492063492e-05
"2270",9.92063492063492e-05
"2271",0.000108861310690181
"2272",9.92063492063492e-05
"2273",9.92063492063492e-05
"2274",9.92063492063492e-05
"2275",9.92063492063492e-05
"2276",9.92063492063492e-05
"2277",9.92063492063492e-05
"2278",0.000110889332446219
"2279",9.92063492063492e-05
"2280",9.92063492063492e-05
"2281",0.000103498240529911
"2282",9.92063492063492e-05
"2283",9.92063492063492e-05
"2284",9.92063492063492e-05
"2285",9.92063492063492e-05
"2286",9.92063492063492e-05
"2287",0.000103498240529911
"2288",9.92063492063492e-05
"2289",9.92063492063492e-05
"2290",0.000103498240529911
"2291",9.92063492063492e-05
"2292",9.92063492063492e-05
"2293",9.92063492063492e-05
"2294",9.92063492063492e-05
"2295",9.92063492063492e-05
"2296",0.000108861310690181
"2297",9.92063492063492e-05
"2298",9.92063492063492e-05
"2299",9.92063492063492e-05
"2300",9.92063492063492e-05
"2301",9.92063492063492e-05
"2302",9.92063492063492e-05
"2303",0.000113045444268596
"2304",0.000108695652173913
"2305",9.92063492063492e-05
"2306",9.92063492063492e-05
"2307",9.92063492063492e-05
"2308",9.92063492063492e-05
"2309",9.92063492063492e-05
"2310",9.92063492063492e-05
"2311",9.92063492063492e-05
"2312",9.92063492063492e-05
"2313",9.92063492063492e-05
"2314",9.92063492063492e-05
"2315",9.92063492063492e-05
"2316",9.92063492063492e-05
"2317",9.92063492063492e-05
"2318",9.92063492063492e-05
"2319",9.92063492063492e-05
"2320",9.92063492063492e-05
"2321",9.92063492063492e-05
"2322",9.92063492063492e-05
"2323",9.92063492063492e-05
"2324",9.92063492063492e-05
"2325",9.92063492063492e-05
"2326",9.92063492063492e-05
"2327",9.92063492063492e-05
"2328",0.000103498240529911
"2329",0.000103498240529911
"2330",0.000103498240529911
"2331",9.60799385088394e-05
"2332",0.000103050288540808
"2333",9.99800039992002e-05
"2334",9.60799385088394e-05
"2335",0.000103885310617079
"2336",9.60799385088394e-05
"2337",9.84445757038787e-05
"2338",9.60799385088394e-05
"2339",9.60799385088394e-05
"2340",9.60799385088394e-05
"2341",0.000100664384940608
"2342",9.60799385088394e-05
"2343",9.60799385088394e-05
"2344",0.000114442664225223
"2345",0.000102480016396803
"2346",9.60799385088394e-05
"2347",9.60799385088394e-05
"2348",9.60799385088394e-05
"2349",9.60799385088394e-05
"2350",9.60799385088394e-05
"2351",9.60799385088394e-05
"2352",9.99800039992002e-05
"2353",9.60799385088394e-05
"2354",0.000107921433196633
"2355",9.60799385088394e-05
"2356",9.60799385088394e-05
"2357",0.000108084738434933
"2358",9.60799385088394e-05
"2359",9.60799385088394e-05
"2360",0.000106928999144568
"2361",9.60799385088394e-05
"2362",9.99800039992002e-05
"2363",9.60799385088394e-05
"2364",9.60799385088394e-05
"2365",9.60799385088394e-05
"2366",0.000108084738434933
"2367",9.60799385088394e-05
"2368",9.84445757038787e-05
"2369",0.000107921433196633
"2370",9.60799385088394e-05
"2371",9.84445757038787e-05
"2372",9.60799385088394e-05
"2373",0.000107921433196633
"2374",0.000108084738434933
"2375",9.89511181476351e-05
"2376",9.60799385088394e-05
"2377",0.000113327289211242
"2378",9.60799385088394e-05
"2379",9.60799385088394e-05
"2380",9.60799385088394e-05
"2381",9.60799385088394e-05
"2382",9.60799385088394e-05
"2383",9.60799385088394e-05
"2384",9.60799385088394e-05
"2385",9.60799385088394e-05
"2386",9.60799385088394e-05
"2387",9.60799385088394e-05
"2388",0.000107135204628241
"2389",0.000108084738434933
"2390",9.60799385088394e-05
"2391",9.60799385088394e-05
"2392",9.60799385088394e-05
"2393",0.000112233445566779
"2394",9.60799385088394e-05
"2395",9.60799385088394e-05
"2396",9.60799385088394e-05
"2397",0.000107921433196633
"2398",9.60799385088394e-05
"2399",9.60799385088394e-05
"2400",9.60799385088394e-05
"2401",0.000102606197414324
"2402",9.60799385088394e-05
"2403",0.000108084738434933
"2404",9.60799385088394e-05
"2405",9.60799385088394e-05
"2406",0.000100462125778581
"2407",0.000102061645233721
"2408",0.000100462125778581
"2409",0.000100462125778581
"2410",0.000108412836079792
"2411",0.00010307153164296
"2412",0.000100462125778581
"2413",0.000100462125778581
"2414",0.000100462125778581
"2415",0.000100462125778581
"2416",0.000100462125778581
"2417",0.000100462125778581
"2418",0.000100462125778581
"2419",0.000100462125778581
"2420",0.000100462125778581
"2421",0.000100462125778581
"2422",0.00010307153164296
"2423",0.000100462125778581
"2424",0.000100462125778581
"2425",0.000100462125778581
"2426",0.000100462125778581
"2427",0.000100462125778581
"2428",0.000100462125778581
"2429",0.000106541657788195
"2430",0.000100462125778581
"2431",0.000109529025191676
"2432",0.00010801468999784
"2433",9.58037938302357e-05
"2434",0.000113250283125708
"2435",9.86582478295185e-05
"2436",9.86971969996052e-05
"2437",9.58037938302357e-05
"2438",0.000100200400801603
"2439",9.58037938302357e-05
"2440",9.86582478295185e-05
"2441",9.86582478295185e-05
"2442",9.58037938302357e-05
"2443",0.000100200400801603
"2444",9.58037938302357e-05
"2445",0.000102817191034341
"2446",0.000100361300682457
"2447",9.86582478295185e-05
"2448",9.58037938302357e-05
"2449",9.58037938302357e-05
"2450",9.86582478295185e-05
"2451",9.58037938302357e-05
"2452",9.8135426889107e-05
"2453",0.000106883283454468
"2454",0.000103434009102193
"2455",0.00010088781275222
"2456",9.58037938302357e-05
"2457",0.000101688021151108
"2458",0.000106883283454468
"2459",9.58037938302357e-05
"2460",0.000105708245243129
"2461",9.58037938302357e-05
"2462",0.000100200400801603
"2463",0.000111632060727841
"2464",0.000108108108108108
"2465",9.77899471934285e-05
"2466",0.000103305785123967
"2467",0.000108108108108108
"2468",0.000100200400801603
"2469",0.000100200400801603
"2470",0.000101874490627547
"2471",9.8135426889107e-05
"2472",9.58037938302357e-05
"2473",9.58037938302357e-05
"2474",0.000110840168477056
"2475",0.000100200400801603
"2476",0.000100200400801603
"2477",9.58037938302357e-05
"2478",9.58037938302357e-05
"2479",0.000101874490627547
"2480",0.000100200400801603
"2481",0.000105440742302826
"2482",0.00010535187526338
"2483",9.8135426889107e-05
"2484",9.77135040062537e-05
"2485",9.58037938302357e-05
"2486",0.000103434009102193
"2487",9.86582478295185e-05
"2488",0.000103434009102193
"2489",9.54562810232913e-05
"2490",9.54562810232913e-05
"2491",9.54562810232913e-05
"2492",9.54562810232913e-05
"2493",9.54562810232913e-05
"2494",9.54562810232913e-05
"2495",9.54562810232913e-05
"2496",9.54562810232913e-05
"2497",9.54562810232913e-05
"2498",9.54562810232913e-05
"2499",9.54562810232913e-05
"2500",0.000103476821192053
"2501",0.000102796052631579
"2502",9.51474785918173e-05
"2503",0.000101050929668553
"2504",9.70308558121483e-05
"2505",0.000101050929668553
"2506",9.51474785918173e-05
"2507",0.000102838338132456
"2508",9.51474785918173e-05
"2509",0.000101050929668553
"2510",9.51474785918173e-05
"2511",0.000102796052631579
"2512",9.51474785918173e-05
"2513",9.75419430355053e-05
"2514",9.51474785918173e-05
"2515",0.000107805088400172
"2516",9.51474785918173e-05
"2517",9.51474785918173e-05
"2518",9.51474785918173e-05
"2519",9.75419430355053e-05
"2520",9.51474785918173e-05
"2521",9.51474785918173e-05
"2522",9.51474785918173e-05
"2523",9.70308558121483e-05
"2524",9.51474785918173e-05
"2525",9.51474785918173e-05
"2526",9.51474785918173e-05
"2527",9.51474785918173e-05
"2528",9.51474785918173e-05
"2529",9.75419430355053e-05
"2530",9.51474785918173e-05
"2531",9.51474785918173e-05
"2532",9.8173964264677e-05
"2533",9.2747171211278e-05
"2534",9.2747171211278e-05
"2535",9.2747171211278e-05
"2536",9.2747171211278e-05
"2537",9.2747171211278e-05
"2538",9.57487552661815e-05
"2539",9.2747171211278e-05
"2540",9.2747171211278e-05
"2541",9.2747171211278e-05
"2542",9.2747171211278e-05
"2543",9.2747171211278e-05
"2544",9.2747171211278e-05
"2545",9.2747171211278e-05
"2546",9.2747171211278e-05
"2547",9.2747171211278e-05
"2548",9.2747171211278e-05
"2549",0.000104799832320268
"2550",9.30232558139535e-05
"2551",0.00010351966873706
"2552",9.30232558139535e-05
"2553",9.30232558139535e-05
"2554",9.30232558139535e-05
"2555",9.30232558139535e-05
"2556",9.30232558139535e-05
"2557",9.30232558139535e-05
"2558",9.30232558139535e-05
"2559",9.30232558139535e-05
"2560",9.71250971250971e-05
"2561",9.71250971250971e-05
"2562",9.30232558139535e-05
"2563",9.71250971250971e-05
"2564",9.71250971250971e-05
"2565",9.30232558139535e-05
"2566",9.30232558139535e-05
"2567",9.71250971250971e-05
"2568",9.30232558139535e-05
"2569",9.96611520829181e-05
"2570",9.30232558139535e-05
"2571",9.30232558139535e-05
"2572",9.71250971250971e-05
"2573",9.30232558139535e-05
"2574",9.71250971250971e-05
"2575",9.30232558139535e-05
"2576",9.30232558139535e-05
"2577",9.71250971250971e-05
"2578",9.71250971250971e-05
"2579",9.30232558139535e-05
"2580",0.000109265734265734
"2581",0.000109265734265734
"2582",9.30232558139535e-05
"2583",9.30232558139535e-05
"2584",9.30232558139535e-05
"2585",9.30232558139535e-05
"2586",9.71250971250971e-05
"2587",9.57670944263551e-05
"2588",9.57670944263551e-05
"2589",9.57670944263551e-05
"2590",9.57670944263551e-05
"2591",0.00010339123242349
"2592",9.57670944263551e-05
"2593",9.57670944263551e-05
"2594",9.57670944263551e-05
"2595",9.57670944263551e-05
"2596",9.57670944263551e-05
"2597",9.57670944263551e-05
"2598",9.57670944263551e-05
"2599",0.00010339123242349
"2600",9.57670944263551e-05
"2601",9.57670944263551e-05
"2602",9.57670944263551e-05
"2603",9.57670944263551e-05
"2604",9.57670944263551e-05
"2605",9.57670944263551e-05
"2606",9.57670944263551e-05
"2607",9.57670944263551e-05
"2608",9.57670944263551e-05
"2609",9.57670944263551e-05
"2610",9.57670944263551e-05
"2611",9.57670944263551e-05
"2612",9.15750915750916e-05
"2613",9.15750915750916e-05
"2614",9.4876660341556e-05
"2615",9.4876660341556e-05
"2616",9.4876660341556e-05
"2617",9.4876660341556e-05
"2618",9.4876660341556e-05
"2619",9.4876660341556e-05
"2620",9.4876660341556e-05
"2621",9.4876660341556e-05
"2622",9.4876660341556e-05
"2623",9.4876660341556e-05
"2624",9.4876660341556e-05
"2625",9.4876660341556e-05
"2626",9.4876660341556e-05
"2627",9.4876660341556e-05
"2628",9.4876660341556e-05
"2629",9.4876660341556e-05
"2630",9.4876660341556e-05
"2631",9.4876660341556e-05
"2632",9.4876660341556e-05
"2633",9.4876660341556e-05
"2634",9.4876660341556e-05
"2635",9.4876660341556e-05
"2636",9.4876660341556e-05
"2637",0.000107411385606874
"2638",9.4876660341556e-05
"2639",9.4876660341556e-05
"2640",9.4876660341556e-05
"2641",9.4876660341556e-05
"2642",9.4876660341556e-05
"2643",9.4876660341556e-05
"2644",9.4876660341556e-05
"2645",9.4876660341556e-05
"2646",9.4876660341556e-05
"2647",9.4876660341556e-05
"2648",9.4876660341556e-05
"2649",9.4876660341556e-05
"2650",9.4876660341556e-05
"2651",9.4876660341556e-05
"2652",9.4876660341556e-05
"2653",9.4876660341556e-05
"2654",9.4876660341556e-05
"2655",9.4876660341556e-05
"2656",9.4876660341556e-05
"2657",9.4876660341556e-05
"2658",9.4876660341556e-05
"2659",9.4876660341556e-05
"2660",9.4876660341556e-05
"2661",9.4876660341556e-05
"2662",9.4876660341556e-05
"2663",9.4876660341556e-05
"2664",9.4876660341556e-05
"2665",9.4876660341556e-05
"2666",9.4876660341556e-05
"2667",9.4876660341556e-05
"2668",9.4876660341556e-05
"2669",9.4876660341556e-05
"2670",9.4876660341556e-05
"2671",9.4876660341556e-05
"2672",9.4876660341556e-05
"2673",9.4876660341556e-05
"2674",9.4876660341556e-05
"2675",9.4876660341556e-05
"2676",0.000101729399796541
"2677",9.4876660341556e-05
"2678",9.4876660341556e-05
"2679",9.4876660341556e-05
"2680",9.4876660341556e-05
"2681",9.4876660341556e-05
"2682",9.4876660341556e-05
"2683",9.4876660341556e-05
"2684",9.4876660341556e-05
"2685",0.000102165917449939
"2686",0.000102165917449939
"2687",0.000102165917449939
"2688",0.000102165917449939
"2689",0.000102165917449939
"2690",0.000102165917449939
"2691",0.000102165917449939
"2692",0.000102165917449939
"2693",0.000102165917449939
"2694",0.000102165917449939
"2695",0.000102165917449939
"2696",0.000102165917449939
"2697",0.000102165917449939
"2698",0.000102165917449939
"2699",0.000102165917449939
"2700",0.000102165917449939
"2701",0.000102165917449939
"2702",0.000102165917449939
"2703",0.000102165917449939
"2704",0.000102165917449939
"2705",0.000102165917449939
"2706",0.000102165917449939
"2707",0.000102165917449939
"2708",0.000102165917449939
"2709",0.000102165917449939
"2710",0.000102165917449939
"2711",0.000102165917449939
"2712",0.000102165917449939
"2713",0.000102165917449939
"2714",0.000102165917449939
"2715",0.000102165917449939
"2716",0.000102165917449939
"2717",0.000102165917449939
"2718",0.000102165917449939
"2719",0.000102165917449939
"2720",0.000102165917449939
"2721",0.000102165917449939
"2722",0.000102165917449939
"2723",0.000102165917449939
"2724",9.6749226006192e-05
"2725",9.6749226006192e-05
"2726",9.6749226006192e-05
"2727",9.6749226006192e-05
"2728",9.6749226006192e-05
"2729",9.6749226006192e-05
"2730",9.93640699523053e-05
"2731",9.93640699523053e-05
"2732",9.6749226006192e-05
"2733",9.6749226006192e-05
"2734",9.6749226006192e-05
"2735",9.6749226006192e-05
"2736",9.6749226006192e-05
"2737",9.93640699523053e-05
"2738",9.6749226006192e-05
"2739",9.6749226006192e-05
"2740",9.6749226006192e-05
"2741",9.6749226006192e-05
"2742",9.6749226006192e-05
"2743",9.93640699523053e-05
"2744",9.6749226006192e-05
"2745",9.31098696461825e-05
"2746",9.31098696461825e-05
"2747",9.31098696461825e-05
"2748",9.31098696461825e-05
"2749",9.31098696461825e-05
"2750",9.31098696461825e-05
"2751",9.31098696461825e-05
"2752",0.000120206755619666
"2753",0.000123076923076923
"2754",0.0001308386759126
"2755",0.000131354262445816
"2756",0.000129617627997408
"2757",0.000125203455615375
"2758",0.00012911555842479
"2759",0.000132608407373027
"2760",0.00012586532410321
"2761",0.000125707102451288
"2762",8.60659264996988e-05
"2763",0.00013197835554969
"2764",0.000128287363694676
"2765",0.000115273775216138
"2766",9.64599209028648e-05
"2767",0.000107146683810136
"2768",0.000114982177762447
"2769",0.000117054898747513
"2770",0.000120033609410635
"2771",0.000121550990640574
"2772",0.000128749839062701
"2773",0.000121373953149654
"2774",0.000116292592161879
"2775",0.000139684313451599
"2776",0.000129886998311469
"2777",0.000117467402795724
"2778",0.00011650937900501
"2779",0.000121758188238159
"2780",0.000119631534872592
"2781",0.000121995852141027
"2782",0.00011900511722004
"2783",0.000123046634674542
"2784",0.000123350191192796
"2785",0.000130191381330556
"2786",0.00011883541295306
"2787",0.000116699731590617
"2788",0.000143000143000143
"2789",0.000137268359643102
"2790",0.000138985406532314
"2791",0.000114455762847659
"2792",0.000130770236694128
"2793",0.000142308239647076
"2794",0.000119688809096349
"2795",0.000115700566932778
"2796",0.000111869336614834
"2797",8.88809883565905e-05
