"","influenza_hub"
"1",0.00851992355013492
"2",0.00134908227319092
"3",0.000702255802100966
"4",0.00690044591142687
"5",0.00450303872577788
"6",0.00450303872577788
"7",0.000694175263958589
"8",0.00932910187039785
"9",0.000383932530227403
"10",0.00473608102712879
"11",0.00543025629108738
"12",0.00306139573959045
"13",0.00127674359656129
"14",0.000694175263958589
"15",0.00216996014742777
"16",0.000383932530227403
"17",0.000694175263958589
"18",0.0139567398696504
"19",0.00184819826520252
"20",0.00262049785195232
"21",0.00329737032544694
"22",0.00171011241014243
"23",0.000383932530227403
"24",0.00862697678523239
"25",0.00184819826520252
"26",0.00423779267206947
"27",0.0129404250732343
"28",0.000462041018645064
"29",0.00101593714618384
"30",0.0021227090859576
"31",0.00101593714618384
"32",0.00443299494112905
"33",0.000694175263958589
"34",0.00801458112332466
"35",0.00115402300124393
"36",0.000694175263958589
"37",0.00650946113812317
"38",0.00286413541138636
"39",0.000383932530227403
"40",0.00101593714618384
"41",0.00101593714618384
"42",0.000260806450377448
"43",0.000383932530227403
"44",0.000383932530227403
"45",0.00178015619479126
"46",0.00210900471557997
"47",0.000383932530227403
"48",0.00373073913902808
"49",0.00115402300124393
"50",0.000260806450377448
"51",0.00115402300124393
"52",0.000383932530227403
"53",0.00448240854700862
"54",0.000383932530227403
"55",0.00115402300124393
"56",0.00796857832543517
"57",0.0128904924112237
"58",0.00740513451983044
"59",0.0118219631587655
"60",0.00081390807932154
"61",0.00307150028454874
"62",0.0078573729534983
"63",0.000672692739201057
"64",0.000672692739201057
"65",0.000672692739201057
"66",0.000672692739201057
"67",0.0197614673035936
"68",0.00349309758415586
"69",0.0163020252217047
"70",0.000383932530227403
"71",0.000788239931622962
"72",0.000459076380742418
"73",0.000459076380742418
"74",0.000459076380742418
"75",0.0180146980513978
"76",0.000694175263958589
"77",0.0166796830782369
"78",0.000565365613298968
"79",0.0169368584487601
"80",0.00113176911994348
"81",0.00985959434532507
"82",0.000490221762783952
"83",0.000490221762783952
"84",0.000490221762783952
"85",0.00116291450198501
"86",0.00116291450198501
"87",0.00116291450198501
"88",0.00123805835250002
"89",0.00116291450198501
"90",0.00118439702674254
"91",0.000490221762783952
"92",0.00127419074668733
"93",0.00331046479854426
"94",0.00818441090163482
"95",0.00101593714618384
"96",0.00127419074668733
"97",0.00127419074668733
"98",0.00178442168200922
"99",0.00101593714618384
"100",0.0162874734323538
"101",0.00127419074668733
"102",0.0172596985609656
"103",0.0102480316331333
"104",0.00178442168200922
"105",0.00152616808150573
"106",0.00152616808150573
"107",0.00152616808150573
"108",0.00127419074668733
"109",0.00152616808150573
"110",0.00340776168887636
"111",0.00178442168200922
"112",0.00178442168200922
"113",0.0117672153805689
"114",0.00152616808150573
"115",0.000896875204553334
"116",0.000510230935321895
"117",0.00745998633424915
"118",0.000449679708657868
"119",0.0151122686769892
"120",0.000896875204553334
"121",0.00091722367803727
"122",0.000510230935321895
"123",0.000510230935321895
"124",0.000510230935321895
"125",0.000510230935321895
"126",0.000510230935321895
"127",0.000524823559172884
"128",0.000510230935321895
"129",0.000510230935321895
"130",0.000510230935321895
"131",0.000510230935321895
"132",0.000510230935321895
"133",0.00143289152450285
"134",0.00297878045080666
"135",0.00122303808191398
"136",0.000383932530227403
"137",0.00857297576529233
"138",0.019305101187103
"139",0.0159461012561572
"140",0.0109989558095444
"141",0.0133302214543293
"142",0.00383930230043802
"143",0.00733368792915466
"144",0.00101593714618384
"145",0.00229717669098303
"146",0.000383932530227403
"147",0.00101593714618384
"148",0.00101593714618384
"149",0.00447527457675134
"150",0.00127419074668733
"151",0.00115402300124393
"152",0.000694175263958589
"153",0.000702255802100966
"154",0.00115402300124393
"155",0.00303656387506949
"156",0.00574827602417145
"157",0.000383932530227403
"158",7.00437846488321e-05
"159",0.00200078028802542
"160",0.000383932530227403
"161",0.00394912438680622
"162",0.000383932530227403
"163",0.000702255802100966
"164",7.00437846488321e-05
"165",0.000383932530227403
"166",0.000694175263958589
"167",0.000383932530227403
"168",0.00303656387506949
"169",0.00115402300124393
"170",0.00303656387506949
"171",0.00101593714618384
"172",0.000449679708657868
"173",0.00141482945162138
"174",0.000383932530227403
"175",0.00115402300124393
"176",0.00381175195358135
"177",0.00146166711037639
"178",2.29564086945409e-05
"179",0.00230612256241511
"180",0.0109688603335227
"181",0.0091898688990066
"182",0.00311467025205257
"183",0.00753926841958919
"184",0.0161733842156915
"185",0.00464936403806224
"186",0.00251606151274266
"187",0.0136419418401657
"188",0.0150385911733873
"189",0.0116224363621119
"190",0.00463950052368242
"191",0.00101593714618384
"192",0.015336679768708
"193",0.00429726865744999
"194",0.00127419074668733
"195",0.0137879956410578
"196",0.00999170378692874
"197",0.0130662664309815
"198",0.0135635993012001
"199",0.0159662727975093
"200",0.0136419418401657
"201",0.00184733066320042
"202",0.0148223989413441
"203",0.0159662727975093
"204",0.0164442558294247
"205",0.0101536938834305
"206",0.0145275620958275
"207",0.0156431123587257
"208",0.0137440448555466
"209",0.0150385911733873
"210",0.0157172067208136
"211",0.00127419074668733
"212",0.0163895764477347
"213",0.0140462492415613
"214",0.00341305688977284
"215",0.0147594519070031
"216",0.0125192492792531
"217",0.00644563823370563
"218",0.00164218189337876
"219",0.010026271270374
"220",0.0147568163088335
"221",0.0148707264824401
"222",0.00863838528431215
"223",0.00308251396671016
"224",0.00164908375654602
"225",0.0173701670298453
"226",0.0152660969730717
"227",0.0163895764477347
"228",0.0152968447738908
"229",0.0149282646282145
"230",0.0113461710062158
"231",0.0163895764477347
"232",0.0079656925451111
"233",0.0125341360894332
"234",0.00133325470166595
"235",0.00814756536309082
"236",0.0134529281587737
"237",0.00910432880731399
"238",0.0111470836347228
"239",0.00244221498431574
"240",0.00101593714618384
"241",0.0154618948236126
"242",0.0172176371925053
"243",0.0145601927155809
"244",0.00143289152450285
"245",0.0166685285996103
"246",0.0153292590512703
"247",0.00117463792399936
"248",0.0160407484433491
"249",0.014454702299297
"250",0.0151410279494313
"251",0.0165781413102368
"252",0.00341954800319918
"253",0.0132917418178238
"254",0.0161667253493913
"255",0.0163790612870952
"256",0.0149247407246642
"257",0.0106209017379149
"258",0.0162017000463215
"259",0.0159855078142783
"260",0.00870026017385764
"261",0.015562204164053
"262",0.000506860109926164
"263",0.0121210261044737
"264",0.0121210261044737
"265",0.000290667877882989
"266",0.0159855078142783
"267",0.00745661550885342
"268",0.0170014449604622
"269",0.0145467971125965
"270",0.0161667253493913
"271",0.000506860109926164
"272",0.0139571465733118
"273",0.0149725224721149
"274",0.0126626154533304
"275",0.015743421699166
"276",0.00125136439499602
"277",0.0135597368061556
"278",0.0151931260624697
"279",0.000506860109926164
"280",0.0161667253493913
"281",0.00336216816243173
"282",0.015562204164053
"283",0.000506860109926164
"284",0.0152060288322783
"285",0.0162219659784621
"286",0.011873552894616
"287",0.020299392257971
"288",0.0121210261044737
"289",0.000506860109926164
"290",0.0093812177511393
"291",0.00214694668122789
"292",0.015562204164053
"293",0.0140620797974941
"294",0.0160407484433491
"295",0.0147596906749423
"296",0.000506860109926164
"297",0.0160223269430433
"298",0.000290667877882989
"299",0.000506860109926164
"300",0.015562204164053
"301",0.000506860109926164
"302",0.0161667253493913
"303",0.015562204164053
"304",0.0117078457276714
"305",0.0138675396916406
"306",0.0157500805654661
"307",0.00105786589767894
"308",0.00101593714618384
"309",0.00802485272160017
"310",0.00350399721548768
"311",0.00250420146526595
"312",0.00251606151274266
"313",0.0130923375203825
"314",0.0163895764477347
"315",0.00107648837284786
"316",0.0028984780200094
"317",0.00320409117735628
"318",0.000216192232043174
"319",0.000216192232043174
"320",0.000633146610362184
"321",0.0155930356176876
"322",0.000216192232043174
"323",0.0182888358305913
"324",0.00730732802518104
"325",0.0017181929482848
"326",0.00384775339021922
"327",0.00398113600375236
"328",0.0164544238580522
"329",0.0110870152255727
"330",0.0079656925451111
"331",0.0127156281505748
"332",0.00101593714618384
"333",0.00101593714618384
"334",0.00233014511382784
"335",0.0168460769548926
"336",0.00101593714618384
"337",0.00637994354910004
"338",0.0014779781648289
"339",0.0077692651684232
"340",0.00946581691166992
"341",0.0141137468720154
"342",0.00101593714618384
"343",0.00300576566767276
"344",0.00101593714618384
"345",0.00313937615712359
"346",0.015650009992965
"347",0.00148348111556324
"348",0.0079656925451111
"349",0.00103742503223667
"350",0.00987012431306548
"351",0.014252142978187
"352",0.0181629362270445
"353",0.00584225353417134
"354",0.00721720207547337
"355",0.00556688499976341
"356",0.00127419074668733
"357",0.00946581691166992
"358",0.0079656925451111
"359",0.00934064108641312
"360",0.00148348111556324
"361",0.00344344598882366
"362",0.00101593714618384
"363",0.00787668610308381
"364",0.00101593714618384
"365",0.00494357035538248
"366",0.00362486660980999
"367",0.0113929324213247
"368",0.0111726601644567
"369",0.00101593714618384
"370",0.00380138896076296
"371",0.00965748975732797
"372",0.0004272638100901
"373",0.0004272638100901
"374",7.51438505150157e-05
"375",7.51438505150157e-05
"376",7.51438505150157e-05
"377",7.51438505150157e-05
"378",7.51438505150157e-05
"379",0.0150718666387521
"380",0.000672692739201057
"381",0.000672692739201057
"382",0.000383932530227403
"383",0.000694175263958589
"384",0.000694175263958589
"385",7.51438505150157e-05
"386",7.51438505150157e-05
"387",0.00195529625379365
"388",0.000490221762783952
"389",0.0107369336815385
"390",0.0106627908462118
"391",0.00116291450198501
"392",0.00512559955568693
"393",0.000490221762783952
"394",0.00127419074668733
"395",0.00127419074668733
"396",0.00152390156744815
"397",0.00424068895121303
"398",0.00294513263350196
"399",0.00101593714618384
"400",0.00853624565630921
"401",0.00101593714618384
"402",0.00178442168200922
"403",0.00390786069294897
"404",0.00146561685484171
"405",0.00107648837284786
"406",0.00152616808150573
"407",0.000258253600503488
"408",0.000510230935321895
"409",0.000510230935321895
"410",0.000510230935321895
"411",0.00634255318903017
"412",0.00140626827859837
"413",0.00604858684798952
"414",0.00659492945193017
"415",0.00188254087382556
"416",0.00188254087382556
"417",0.00188254087382556
"418",0.00188254087382556
"419",0.00188254087382556
"420",0.00188254087382556
"421",0.00466384462209116
"422",0.00188254087382556
"423",0.00188254087382556
"424",0.00188254087382556
"425",0.00188254087382556
"426",0.00188254087382556
"427",0.00188254087382556
"428",0.00188254087382556
"429",0.00188254087382556
"430",0.0168467140795616
"431",0.00188254087382556
"432",0.00188254087382556
"433",0.00188254087382556
"434",0.00188254087382556
"435",0.00188254087382556
"436",0.00188254087382556
"437",0.00188254087382556
"438",0.00188254087382556
"439",0.00188254087382556
"440",0.00188254087382556
"441",0.00188254087382556
"442",0.00188254087382556
"443",0.00188254087382556
"444",0.00188254087382556
"445",0.00188254087382556
"446",0.00188254087382556
"447",0.00188254087382556
"448",0.00188254087382556
"449",0.00188254087382556
"450",0.00188254087382556
"451",0.00188254087382556
"452",0.00188254087382556
"453",0.00188254087382556
"454",0.00188254087382556
"455",0.00188254087382556
"456",0.00188254087382556
"457",0.00188254087382556
"458",0.00188254087382556
"459",0.00188254087382556
"460",0.00188254087382556
"461",0.0178595635500123
"462",0.00188254087382556
"463",0.0102973707637625
"464",0.00838660649105992
"465",0.0141947155698365
"466",0.00271886485171487
"467",0.0128934915197478
"468",0.00498274245566644
"469",0.00188254087382556
"470",0.00188254087382556
"471",0.0158760574715084
"472",0.00188254087382556
"473",0.00188254087382556
"474",0.00194309210048959
"475",0.0118177336019173
"476",0.0149153609543953
"477",0.0151574470695077
"478",0.00188254087382556
"479",0.00188254087382556
"480",0.00188254087382556
"481",0.00188254087382556
"482",0.00188254087382556
"483",0.00207423492451597
"484",0.0171216580552247
"485",0.0139067117919245
"486",0.00188254087382556
"487",0.00188254087382556
"488",0.00188254087382556
"489",0.00188254087382556
"490",0.00188254087382556
"491",0.00188254087382556
"492",0.00188254087382556
"493",0.00188254087382556
"494",0.00188254087382556
"495",0.00188254087382556
"496",0.00188254087382556
"497",0.00188254087382556
"498",0.00188254087382556
"499",0.00188254087382556
"500",0.00188254087382556
"501",0.00188254087382556
"502",0.00188254087382556
"503",0.00188254087382556
"504",0.00188254087382556
"505",0.00188254087382556
"506",0.00188254087382556
"507",0.00188254087382556
"508",0.00188254087382556
"509",0.00188254087382556
"510",0.00285122695853922
"511",0.00188254087382556
"512",0.00188254087382556
"513",0.00188254087382556
"514",0.00188254087382556
"515",0.00188254087382556
"516",0.00188254087382556
"517",0.00188254087382556
"518",0.00188254087382556
"519",0.00188254087382556
"520",0.00188254087382556
"521",0.00188254087382556
"522",0.00226647340405296
"523",0.00188254087382556
"524",0.00188254087382556
"525",0.00188254087382556
"526",0.00188254087382556
"527",0.00188254087382556
"528",0.00188254087382556
"529",0.00188254087382556
"530",0.00188254087382556
"531",0.00188254087382556
"532",0.00188254087382556
"533",0.00188254087382556
"534",0.00188254087382556
"535",0.00188254087382556
"536",0.00188254087382556
"537",0.00188254087382556
"538",0.00188254087382556
"539",0.00188254087382556
"540",0.00188254087382556
"541",0.00338266524038438
"542",0.00258479667592652
"543",0.00188254087382556
"544",0.00188254087382556
"545",0.00188254087382556
"546",0.016103696957709
"547",0.014453196919024
"548",0.00188254087382556
"549",0.0134501634466593
"550",0.00188254087382556
"551",0.0115360704712888
"552",0.00188254087382556
"553",0.00188254087382556
"554",0.0158760574715084
"555",0.00188254087382556
"556",0.00188254087382556
"557",0.00188254087382556
"558",0.00188254087382556
"559",0.00188254087382556
"560",0.00188254087382556
"561",0.00188254087382556
"562",0.00188254087382556
"563",0.00188254087382556
"564",0.00188254087382556
"565",0.00188254087382556
"566",0.00188254087382556
"567",0.00297144094515796
"568",0.00155701002497682
"569",0.0045161364750337
"570",0.0008136993490949
"571",0.000462041018645064
"572",0.00827941045273194
"573",0.00515509982094301
"574",0.00134893366723163
"575",0.0107846605083249
"576",0.00739592831441531
"577",0.0055855929596967
"578",0.00449130393257578
"579",0.00463837484816746
"580",0.00518827728078239
"581",0.00654010569929584
"582",0.00799807328297493
"583",0.0040045399595297
"584",0.00205524881243531
"585",0.00370963309491526
"586",0.0034546086860919
"587",0.00420842748064442
"588",0.00423207166353078
"589",0.000462041018645064
"590",0.0101429329778093
"591",0.00152137802707756
"592",0.0107584645159526
"593",0.00234363462601569
"594",0.00113473375784612
"595",0.00415930582571954
"596",9.15316707016591e-05
"597",0.00249033921604934
"598",0.00311012548743885
"599",0.00510938142480763
"600",0.00594965743895841
"601",0.00371152543726955
"602",0.00250272993428932
"603",7.00437846488321e-05
"604",0.000742736523849889
"605",0.00479180751974158
"606",0.0141445813289464
"607",7.00437846488321e-05
"608",0.00732978100868007
"609",0.00949367402931897
"610",0.00246885132999652
"611",0.00539686268828026
"612",7.00437846488321e-05
"613",7.00437846488321e-05
"614",0.00319475763899227
"615",0.00362441858287464
"616",0.00414362941954667
"617",0.00120890086816957
"618",0.00397863560300493
"619",0.00268811257292367
"620",0.00122303808191398
"621",0.00195345628230531
"622",0.00613898655072176
"623",0.00520692091510852
"624",0.00739729891893756
"625",0.0127768194484157
"626",0.00268811257292367
"627",0.00113952738225819
"628",0.00418514940154795
"629",0.00383176445966682
"630",0.00214096650378282
"631",0.00322666730154316
"632",0.00139370427253588
"633",0.00544371009401463
"634",0.00407655677459454
"635",0.00333785252635476
"636",0.000836393812682536
"637",0.00279021613551827
"638",0.0025539745623421
"639",0.00414362941954667
"640",0.0160924738445593
"641",0.000836393812682536
"642",0.00268811257292367
"643",0.00216733029311066
"644",0.00333785252635476
"645",0.00108890007133241
"646",0.0025539745623421
"647",0.00122303808191398
"648",0.00348770761668009
"649",0.00268811257292367
"650",0.00268811257292367
"651",0.00268811257292367
"652",0.00268811257292367
"653",0.00365679865763734
"654",0.000836393812682536
"655",0.00113681564325416
"656",0.00134303887875114
"657",0.00268811257292367
"658",0.00108890007133241
"659",0.00785110474180658
"660",0.000702255802100966
"661",0.00417633382952239
"662",0.0025539745623421
"663",0.00268811257292367
"664",0.0025539745623421
"665",0.00366230160837168
"666",0.00122303808191398
"667",0.000762807028764993
"668",0.00268811257292367
"669",0.00754855672757248
"670",0.00325931213377091
"671",0.00414907804038024
"672",0.000506645066068601
"673",0.0029847812196342
"674",0.00172156919774042
"675",0.012379993634849
"676",0.0058951044030756
"677",0.000506645066068601
"678",0.000506645066068601
"679",0.00108890007133241
"680",0.00498148340498193
"681",0.0025539745623421
"682",0.00108890007133241
"683",0.00108890007133241
"684",0.000702255802100966
"685",0.0104084514048821
"686",0.0120195302992252
"687",0.0121062899684205
"688",0.000702255802100966
"689",0.00159554513740101
"690",0.00464035572905848
"691",0.0008075629015754
"692",0.00210212547851221
"693",0.00127011760644543
"694",0.00108890007133241
"695",0.0157435400199775
"696",0.00040939194769934
"697",0.000260806450377448
"698",0.00168105099795685
"699",0.000933499189578507
"700",0.000665113851773008
"701",0.000665113851773008
"702",0.0144715756469333
"703",0.0126375945341991
"704",0.00812627589437911
"705",0.0136000970799532
"706",0.00332107089026205
"707",0.000260806450377448
"708",0.000665113851773008
"709",0.0027026310852195
"710",0.00608016280086756
"711",0.00780294587176421
"712",0.0104952560181138
"713",0.00293713836003465
"714",0.00217572863287754
"715",0.00293713836003465
"716",0.00655404834892688
"717",0.0008136993490949
"718",0.010862937192314
"719",0.00321900652942818
"720",0.00708487868294777
"721",0.00352924926315937
"722",0.0134098034145334
"723",0.00791916167815208
"724",0.00861271514428824
"725",0.000665113851773008
"726",0.00639137417530822
"727",0.00600497025094152
"728",0.000665113851773008
"729",0.0111439332091268
"730",0.00599156649582568
"731",0.000665113851773008
"732",0.00550707839714132
"733",0.00496211042832706
"734",0.000665113851773008
"735",0.000665113851773008
"736",0.0134218259868537
"737",0.00219290135461687
"738",0.00213073070661471
"739",0.00309262269441283
"740",0.00623199885153642
"741",0.000260806450377448
"742",0.00565268827409912
"743",0.000665113851773008
"744",0.000665113851773008
"745",0.00213073070661471
"746",0.000260806450377448
"747",0.00350887439199121
"748",0.000665113851773008
"749",0.000665113851773008
"750",0.0025339797878648
"751",0.0008136993490949
"752",0.000260806450377448
"753",0.000665113851773008
"754",0.000260806450377448
"755",0.000665113851773008
"756",0.00206363240831766
"757",0.000665113851773008
"758",0.000260806450377448
"759",0.000665113851773008
"760",0.00384986231615891
"761",0.000260806450377448
"762",0.00283507399920078
"763",0.000665113851773008
"764",0.00136945714435907
"765",0.00949741012452583
"766",0.00218453932510495
"767",0.0013592891157316
"768",0.00964599562184771
"769",0.00293713836003465
"770",0.0008136993490949
"771",0.0136997063804314
"772",0.0153969595641394
"773",0.000260806450377448
"774",0.00198833727309426
"775",0.0013929100001679
"776",0.000665113851773008
"777",0.0013203444151635
"778",0.00259974045244225
"779",0.0135619789284306
"780",0.0139341827800456
"781",0.000665113851773008
"782",0.0146632696976237
"783",0.00107195294959839
"784",0.000665113851773008
"785",0.0038044900088966
"786",0.00293713836003465
"787",0.00884864811849123
"788",0.00896382439566898
"789",0.0103638069069103
"790",0.000665113851773008
"791",0.00302347767808275
"792",0.00548086300906235
"793",0.00278855286271276
"794",0.00287718855129769
"795",0.00337027104629056
"796",0.00178161046792874
"797",0.00181326102131374
"798",0.000449679708657868
"799",0.000449679708657868
"800",0.00267609578233198
"801",0.000260806450377448
"802",0.0043265083941841
"803",0.0125826439108087
"804",0.00293713836003465
"805",0.00448027318598767
"806",0.0008136993490949
"807",0.0013592891157316
"808",0.000705290207268878
"809",0.000260806450377448
"810",0.0159288790520849
"811",0.000728350419756851
"812",0.000260806450377448
"813",0.00296328462535451
"814",0.000260806450377448
"815",0.000260806450377448
"816",0.00101593714618384
"817",0.00448187353086349
"818",0.00101593714618384
"819",0.00133176620106391
"820",0.00101593714618384
"821",0.000449679708657868
"822",0.00112237244785893
"823",0.000449679708657868
"824",0.000449679708657868
"825",0.000449679708657868
"826",0.000383932530227403
"827",0.000383932530227403
"828",0.00242020658208433
"829",0.00108827582281347
"830",0.00883333180913825
"831",0.00560898638991475
"832",0.00487490545834423
"833",0.00480313221145825
"834",0.00461299018964108
"835",0.00342654164969081
"836",0.0029205913376327
"837",0.00419606617065723
"838",0.010659062048413
"839",0.00272680979645719
"840",0.00120082033002719
"841",0.00550538801355922
"842",0.0043862081924744
"843",0.00435930203931454
"844",0.0029205913376327
"845",0.0101200575573208
"846",0.00669861494161369
"847",0.0029205913376327
"848",0.00829083982813835
"849",0.000694175263958589
"850",0.0029205913376327
"851",0.00851192210154759
"852",0.0158801965094204
"853",0.00330514811637904
"854",0.00999049319730403
"855",0.00221624804504663
"856",0.0136670619119645
"857",0.00493706502794603
"858",0.00159021260723506
"859",0.000694175263958589
"860",0.011817827916355
"861",0.00465379225893231
"862",0.00319828990878071
"863",0.00330723560686413
"864",0.00121929468771458
"865",0.0029205913376327
"866",0.00116171923333799
"867",0.00461505559039432
"868",0.00183441197253905
"869",0.00480313221145825
"870",0.0118540129338245
"871",0.0153596983705186
"872",0.00199428160513405
"873",0.000694175263958589
"874",0.00136686800315965
"875",0.00329948646354875
"876",0.00630590241352947
"877",0.0029205913376327
"878",0.0029205913376327
"879",0.00190307613212816
"880",0.0130956392955919
"881",0.00266533707100639
"882",0.00194365429420826
"883",0.00183441197253905
"884",0.00302171666107163
"885",0.00353419829627031
"886",0.00711065581953792
"887",0.00183441197253905
"888",0.002776820994135
"889",0.00111888377506937
"890",0.00155498650044712
"891",0.0029205913376327
"892",0.0029205913376327
"893",0.00639301569602897
"894",0.00136686800315965
"895",0.00163214135873016
"896",0.00253875526512511
"897",0.00272889728694229
"898",0.00155856205385005
"899",0.0114016903261089
"900",0.000694175263958589
"901",0.00222641607367411
"902",0.000704343292586064
"903",0.00222641607367411
"904",0.00222641607367411
"905",0.000704343292586064
"906",0.00117188726196547
"907",0.00117188726196547
"908",0.00222641607367411
"909",0.000704343292586064
"910",0.00203627405185693
"911",0.00136358131265587
"912",0.000704343292586064
"913",0.00335212122889533
"914",0.00136358131265587
"915",0.00184458000116652
"916",0.00137703603178712
"917",0.000896037343276472
"918",0.000704343292586064
"919",0.00203627405185693
"920",0.00184458000116652
"921",0.00117188726196547
"922",0.00457999870088463
"923",0.00155372333447305
"924",0.00203627405185693
"925",0.00136358131265587
"926",0.0139730386535569
"927",0.00305442813579102
"928",0.00625330442950248
"929",0.000704343292586064
"930",0.00117188726196547
"931",0.00117188726196547
"932",0.00282778230352582
"933",0.00867216287104712
"934",0.000704343292586064
"935",0.00117188726196547
"936",0.000704343292586064
"937",0.00323728884851532
"938",0.00222641607367411
"939",0.00184458000116652
"940",0.00261059796364731
"941",0.00155372333447305
"942",0.00117188726196547
"943",0.00203627405185693
"944",0.000704343292586064
"945",0.000704343292586064
"946",0.00203627405185693
"947",0.000704343292586064
"948",0.00626275914731206
"949",0.00191324416075563
"950",0.00191038699687063
"951",0.00064078307665017
"952",0.000235263334020506
"953",0.000520782279813009
"954",0.00280811336976084
"955",0.000806830749782626
"956",0.00208587284293221
"957",0.000134138010581569
"958",0.00227190524079232
"959",0.000134138010581569
"960",0.00854896790051852
"961",0.000134138010581569
"962",0.000134138010581569
"963",0.000701334303314197
"964",0.000406839097825379
"965",0.00227202450826164
"966",0.00859627848352826
"967",0.000148585497321891
"968",0.000148585497321891
"969",0.000148585497321891
"970",0.00859627848352826
"971",0.000148585497321891
"972",0.000148585497321891
"973",0.00238071629275181
"974",0.00510384075229702
"975",0.00510384075229702
"976",0.000148585497321891
"977",0.00403673771248026
"978",0.000552892898717451
"979",0.000148585497321891
"980",0.000148585497321891
"981",0.00059826520597976
"982",0.00161365998833159
"983",0.00199469627203931
"984",0.000134138010581569
"985",0.000134138010581569
"986",0.000134138010581569
"987",0.0024620472626095
"988",0.000134138010581569
"989",0.000134138010581569
"990",0.000148585497321891
"991",0.000148585497321891
"992",0.000148585497321891
"993",0.000148585497321891
"994",0.000101125323438937
"995",0.00041695437831901
"996",0.000101125323438937
"997",0.000158700777815522
"998",0.000101125323438937
"999",0.000158700777815522
"1000",0.000101125323438937
"1001",0.000101125323438937
"1002",0.000158700777815522
"1003",0.000884498347698413
"1004",0.000101125323438937
"1005",0.00115565413514758
"1006",0.000101125323438937
"1007",0.000101125323438937
"1008",0.000101125323438937
"1009",0.000101125323438937
"1010",0.00222456433437869
"1011",0.000101125323438937
"1012",0.000101125323438937
"1013",0.00130282369296801
"1014",0.000101125323438937
"1015",0.000101125323438937
"1016",0.00402875853263758
"1017",0.00089677179083009
"1018",0.000101125323438937
"1019",0.000568669292818339
"1020",0.00209095384492786
"1021",0.00169941846881637
"1022",0.00747418437259156
"1023",0.000101125323438937
"1024",0.000773818062639994
"1025",0.000101125323438937
"1026",0.00249993286878662
"1027",0.000101125323438937
"1028",0.00111706246962277
"1029",0.000608380486473391
"1030",0.000101125323438937
"1031",0.000101125323438937
"1032",0.00168077355890357
"1033",0.00100808081970251
"1034",0.000101125323438937
"1035",0.000101125323438937
"1036",0.000190142021817175
"1037",0.0066236307492223
"1038",0.000190142021817175
"1039",0.00152207278108804
"1040",0.00105452881170864
"1041",0.0159154508956693
"1042",0.00322119858732797
"1043",0.000190142021817175
"1044",0.00152207278108804
"1045",0.000381836072507583
"1046",0.00133037873039764
"1047",0.000862834761018233
"1048",0.000849380041886986
"1049",0.000190142021817175
"1050",0.000381836072507583
"1051",0.000190142021817175
"1052",0.00571063367376327
"1053",0.000657685991196578
"1054",0.000657685991196578
"1055",0.00341680932336033
"1056",0.000190142021817175
"1057",0.000894485314403239
"1058",0.00104433026042802
"1059",0.000190142021817175
"1060",0.002617650864457
"1061",0.000768480341739022
"1062",0.0109091331640451
"1063",0.00152207278108804
"1064",0.00345328301242217
"1065",0.0034046136549136
"1066",0.00318209749063877
"1067",0.000190142021817175
"1068",0.0100765457097054
"1069",0.000862834761018233
"1070",0.00136202928378264
"1071",0.000190142021817175
"1072",0.000659238020069811
"1073",0.000659238020069811
"1074",0.000864386789891466
"1075",0.000659238020069811
"1076",0.000917491620573297
"1077",0.000659238020069811
"1078",0.000896037343276472
"1079",0.0030580455654175
"1080",0.000191694050690408
"1081",0.00259050159603809
"1082",0.000864386789891466
"1083",0.000191694050690408
"1084",0.000191694050690408
"1085",0.000659238020069811
"1086",0.000578338319921848
"1087",0.000659238020069811
"1088",0.000191694050690408
"1089",0.00517565020898052
"1090",0.000659238020069811
"1091",0.00277857821710203
"1092",0.00293823602855056
"1093",0.00133193075927087
"1094",0.000191694050690408
"1095",0.000659238020069811
"1096",0.00089328933530004
"1097",0.000386644269231439
"1098",0.000386644269231439
"1099",0.00592146819240345
"1100",0.00185171876024114
"1101",0.00775202833241674
"1102",0.0023137597788862
"1103",0.00281415311187126
"1104",0.00210821346697186
"1105",0.00205758615604607
"1106",0.00498148340498193
"1107",0.000386644269231439
"1108",0.00376930950961582
"1109",0.000386644269231439
"1110",0.000848685287876503
"1111",0.00235836382630974
"1112",0.000386644269231439
"1113",0.000386644269231439
"1114",0.00089328933530004
"1115",0.000386644269231439
"1116",0.000386644269231439
"1117",0.000386644269231439
"1118",0.000386644269231439
"1119",0.000386644269231439
"1120",0.000386644269231439
"1121",0.000386644269231439
"1122",0.000386644269231439
"1123",0.0136733763296682
"1124",0.00040430740139556
"1125",0.000386644269231439
"1126",0.000386644269231439
"1127",0.000386644269231439
"1128",0.00185171876024114
"1129",0.000386644269231439
"1130",0.000386644269231439
"1131",0.000386644269231439
"1132",0.000386644269231439
"1133",0.000386644269231439
"1134",0.000386644269231439
"1135",0.000386644269231439
"1136",0.00235836382630974
"1137",0.000386644269231439
"1138",0.00108890007133241
"1139",5.75754543765861e-05
"1140",5.75754543765861e-05
"1141",0.000525119423755989
"1142",0.00228970624980651
"1143",0.00257846645878016
"1144",5.75754543765861e-05
"1145",5.75754543765861e-05
"1146",5.75754543765861e-05
"1147",0.00885200038760193
"1148",0.00040430740139556
"1149",0.00040430740139556
"1150",0.00040430740139556
"1151",0.00040430740139556
"1152",0.00040430740139556
"1153",0.00040430740139556
"1154",0.00040430740139556
"1155",0.00495525525497513
"1156",5.75754543765861e-05
"1157",5.75754543765861e-05
"1158",5.75754543765861e-05
"1159",0.000730268193577644
"1160",0.000672692739201057
"1161",0.000672692739201057
"1162",0.000672692739201057
"1163",0.00221834450276645
"1164",0.000672692739201057
"1165",0.0010593370084325
"1166",0.00114023670858046
"1167",0.000672692739201057
"1168",0.000672692739201057
"1169",0.0010593370084325
"1170",0.000672692739201057
"1171",0.000467543969379403
"1172",0.000467543969379403
"1173",0.000467543969379403
"1174",0.000467543969379403
"1175",0.000467543969379403
"1176",0.000467543969379403
"1177",0.000467543969379403
"1178",0.000467543969379403
"1179",0.000467543969379403
"1180",0.000467543969379403
"1181",0.000467543969379403
"1182",0.00124554380805489
"1183",0.000672692739201057
"1184",0.000672692739201057
"1185",0.000672692739201057
"1186",0.000672692739201057
"1187",0.000672692739201057
"1188",0.000672692739201057
"1189",0.00114023670858046
"1190",0.0015268809778119
"1191",0.000672692739201057
"1192",0.000672692739201057
"1193",0.000672692739201057
"1194",0.000672692739201057
"1195",0.000854188238610842
"1196",0.000467543969379403
"1197",0.000467543969379403
"1198",0.000467543969379403
"1199",0.000467543969379403
"1200",0.000467543969379403
"1201",0.00196548155665851
"1202",0.000467543969379403
"1203",0.00577013670741863
"1204",0.000467543969379403
"1205",0.00567779288759431
"1206",0.000467543969379403
"1207",0.000537392866887666
"1208",0.0015533300130715
"1209",0.00637251917585802
"1210",0.000537392866887666
"1211",0.0083869347140068
"1212",0.00763680343768486
"1213",0.00481918916278652
"1214",0.0072179967081342
"1215",0.00481918916278652
"1216",0.00554498673266941
"1217",0.0166157370266529
"1218",0.01527153628617
"1219",0.0141619939557708
"1220",0.00481918916278652
"1221",0.00481918916278652
"1222",0.00188254087382556
"1223",0.00188254087382556
"1224",0.00334761536483526
"1225",0.00334761536483526
"1226",0.00188254087382556
"1227",0.00567194511785607
"1228",0.00188254087382556
"1229",0.00188254087382556
"1230",0.00511682252277585
"1231",0.0028984780200094
"1232",0.00188254087382556
"1233",0.00188254087382556
"1234",0.0111127668210634
"1235",0.00188254087382556
"1236",0.0126543823726866
"1237",0.00405195865742132
"1238",0.00431004971646538
"1239",0.0169392398406026
"1240",0.00188254087382556
"1241",0.008510013094975
"1242",0.0127355340654665
"1243",0.010799964608691
"1244",0.0135485511748756
"1245",0.00188254087382556
"1246",0.00814756796349491
"1247",0.00188254087382556
"1248",0.00929316052515657
"1249",0.0147341434192823
"1250",0.00431004971646538
"1251",0.00257671613778415
"1252",0.00188254087382556
"1253",0.00188254087382556
"1254",0.0135273225287761
"1255",0.0203313489376461
"1256",0.00188254087382556
"1257",0.00725404782637907
"1258",0.0126107044083425
"1259",0.00861930903876408
"1260",0.00341032837666942
"1261",0.00188254087382556
"1262",0.00188254087382556
"1263",0.00188254087382556
"1264",0.00188254087382556
"1265",0.00188254087382556
"1266",0.00188254087382556
"1267",0.00188254087382556
"1268",0.00188254087382556
"1269",0.00226647340405296
"1270",0.00188254087382556
"1271",0.00188254087382556
"1272",0.0134779745937802
"1273",0.00777565563968272
"1274",0.00160227772722552
"1275",0.0143764425405836
"1276",0.000258253600503488
"1277",0.017047785272459
"1278",0.00717640123119246
"1279",0.0117093066612049
"1280",0.00114023670858046
"1281",0.00353904425392815
"1282",0.00114023670858046
"1283",0.000386644269231439
"1284",0.00242750884263982
"1285",0.00283181624403538
"1286",0.00658519745951693
"1287",6.05512266640268e-05
"1288",0.00610169953106418
"1289",0.0143322022214296
"1290",0.000105307099474433
"1291",0.000672692739201057
"1292",0.000105307099474433
"1293",0.00344184963651032
"1294",0.00310020158184088
"1295",0.00244899672869265
"1296",0.00920543386117385
"1297",0.000672692739201057
"1298",0.000672692739201057
"1299",0.00277346709784668
"1300",0.00792198589194734
"1301",0.00281415311187126
"1302",0.000258253600503488
"1303",4.19287514950995e-05
"1304",0.0116331722870928
"1305",0.00113473375784612
"1306",0.00488686761465153
"1307",0.00570182555390599
"1308",0.00678334224770307
"1309",0.00425052630558882
"1310",0.00432985491380674
"1311",0.000258253600503488
"1312",0.00423579710529477
"1313",0.0088014741591684
"1314",0.00151570180193548
"1315",0.00114385497261646
"1316",0.000386644269231439
"1317",0.000386644269231439
"1318",0.00185171876024114
"1319",0.0101417314641223
"1320",0.000491951368705872
"1321",6.05512266640268e-05
"1322",0.000258253600503488
"1323",0.00386621954432167
"1324",0.00736764924052066
"1325",0.0077045607206023
"1326",0.00264036107513928
"1327",0.000386644269231439
"1328",0.000672692739201057
"1329",0.000672692739201057
"1330",0.00402909590910478
"1331",0.0133555325383928
"1332",0.0134743142969749
"1333",0.00114023670858046
"1334",0.00470542856515928
"1335",0.00365393825278765
"1336",0.00988859046716793
"1337",0.00762801651755356
"1338",0.0131528254842664
"1339",0.00185171876024114
"1340",0.01404615375146
"1341",0.0014650744910097
"1342",0.00620751666237307
"1343",0.00910572321320002
"1344",0.000467543969379403
"1345",0.000105307099474433
"1346",0.00261148228358484
"1347",0.0053240642752582
"1348",0.00242750884263982
"1349",0.000672692739201057
"1350",0.00190234607116692
"1351",0.000672692739201057
"1352",0.000672692739201057
"1353",0.00183907705043218
"1354",0.013736612897652
"1355",0.000467543969379403
"1356",0.00667803514822865
"1357",0.0122380045540538
"1358",0.0158301398087087
"1359",0.00114023670858046
"1360",0.00185171876024114
"1361",0.00235836382630974
"1362",6.05512266640268e-05
"1363",0.00568923700727067
"1364",0.00185171876024114
"1365",0.000672692739201057
"1366",0.00242750884263982
"1367",5.06273109257848e-05
"1368",0.0112152839099996
"1369",0.0013553303539451
"1370",0.0152267947156986
"1371",0.0131110300067464
"1372",0.00114023670858046
"1373",0.0120744626817933
"1374",0.00701513456715099
"1375",0.00820803436191695
"1376",0.000672692739201057
"1377",0.00112124424565827
"1378",0.0014650744910097
"1379",0.0178092597479333
"1380",0.00252774641233531
"1381",0.000105307099474433
"1382",0.0144112856095322
"1383",0.00677827271792413
"1384",0.0140600205988996
"1385",0.0115124475136558
"1386",0.0106753143758302
"1387",0.0178804858835178
"1388",6.05512266640268e-05
"1389",0.00114023670858046
"1390",0.0158001470358698
"1391",0.00992185810252476
"1392",0.00600178756818394
"1393",0.00980863065147023
"1394",0.0102072448140548
"1395",0.00748714826581493
"1396",0.00400144900084271
"1397",0.00811674584991049
"1398",0.00739841300648287
"1399",0.0114284170287381
"1400",0.0110570496096117
"1401",0.00340415312643721
"1402",0.000386644269231439
"1403",0.000105307099474433
"1404",0.0116801149391829
"1405",0.00493787522054548
"1406",0.000672692739201057
"1407",0.0162786913151659
"1408",0.0128124850100502
"1409",0.012772058494874
"1410",0.00150012436655882
"1411",0.00253281594211425
"1412",0.00693740533858729
"1413",4.19287514950995e-05
"1414",0.00333846131010398
"1415",0.00694975539892726
"1416",0.00670517415345451
"1417",0.00533545583430865
"1418",0.000467543969379403
"1419",0.00137494854130202
"1420",0.0139067117919245
"1421",0.0113514781788979
"1422",0.0125922296490446
"1423",0.000672692739201057
"1424",0.00252774641233531
"1425",0.00401742525987815
"1426",0.0165602947715495
"1427",5.06273109257848e-05
"1428",0.000672692739201057
"1429",5.06273109257848e-05
"1430",0.0014650744910097
"1431",0.000665113851773008
"1432",0.0019846232308975
"1433",0.0071513919720364
"1434",0.0175382351996427
"1435",0.00252774641233531
"1436",0.0112719341283151
"1437",0.0144690227970593
"1438",0.0118722869780859
"1439",0.00185171876024114
"1440",0.00185171876024114
"1441",0.000386644269231439
"1442",0.00040430740139556
"1443",0.000672692739201057
"1444",0.00213776723021075
"1445",0.000386644269231439
"1446",4.19287514950995e-05
"1447",0.000386644269231439
"1448",5.06273109257848e-05
"1449",0.00238169261144324
"1450",0.000672692739201057
"1451",0.000105307099474433
"1452",0.0149024581845867
"1453",0.0105884874605354
"1454",0.0122364885310932
"1455",0.000105307099474433
"1456",0.00114023670858046
"1457",0.000105307099474433
"1458",0.00604888544085869
"1459",0.0014650744910097
"1460",0.000386644269231439
"1461",0.000105307099474433
"1462",0.00425052630558882
"1463",0.0132135549123728
"1464",0.000467543969379403
"1465",0.00754310577104678
"1466",0.0014202445475794
"1467",0.000386644269231439
"1468",0.00150012436655882
"1469",0.000386644269231439
"1470",0.000611952165543034
"1471",0.00310020158184088
"1472",0.00252774641233531
"1473",0.000386644269231439
"1474",5.06273109257848e-05
"1475",0.00475717137165742
"1476",0.0010739931841881
"1477",0.0062777180524036
"1478",0.000672692739201057
"1479",0.00196766833593823
"1480",0.000386644269231439
"1481",0.0125864819232338
"1482",0.000386644269231439
"1483",0.000467543969379403
"1484",0.00928085325816366
"1485",0.00235836382630974
"1486",2.14878860528268e-05
"1487",0.000386644269231439
"1488",6.05512266640268e-05
"1489",0.000386644269231439
"1490",6.05512266640268e-05
"1491",0.00252774641233531
"1492",0.00386810064529917
"1493",0.00793142631468425
"1494",0.000386644269231439
"1495",5.06273109257848e-05
"1496",0.000386644269231439
"1497",0.00212343901093975
"1498",0.00613306717941438
"1499",6.05512266640268e-05
"1500",0.000386644269231439
"1501",0.000386644269231439
"1502",2.14878860528268e-05
"1503",0.000467543969379403
"1504",0.00157038159048413
"1505",0.000386644269231439
"1506",0.00185171876024114
"1507",0.000105307099474433
"1508",0.000386644269231439
"1509",4.19287514950995e-05
"1510",6.05512266640268e-05
"1511",0.000386644269231439
"1512",0.0116278103220237
"1513",0.00108890007133241
"1514",0.0138762051834544
"1515",0.000672692739201057
"1516",0.000258253600503488
"1517",0.00235836382630974
"1518",0.000672692739201057
"1519",0.000467543969379403
"1520",0.000386644269231439
"1521",0.00354490868872979
"1522",0.000105307099474433
"1523",0.000386644269231439
"1524",0.000105307099474433
"1525",0.000968686084713665
"1526",0.0025539745623421
"1527",0.000105307099474433
"1528",0.011002926599233
"1529",0.0088014741591684
"1530",0.00235836382630974
"1531",0.000467543969379403
"1532",0.00239880754534769
"1533",0.00143871070168185
"1534",0.0115677455895601
"1535",0.00109848266535415
"1536",0.000105307099474433
"1537",0.012175438742389
"1538",0.000672692739201057
"1539",0.000386644269231439
"1540",0.0139417616674737
"1541",0.00239880754534769
"1542",0.000672692739201057
"1543",0.00137494854130202
"1544",6.05512266640268e-05
"1545",0.00986824555885762
"1546",0.0125030509657918
"1547",0.000672692739201057
"1548",0.000672692739201057
"1549",0.000672692739201057
"1550",0.00185171876024114
"1551",0.0142234076206478
"1552",6.05512266640268e-05
"1553",0.0100933280380198
"1554",0.0097007417270399
"1555",0.00101593714618384
"1556",0.000506645066068601
"1557",0.000672692739201057
"1558",0.000672692739201057
"1559",0.00983597194131044
"1560",0.00635265178410103
"1561",0.000672692739201057
"1562",0.0118929159011635
"1563",0.00471256732423389
"1564",0.0122530035296439
"1565",0.0135876667837063
"1566",0.000672692739201057
"1567",0.0152267063427397
"1568",0.00643799958710431
"1569",0.000386644269231439
"1570",6.05512266640268e-05
"1571",0.000672692739201057
"1572",0.00838846610060911
"1573",0.00160227772722552
"1574",0.000105307099474433
"1575",0.00508731919299092
"1576",0.00146063745341954
"1577",0.00137494854130202
"1578",0.00310375044409251
"1579",0.0125966136605358
"1580",0.000567196292732628
"1581",0.00549900912718856
"1582",0.0170921768770118
"1583",0.0116007667264134
"1584",0.0109556114984625
"1585",0.000105307099474433
"1586",0.0052388305776594
"1587",0.00125952817909535
"1588",6.05512266640268e-05
"1589",0.00811674584991049
"1590",5.06273109257848e-05
"1591",0.0181993940620952
"1592",0.0121841393995528
"1593",0.00242750884263982
"1594",0.00516073699397982
"1595",0.0141229792025867
"1596",0.015877673090906
"1597",5.06273109257848e-05
"1598",0.00455094785357957
"1599",0.000672692739201057
"1600",0.00237126750012894
"1601",0.00185171876024114
"1602",0.0019326184603891
"1603",0.000672692739201057
"1604",0.000672692739201057
"1605",0.000105307099474433
"1606",0.000258253600503488
"1607",0.000672692739201057
"1608",0.0158295692738387
"1609",0.0180862646481776
"1610",0.000672692739201057
"1611",0.00233014511382784
"1612",0.000105307099474433
"1613",0.00347108097215695
"1614",0.00584850526725489
"1615",6.05512266640268e-05
"1616",0.00040430740139556
"1617",0.00185171876024114
"1618",0.000386644269231439
"1619",0.00185171876024114
"1620",0.00211252521061859
"1621",5.06273109257848e-05
"1622",0.00150012436655882
"1623",0.00552857219008847
"1624",0.000672692739201057
"1625",0.00188159360737063
"1626",0.00137494854130202
"1627",0.000105307099474433
"1628",0.000386644269231439
"1629",0.00750827294006853
"1630",0.000672692739201057
"1631",0.0189910916326922
"1632",0.00620884535298938
"1633",0.00040430740139556
"1634",0.000105307099474433
"1635",0.00185171876024114
"1636",0.00493162348746194
"1637",0.000258253600503488
"1638",0.00213776723021075
"1639",0.00213776723021075
"1640",0.000386644269231439
"1641",0.0042248345644698
"1642",0.000467543969379403
"1643",0.000105307099474433
"1644",0.001314207967644
"1645",0.000258253600503488
"1646",0.00295653405801366
"1647",0.000672692739201057
"1648",0.000386644269231439
"1649",0.00089328933530004
"1650",5.06273109257848e-05
"1651",0.000672692739201057
"1652",0.00040430740139556
"1653",0.00851043099215011
"1654",0.0151384508206779
"1655",0.0123119875815024
"1656",0.00238169261144324
"1657",0.000105307099474433
"1658",0.00542455762958023
"1659",0.00475717137165742
"1660",6.05512266640268e-05
"1661",0.00185171876024114
"1662",0.00547857133101391
"1663",0.000105307099474433
"1664",0.000672692739201057
"1665",0.00140258141541528
"1666",0.0108060568125161
"1667",0.000467543969379403
"1668",2.14878860528268e-05
"1669",0.00310106334744865
"1670",0.00638679605844213
"1671",0.00388536992241021
"1672",0.0021597921188003
"1673",0.00910637484936927
"1674",0.00789068944733527
"1675",0.00213776723021075
"1676",0.000386644269231439
"1677",6.05512266640268e-05
"1678",0.00242750884263982
"1679",0.0008075629015754
"1680",2.14878860528268e-05
"1681",0.00149793758727911
"1682",0.000672692739201057
"1683",0.00382393990869938
"1684",0.00159554513740101
"1685",0.000672692739201057
"1686",0.00623514953648632
"1687",0.00242750884263982
"1688",0.00192711550965476
"1689",0.000386644269231439
"1690",4.19287514950995e-05
"1691",4.19287514950995e-05
"1692",0.000672692739201057
"1693",0.0014650744910097
"1694",0.000105307099474433
"1695",0.000105307099474433
"1696",0.00844769298620637
"1697",0.00541128362472653
"1698",0.000506645066068601
"1699",0.00467741357328186
"1700",0.00185171876024114
"1701",5.06273109257848e-05
"1702",0.000258253600503488
"1703",0.00185171876024114
"1704",0.00117933780526966
"1705",0.00545942717375839
"1706",0.000105307099474433
"1707",0.000258253600503488
"1708",0.000489239629701836
"1709",0.000105307099474433
"1710",0.000672692739201057
"1711",0.000467543969379403
"1712",5.06273109257848e-05
"1713",0.000386644269231439
"1714",0.00108890007133241
"1715",0.00213776723021075
"1716",0.00228684827522112
"1717",0.00475717137165742
"1718",2.14878860528268e-05
"1719",0.00155581979219287
"1720",0.000672692739201057
"1721",0.00669226394604196
"1722",0.000386644269231439
"1723",0.00478587266894956
"1724",0.000386644269231439
"1725",0.0037342596340667
"1726",0.000105307099474433
"1727",0.0025539745623421
"1728",0.000105307099474433
"1729",0.00883229627275282
"1730",0.000386644269231439
"1731",0.00040430740139556
"1732",0.00040430740139556
"1733",5.06273109257848e-05
"1734",0.000386644269231439
"1735",0.00155833040263949
"1736",0.00040430740139556
"1737",0.000672692739201057
"1738",0.000672692739201057
"1739",6.05512266640268e-05
"1740",5.06273109257848e-05
"1741",0.000258253600503488
"1742",0.000672692739201057
"1743",0.0111008106594908
"1744",0.000258253600503488
"1745",0.000386644269231439
"1746",0.000386644269231439
"1747",0.000467543969379403
"1748",0.00371561191099316
"1749",0.00315370437639459
"1750",0.00185171876024114
"1751",0.0028204048449548
"1752",0.00589311476585716
"1753",0.00844769298620637
"1754",0.0152016873886617
"1755",0.0107190649085431
"1756",0.00212343901093975
"1757",0.0120855845829759
"1758",0.000672692739201057
"1759",0.000672692739201057
"1760",5.06273109257848e-05
"1761",0.00186938189240526
"1762",0.00089328933530004
"1763",0.00101593714618384
"1764",0.000506645066068601
"1765",0.000386644269231439
"1766",6.05512266640268e-05
"1767",0.00108890007133241
"1768",0.00213776723021075
"1769",0.000386644269231439
"1770",0.000467543969379403
"1771",0.00040430740139556
"1772",0.00642449154496211
"1773",0.00185171876024114
"1774",0.00242750884263982
"1775",0.000105307099474433
"1776",0.000672692739201057
"1777",0.000105307099474433
"1778",0.000467543969379403
"1779",0.000386644269231439
"1780",0.000449679708657868
"1781",0.000105307099474433
"1782",0.00212343901093975
"1783",0.000386644269231439
"1784",0.00591362653322853
"1785",3.54886225163272e-06
"1786",0.000672692739201057
"1787",0.00185171876024114
"1788",0.000672692739201057
"1789",0.00284002303231172
"1790",0.000557272376994386
"1791",0.000506645066068601
"1792",0.000386644269231439
"1793",0.000386644269231439
"1794",0.0025539745623421
"1795",0.000672692739201057
"1796",0.000386644269231439
"1797",0.00235836382630974
"1798",0.000105307099474433
"1799",0.00392763320919864
"1800",0.00344682223827927
"1801",0.000672692739201057
"1802",0.000665113851773008
"1803",0.00089328933530004
"1804",0.00239880754534769
"1805",0.000672692739201057
"1806",0.000672692739201057
"1807",0.00188254087382556
"1808",0.0121732519631093
"1809",0.000672692739201057
"1810",0.0122207987805467
"1811",0.000672692739201057
"1812",0.0030606196284107
"1813",0.000386644269231439
"1814",0.0157804554407552
"1815",0.00507278290452695
"1816",0.000386644269231439
"1817",0.000386644269231439
"1818",0.000386644269231439
"1819",0.000704343292586064
"1820",0.00244899672869265
"1821",0.000105307099474433
"1822",0.000258253600503488
"1823",5.06273109257848e-05
"1824",0.0100432381236074
"1825",0.00599742055116576
"1826",0.00521024891821491
"1827",0.000386644269231439
"1828",0.00205758615604607
"1829",0.00591454490358226
"1830",5.06273109257848e-05
"1831",0.00564989111128728
"1832",0.000672692739201057
"1833",0.0014650744910097
"1834",0.00400597988476531
"1835",0.000672692739201057
"1836",0.00185171876024114
"1837",0.00235836382630974
"1838",0.000386644269231439
"1839",0.00108890007133241
"1840",0.00188159360737063
"1841",0.000694180625253884
"1842",0.00238169261144324
"1843",0.00178245108677206
"1844",0.00188254087382556
"1845",0.000258253600503488
"1846",0.0120271981622173
"1847",0.000672692739201057
"1848",0.00283607912550491
"1849",0.0174459029839429
"1850",0.000258253600503488
"1851",0.000386644269231439
"1852",0.000386644269231439
"1853",0.00089328933530004
"1854",0.000386644269231439
"1855",0.000672692739201057
"1856",4.19287514950995e-05
"1857",0.000105307099474433
"1858",0.0014202445475794
"1859",0.00975466567919837
"1860",0.000672692739201057
"1861",0.00186992425623727
"1862",0.00710492241592167
"1863",5.06273109257848e-05
"1864",0.000467543969379403
"1865",0.000672692739201057
"1866",0.00185171876024114
"1867",0.000672692739201057
"1868",0.00252774641233531
"1869",0.000105307099474433
"1870",0.000506645066068601
"1871",5.06273109257848e-05
"1872",0.0142297654453856
"1873",0.0144109829804987
"1874",0.0156948399363953
"1875",0.0151574470695077
"1876",0.0136595094822286
"1877",0.013692372578498
"1878",0.0143946283805989
"1879",0.0196451636801101
"1880",0.0156948399363953
"1881",0.0185589753477817
"1882",0.0156948399363953
"1883",0.0181092956391238
"1884",0.013873590113611
"1885",0.0119981114899339
"1886",0.000423303650225364
"1887",0.0155267422339302
"1888",0.015452753821283
"1889",0.00694218029700066
"1890",0.000537392866887666
"1891",0.00898727263237375
"1892",0.0138064617951603
"1893",0.0123677510934784
"1894",0.00634538017063216
"1895",0.015452753821283
"1896",0.01527153628617
"1897",0.01527153628617
"1898",0.0108698135061993
"1899",0.0138064617951603
"1900",0.00748714826581493
"1901",0.00412590636883712
"1902",0.0155165742053027
"1903",0.00266083187782742
"1904",0.00203533045416678
"1905",0.0108083998413223
"1906",0.000537392866887666
"1907",0.000537392866887666
"1908",0.00628615328503489
"1909",0.0138064617951603
"1910",0.00936968913964048
"1911",0.000537392866887666
"1912",0.0115377266996772
"1913",0.00415876946510653
"1914",0.00018121753511302
"1915",0.00018121753511302
"1916",0.00018121753511302
"1917",0.00985527365449461
"1918",0.00018121753511302
"1919",0.0127919219434556
"1920",0.00018121753511302
"1921",0.00988640368788822
"1922",0.00143871070168185
"1923",0.0120580082507637
"1924",0.0147909383752724
"1925",0.00580923780410783
"1926",0.00988640368788822
"1927",0.0100594079874237
"1928",0.00940440324679295
"1929",0.00386621954432167
"1930",0.00383751824702953
"1931",0.0113536649581776
"1932",0.00530259273803923
"1933",0.00838846610060911
"1934",0.0117711313409935
"1935",0.0147341434192823
"1936",0.0108702613829249
"1937",0.00937013701636609
"1938",0.00293664828896096
"1939",0.0047863260665171
"1940",0.00290378519269155
"1941",0.0147341434192823
"1942",0.0130727454269876
"1943",0.00871177249643604
"1944",0.0117689445617138
"1945",0.0147341434192823
"1946",0.00988640368788822
"1947",0.0162034555258035
"1948",0.011386528054447
"1949",0.0142850060744564
"1950",0.00773010158067905
"1951",0.0105578838842049
"1952",0.00988640368788822
"1953",0.00914548488944383
"1954",0.00787219942908698
"1955",0.0125303830270635
"1956",0.0149872618765574
"1957",0.00988859046716793
"1958",0.0132690689282726
"1959",0.0117689445617138
"1960",0.00386621954432167
"1961",0.0132340190527235
"1962",0.0117689445617138
"1963",0.00626502708966935
"1964",0.0098535405916188
"1965",0.00143871070168185
"1966",0.00143871070168185
"1967",0.00988640368788822
"1968",0.00143871070168185
"1969",0.00143871070168185
"1970",0.00883814580926698
"1971",0.00143871070168185
"1972",0.00776296467694847
"1973",0.00530259273803923
"1974",0.00838846610060911
"1975",0.00143871070168185
"1976",0.00964550555077402
"1977",0.00293883506824067
"1978",0.00470600468523806
"1979",0.0098535405916188
"1980",0.0125534044556606
"1981",0.00628426365379622
"1982",0.00290378519269155
"1983",0.00628426365379622
"1984",0.0106549395046621
"1985",0.00722018348741391
"1986",0.0113536649581776
"1987",0.0147341434192823
"1988",0.00143871070168185
"1989",0.0155229448041435
"1990",0.00212343901093975
"1991",0.00212343901093975
"1992",0.00212343901093975
"1993",0.00212343901093975
"1994",0.00525320365568054
"1995",0.00212343901093975
"1996",0.00694975539892726
"1997",0.00694975539892726
"1998",0.00452224655628744
"1999",0.00212343901093975
"2000",0.00694975539892726
"2001",0.00844769298620637
"2002",0.00455094785357957
"2003",0.00844987976548608
"2004",0.00452224655628744
"2005",0.00455094785357957
"2006",0.00212343901093975
"2007",0.00212343901093975
"2008",0.00633339894035163
"2009",0.00455094785357957
"2010",0.0132954327176004
"2011",0.00547105437577501
"2012",0.00991495425649577
"2013",0.00212343901093975
"2014",0.0113929324213247
"2015",0.00455094785357957
"2016",0.00694975539892726
"2017",0.0103324206393116
"2018",0.00455094785357957
"2019",0.00212343901093975
"2020",0.0060510722201384
"2021",0.00844987976548608
"2022",0.00694975539892726
"2023",0.00212343901093975
"2024",0.0103324206393116
"2025",0.00991495425649577
"2026",0.00594737891963913
"2027",0.0103324206393116
"2028",0.00212343901093975
"2029",0.00212343901093975
"2030",0.00556688499976341
"2031",0.00694975539892726
"2032",0.00694975539892726
"2033",0.00647806336323433
"2034",0.00694975539892726
"2035",0.00844987976548608
"2036",0.00694975539892726
"2037",0.0122800379352486
"2038",0.00212343901093975
"2039",0.0118303582265908
"2040",0.00455094785357957
"2041",0.0132954327176004
"2042",0.00604888544085869
"2043",0.0103324206393116
"2044",0.00694975539892726
"2045",0.00455094785357957
"2046",0.00938351597465062
"2047",0.0103302338600319
"2048",0.00452224655628744
"2049",0.00212343901093975
"2050",0.00641958796691166
"2051",0.0115315413947664
"2052",0.00694975539892726
"2053",0.00950584135794215
"2054",0.00282569481304072
"2055",0.00765201120102822
"2056",0.00991495425649577
"2057",0.00932504057832795
"2058",0.00844987976548608
"2059",0.00604888544085869
"2060",0.00455094785357957
"2061",0.00694975539892726
"2062",0.00883229627275282
"2063",0.00844987976548608
"2064",0.00751614671114809
"2065",0.00883229627275282
"2066",0.0060510722201384
"2067",0.00694975539892726
"2068",0.00212343901093975
"2069",0.00778336763781253
"2070",0.00455094785357957
"2071",0.00765201120102822
"2072",0.00281761427489834
"2073",0.00212343901093975
"2074",0.00867563634031441
"2075",0.00452224655628744
"2076",0.00212343901093975
"2077",0.00929585331435855
"2078",0.00455094785357957
"2079",0.00694975539892726
"2080",0.00358851350194945
"2081",0.00212343901093975
"2082",0.00694975539892726
"2083",0.00765201120102822
"2084",0.00891192078413115
"2085",0.00455094785357957
"2086",0.00694975539892726
"2087",0.00362356337749858
"2088",0.0052265898488735
"2089",0.00212343901093975
"2090",0.00212343901093975
"2091",0.00212343901093975
"2092",0.00694975539892726
"2093",0.00212343901093975
"2094",0.00212343901093975
"2095",0.00212343901093975
"2096",0.00212343901093975
"2097",0.00212343901093975
"2098",0.0103302338600319
"2099",0.00883229627275282
"2100",0.00455094785357957
"2101",0.00455094785357957
"2102",0.00212343901093975
"2103",0.00601602234458927
"2104",0.00212343901093975
"2105",0.00212343901093975
"2106",0.0119195369098435
"2107",0.00212343901093975
"2108",0.00598732104729714
"2109",0.00212343901093975
"2110",0.00550610425132413
"2111",0.00604888544085869
"2112",0.00362137659821887
"2113",0.00725987379951335
"2114",0.00212343901093975
"2115",0.00455094785357957
"2116",0.00455094785357957
"2117",0.0118687652273556
"2118",0.00212343901093975
"2119",0.00793142631468425
"2120",0.00212343901093975
"2121",0.00694975539892726
"2122",0.00455094785357957
"2123",0.00455094785357957
"2124",0.00883162551643377
"2125",0.00281761427489834
"2126",0.00914405502944467
"2127",0.00362137659821887
"2128",0.00883229627275282
"2129",0.00694975539892726
"2130",0.00246885132999652
"2131",0.00239880754534769
"2132",0.00239880754534769
"2133",0.00239880754534769
"2134",0.00239880754534769
"2135",0.00239880754534769
"2136",0.00432592305500245
"2137",0.00239880754534769
"2138",0.00386388203635738
"2139",0.00482631638798751
"2140",0.00239880754534769
"2141",0.00632644075454633
"2142",0.00386388203635738
"2143",0.00437052710242598
"2144",0.00239880754534769
"2145",0.00239880754534769
"2146",0.0062913908789972
"2147",0.00551290844131041
"2148",0.00632644075454633
"2149",0.00726007696371087
"2150",0.00406974943216232
"2151",0.00360770841351725
"2152",0.00239880754534769
"2153",0.00310106334744865
"2154",0.00698556614295579
"2155",0.00239880754534769
"2156",0.00482631638798751
"2157",0.00286084856399275
"2158",0.00310106334744865
"2159",0.00239880754534769
"2160",0.00239880754534769
"2161",0.00239880754534769
"2162",0.00482631638798751
"2163",0.0062913908789972
"2164",0.00386388203635738
"2165",0.00239880754534769
"2166",0.00386388203635738
"2167",0.00310106334744865
"2168",0.00482631638798751
"2169",0.00796233276581183
"2170",0.00239880754534769
"2171",0.00239880754534769
"2172",0.00679803594506581
"2173",0.00482631638798751
"2174",0.00239880754534769
"2175",0.00482631638798751
"2176",0.00507278290452695
"2177",0.00239880754534769
"2178",0.00387678571017659
"2179",0.00239880754534769
"2180",0.00574642291018294
"2181",0.00239880754534769
"2182",0.00456613783845835
"2183",0.00904098292382984
"2184",0.00239880754534769
"2185",0.00632644075454633
"2186",0.00386388203635738
"2187",0.00606407542573746
"2188",0.00455859966414798
"2189",0.00239880754534769
"2190",0.0140864208817414
"2191",0.00239880754534769
"2192",0.00577928600645236
"2193",0.00239880754534769
"2194",0.00239880754534769
"2195",0.00386388203635738
"2196",0.00336749363006135
"2197",0.00482631638798751
"2198",0.00482631638798751
"2199",0.00597017136060396
"2200",0.00290545261141629
"2201",0.00239880754534769
"2202",0.00386388203635738
"2203",0.00239880754534769
"2204",0.00239880754534769
"2205",0.00779151524555603
"2206",0.00239880754534769
"2207",0.00239880754534769
"2208",0.00310315083793375
"2209",0.00482631638798751
"2210",0.00507278290452695
"2211",0.00577928600645236
"2212",0.00386388203635738
"2213",0.00239880754534769
"2214",0.00239880754534769
"2215",0.00386388203635738
"2216",0.00389893191190651
"2217",0.00356310436609372
"2218",0.00239880754534769
"2219",0.00386388203635738
"2220",0.0120498836626143
"2221",0.00386388203635738
"2222",0.00482631638798751
"2223",0.00683308582061493
"2224",0.00482631638798751
"2225",0.00239880754534769
"2226",0.00482631638798751
"2227",0.00482631638798751
"2228",0.0014650744910097
"2229",0.0014650744910097
"2230",0.0014650744910097
"2231",0.00296301207828881
"2232",0.0014650744910097
"2233",0.0014650744910097
"2234",0.0014650744910097
"2235",0.0014650744910097
"2236",0.0029306913458514
"2237",0.0019717195570783
"2238",0.0014650744910097
"2239",0.0019717195570783
"2240",0.0014650744910097
"2241",0.00389258333364952
"2242",0.00486126941836318
"2243",0.00620073512701201
"2244",0.00216733029311066
"2245",0.0014650744910097
"2246",0.0014650744910097
"2247",0.0014650744910097
"2248",0.00260892946362616
"2249",0.0014650744910097
"2250",0.0014650744910097
"2251",0.0014650744910097
"2252",0.0014650744910097
"2253",0.0019717195570783
"2254",0.0014650744910097
"2255",0.00216733029311066
"2256",0.0014650744910097
"2257",0.0014650744910097
"2258",0.00334761536483526
"2259",0.0014650744910097
"2260",0.0014650744910097
"2261",0.00216733029311066
"2262",0.0014650744910097
"2263",0.0014650744910097
"2264",0.0014650744910097
"2265",0.0019717195570783
"2266",0.0014650744910097
"2267",0.0014650744910097
"2268",0.00216733029311066
"2269",0.0014650744910097
"2270",0.0014650744910097
"2271",0.00313601637782433
"2272",0.0014650744910097
"2273",0.0014650744910097
"2274",0.0014650744910097
"2275",0.0014650744910097
"2276",0.0014650744910097
"2277",0.0014650744910097
"2278",0.00339273236449647
"2279",0.0014650744910097
"2280",0.0014650744910097
"2281",0.0019717195570783
"2282",0.0014650744910097
"2283",0.0014650744910097
"2284",0.0014650744910097
"2285",0.0014650744910097
"2286",0.0014650744910097
"2287",0.0019717195570783
"2288",0.0014650744910097
"2289",0.0014650744910097
"2290",0.0019717195570783
"2291",0.0014650744910097
"2292",0.0014650744910097
"2293",0.0014650744910097
"2294",0.0014650744910097
"2295",0.0014650744910097
"2296",0.00313601637782433
"2297",0.0014650744910097
"2298",0.0014650744910097
"2299",0.0014650744910097
"2300",0.0014650744910097
"2301",0.0014650744910097
"2302",0.0014650744910097
"2303",0.00439922839971812
"2304",0.00389258333364952
"2305",0.0014650744910097
"2306",0.0014650744910097
"2307",0.0014650744910097
"2308",0.0014650744910097
"2309",0.0014650744910097
"2310",0.0014650744910097
"2311",0.0014650744910097
"2312",0.0014650744910097
"2313",0.0014650744910097
"2314",0.0014650744910097
"2315",0.0014650744910097
"2316",0.0014650744910097
"2317",0.0014650744910097
"2318",0.0014650744910097
"2319",0.0014650744910097
"2320",0.0014650744910097
"2321",0.0014650744910097
"2322",0.0014650744910097
"2323",0.0014650744910097
"2324",0.0014650744910097
"2325",0.0014650744910097
"2326",0.0014650744910097
"2327",0.0014650744910097
"2328",0.0019717195570783
"2329",0.0019717195570783
"2330",0.0019717195570783
"2331",0.000702255802100966
"2332",0.00184611077471742
"2333",0.00120890086816957
"2334",0.000702255802100966
"2335",0.00210077435864562
"2336",0.000702255802100966
"2337",0.00116429682074603
"2338",0.000702255802100966
"2339",0.000702255802100966
"2340",0.000702255802100966
"2341",0.00139643106605956
"2342",0.000702255802100966
"2343",0.000702255802100966
"2344",0.00408539758954312
"2345",0.00178036359628696
"2346",0.000702255802100966
"2347",0.000702255802100966
"2348",0.000702255802100966
"2349",0.000702255802100966
"2350",0.000702255802100966
"2351",0.000702255802100966
"2352",0.00120890086816957
"2353",0.000702255802100966
"2354",0.00268687903299847
"2355",0.000702255802100966
"2356",0.000702255802100966
"2357",0.00312976464474079
"2358",0.000702255802100966
"2359",0.000702255802100966
"2360",0.00242253624087087
"2361",0.000702255802100966
"2362",0.00120890086816957
"2363",0.000702255802100966
"2364",0.000702255802100966
"2365",0.000702255802100966
"2366",0.00312976464474079
"2367",0.000702255802100966
"2368",0.00116429682074603
"2369",0.00268687903299847
"2370",0.000702255802100966
"2371",0.00116429682074603
"2372",0.000702255802100966
"2373",0.00268687903299847
"2374",0.00312976464474079
"2375",0.00108618833232837
"2376",0.000702255802100966
"2377",0.00383410793732685
"2378",0.000702255802100966
"2379",0.000702255802100966
"2380",0.000702255802100966
"2381",0.000702255802100966
"2382",0.000702255802100966
"2383",0.000702255802100966
"2384",0.000702255802100966
"2385",0.000702255802100966
"2386",0.000702255802100966
"2387",0.000702255802100966
"2388",0.00258479667592652
"2389",0.00312976464474079
"2390",0.000702255802100966
"2391",0.000702255802100966
"2392",0.000702255802100966
"2393",0.00339122232558453
"2394",0.000702255802100966
"2395",0.000702255802100966
"2396",0.000702255802100966
"2397",0.00268687903299847
"2398",0.000702255802100966
"2399",0.000702255802100966
"2400",0.000702255802100966
"2401",0.0017181929482848
"2402",0.000702255802100966
"2403",0.00312976464474079
"2404",0.000702255802100966
"2405",0.000702255802100966
"2406",0.00188254087382556
"2407",0.00338047846110467
"2408",0.00188254087382556
"2409",0.00188254087382556
"2410",0.00431004971646538
"2411",0.00338266524038438
"2412",0.00188254087382556
"2413",0.00188254087382556
"2414",0.00188254087382556
"2415",0.00188254087382556
"2416",0.00188254087382556
"2417",0.00188254087382556
"2418",0.00188254087382556
"2419",0.00188254087382556
"2420",0.00188254087382556
"2421",0.00188254087382556
"2422",0.00338266524038438
"2423",0.00188254087382556
"2424",0.00188254087382556
"2425",0.00188254087382556
"2426",0.00188254087382556
"2427",0.00188254087382556
"2428",0.00188254087382556
"2429",0.0028984780200094
"2430",0.00188254087382556
"2431",0.0058101740830242
"2432",0.00268896652348357
"2433",0.000704343292586064
"2434",0.00421675402632742
"2435",0.00139851855654465
"2436",0.00116638431123113
"2437",0.000704343292586064
"2438",0.00178245108677206
"2439",0.000704343292586064
"2440",0.00139851855654465
"2441",0.00139851855654465
"2442",0.000704343292586064
"2443",0.00178245108677206
"2444",0.000704343292586064
"2445",0.00159492088888207
"2446",0.00184819826520252
"2447",0.00139851855654465
"2448",0.000704343292586064
"2449",0.000704343292586064
"2450",0.00139851855654465
"2451",0.000704343292586064
"2452",0.00115402300124393
"2453",0.00324806794161376
"2454",0.0021042129689973
"2455",0.00121098835865466
"2456",0.000704343292586064
"2457",0.0017202804387699
"2458",0.00324806794161376
"2459",0.000704343292586064
"2460",0.00279838823295589
"2461",0.000704343292586064
"2462",0.00178245108677206
"2463",0.00383282149610002
"2464",0.00313185213522588
"2465",0.000965149742963512
"2466",0.00216996014742777
"2467",0.00313185213522588
"2468",0.00178245108677206
"2469",0.00178245108677206
"2470",0.00223213079542992
"2471",0.00115402300124393
"2472",0.000704343292586064
"2473",0.000704343292586064
"2474",0.00382602739918447
"2475",0.00178245108677206
"2476",0.00178245108677206
"2477",0.000704343292586064
"2478",0.000704343292586064
"2479",0.00223213079542992
"2480",0.00178245108677206
"2481",0.00235484333127112
"2482",0.00286413541138636
"2483",0.00115402300124393
"2484",0.00108827582281347
"2485",0.000704343292586064
"2486",0.0021042129689973
"2487",0.00139851855654465
"2488",0.0021042129689973
"2489",0.00149793758727911
"2490",0.00149793758727911
"2491",0.00149793758727911
"2492",0.00149793758727911
"2493",0.00149793758727911
"2494",0.00149793758727911
"2495",0.00149793758727911
"2496",0.00149793758727911
"2497",0.00149793758727911
"2498",0.00149793758727911
"2499",0.00149793758727911
"2500",0.00392544642991893
"2501",0.00209404494036983
"2502",0.000694175263958589
"2503",0.00171011241014243
"2504",0.00107810779418599
"2505",0.00171011241014243
"2506",0.000694175263958589
"2507",0.0021597921188003
"2508",0.000694175263958589
"2509",0.00171011241014243
"2510",0.000694175263958589
"2511",0.00209404494036983
"2512",0.000694175263958589
"2513",0.00114385497261646
"2514",0.000694175263958589
"2515",0.00260069000643843
"2516",0.000694175263958589
"2517",0.000694175263958589
"2518",0.000694175263958589
"2519",0.00114385497261646
"2520",0.000694175263958589
"2521",0.000694175263958589
"2522",0.000694175263958589
"2523",0.00107810779418599
"2524",0.000694175263958589
"2525",0.000694175263958589
"2526",0.000694175263958589
"2527",0.000694175263958589
"2528",0.000694175263958589
"2529",0.00114385497261646
"2530",0.000694175263958589
"2531",0.000694175263958589
"2532",0.00115621628260365
"2533",0.000383932530227403
"2534",0.000383932530227403
"2535",0.000383932530227403
"2536",0.000383932530227403
"2537",0.000383932530227403
"2538",0.00083361223888527
"2539",0.000383932530227403
"2540",0.000383932530227403
"2541",0.000383932530227403
"2542",0.000383932530227403
"2543",0.000383932530227403
"2544",0.000383932530227403
"2545",0.000383932530227403
"2546",0.000383932530227403
"2547",0.000383932530227403
"2548",0.000383932530227403
"2549",0.00281144137286722
"2550",0.000462041018645064
"2551",0.0019846232308975
"2552",0.000462041018645064
"2553",0.000462041018645064
"2554",0.000462041018645064
"2555",0.000462041018645064
"2556",0.000462041018645064
"2557",0.000462041018645064
"2558",0.000462041018645064
"2559",0.000462041018645064
"2560",0.000968686084713665
"2561",0.000968686084713665
"2562",0.000462041018645064
"2563",0.000968686084713665
"2564",0.000968686084713665
"2565",0.000462041018645064
"2566",0.000462041018645064
"2567",0.000968686084713665
"2568",0.000462041018645064
"2569",0.0014779781648289
"2570",0.000462041018645064
"2571",0.000462041018645064
"2572",0.000968686084713665
"2573",0.000462041018645064
"2574",0.000968686084713665
"2575",0.000462041018645064
"2576",0.000462041018645064
"2577",0.000968686084713665
"2578",0.000968686084713665
"2579",0.000462041018645064
"2580",0.00339619492735348
"2581",0.00339619492735348
"2582",0.000462041018645064
"2583",0.000462041018645064
"2584",0.000462041018645064
"2585",0.000462041018645064
"2586",0.000968686084713665
"2587",0.00150012436655882
"2588",0.00150012436655882
"2589",0.00150012436655882
"2590",0.00150012436655882
"2591",0.00392763320919864
"2592",0.00150012436655882
"2593",0.00150012436655882
"2594",0.00150012436655882
"2595",0.00150012436655882
"2596",0.00150012436655882
"2597",0.00150012436655882
"2598",0.00150012436655882
"2599",0.00392763320919864
"2600",0.00150012436655882
"2601",0.00150012436655882
"2602",0.00150012436655882
"2603",0.00150012436655882
"2604",0.00150012436655882
"2605",0.00150012436655882
"2606",0.00150012436655882
"2607",0.00150012436655882
"2608",0.00150012436655882
"2609",0.00150012436655882
"2610",0.00150012436655882
"2611",0.00150012436655882
"2612",0.000260806450377448
"2613",0.000260806450377448
"2614",0.000506645066068601
"2615",0.000506645066068601
"2616",0.000506645066068601
"2617",0.000506645066068601
"2618",0.000506645066068601
"2619",0.000506645066068601
"2620",0.000506645066068601
"2621",0.000506645066068601
"2622",0.000506645066068601
"2623",0.000506645066068601
"2624",0.000506645066068601
"2625",0.000506645066068601
"2626",0.000506645066068601
"2627",0.000506645066068601
"2628",0.000506645066068601
"2629",0.000506645066068601
"2630",0.000506645066068601
"2631",0.000506645066068601
"2632",0.000506645066068601
"2633",0.000506645066068601
"2634",0.000506645066068601
"2635",0.000506645066068601
"2636",0.000506645066068601
"2637",0.00293415390870842
"2638",0.000506645066068601
"2639",0.000506645066068601
"2640",0.000506645066068601
"2641",0.000506645066068601
"2642",0.000506645066068601
"2643",0.000506645066068601
"2644",0.000506645066068601
"2645",0.000506645066068601
"2646",0.000506645066068601
"2647",0.000506645066068601
"2648",0.000506645066068601
"2649",0.000506645066068601
"2650",0.000506645066068601
"2651",0.000506645066068601
"2652",0.000506645066068601
"2653",0.000506645066068601
"2654",0.000506645066068601
"2655",0.000506645066068601
"2656",0.000506645066068601
"2657",0.000506645066068601
"2658",0.000506645066068601
"2659",0.000506645066068601
"2660",0.000506645066068601
"2661",0.000506645066068601
"2662",0.000506645066068601
"2663",0.000506645066068601
"2664",0.000506645066068601
"2665",0.000506645066068601
"2666",0.000506645066068601
"2667",0.000506645066068601
"2668",0.000506645066068601
"2669",0.000506645066068601
"2670",0.000506645066068601
"2671",0.000506645066068601
"2672",0.000506645066068601
"2673",0.000506645066068601
"2674",0.000506645066068601
"2675",0.000506645066068601
"2676",0.00152258221225244
"2677",0.000506645066068601
"2678",0.000506645066068601
"2679",0.000506645066068601
"2680",0.000506645066068601
"2681",0.000506645066068601
"2682",0.000506645066068601
"2683",0.000506645066068601
"2684",0.000506645066068601
"2685",0.00242750884263982
"2686",0.00242750884263982
"2687",0.00242750884263982
"2688",0.00242750884263982
"2689",0.00242750884263982
"2690",0.00242750884263982
"2691",0.00242750884263982
"2692",0.00242750884263982
"2693",0.00242750884263982
"2694",0.00242750884263982
"2695",0.00242750884263982
"2696",0.00242750884263982
"2697",0.00242750884263982
"2698",0.00242750884263982
"2699",0.00242750884263982
"2700",0.00242750884263982
"2701",0.00242750884263982
"2702",0.00242750884263982
"2703",0.00242750884263982
"2704",0.00242750884263982
"2705",0.00242750884263982
"2706",0.00242750884263982
"2707",0.00242750884263982
"2708",0.00242750884263982
"2709",0.00242750884263982
"2710",0.00242750884263982
"2711",0.00242750884263982
"2712",0.00242750884263982
"2713",0.00242750884263982
"2714",0.00242750884263982
"2715",0.00242750884263982
"2716",0.00242750884263982
"2717",0.00242750884263982
"2718",0.00242750884263982
"2719",0.00242750884263982
"2720",0.00242750884263982
"2721",0.00242750884263982
"2722",0.00242750884263982
"2723",0.00242750884263982
"2724",0.00101593714618384
"2725",0.00101593714618384
"2726",0.00101593714618384
"2727",0.00101593714618384
"2728",0.00101593714618384
"2729",0.00101593714618384
"2730",0.00146561685484171
"2731",0.00146561685484171
"2732",0.00101593714618384
"2733",0.00101593714618384
"2734",0.00101593714618384
"2735",0.00101593714618384
"2736",0.00101593714618384
"2737",0.00146561685484171
"2738",0.00101593714618384
"2739",0.00101593714618384
"2740",0.00101593714618384
"2741",0.00101593714618384
"2742",0.00101593714618384
"2743",0.00146561685484171
"2744",0.00101593714618384
"2745",0.000449679708657868
"2746",0.000449679708657868
"2747",0.000449679708657868
"2748",0.000449679708657868
"2749",0.000449679708657868
"2750",0.000449679708657868
"2751",0.000449679708657868
"2752",0.0288541831108893
"2753",0.107437899214337
"2754",0.290150659892189
"2755",0.289290728736255
"2756",0.28596199188453
"2757",0.158159065575181
"2758",0.208709874571517
"2759",0.418510173202521
"2760",0.185243283467862
"2761",0.190335462647631
"2762",0.00118878262084609
"2763",0.277112374375344
"2764",0.192602375392779
"2765",0.0172723372861142
"2766",0.00176364512883867
"2767",0.00945677654857767
"2768",0.0136827921845164
"2769",0.024943771820901
"2770",0.0416580659409533
"2771",0.0552574755755371
"2772",0.159276152753778
"2773",0.221376275730997
"2774",0.013472416413593
"2775",0.775503199312087
"2776",0.592669602849853
"2777",0.119739163366713
"2778",0.089059297435174
"2779",0.106386265609911
"2780",0.0237179174655345
"2781",0.0783280449806333
"2782",0.061209044725996
"2783",0.166552390785894
"2784",0.0789673954315857
"2785",0.617067819061028
"2786",0.0433807274456377
"2787",0.00934200238788356
"2788",1
"2789",0.603530032630695
"2790",0.874739969486821
"2791",0.0746516477838874
"2792",0.617968651734137
"2793",0.988176645626168
"2794",0.174377799491366
"2795",0.0208556648843059
"2796",0.00885182606769004
"2797",0.00146193586993228
